адреса	а́дреса		 вашего
адреса	а́дреса		 до
адреса	а́дреса		 не спросил
адреса	а́дреса		 нет
адреса	а́дреса	без 	
адреса	а́дреса	без марок и 	
адреса	а́дреса	буквы 	
адреса	а́дреса	ввода 	
адреса	а́дреса	искомого 	
адреса	а́дреса	не знав 	
адреса	а́дреса	не знает 	
адреса	а́дреса	не знал 	
адреса	а́дреса	не знать 	
адреса	а́дреса	нет 	
адреса	а́дреса	ни 	
адреса	а́дреса	обратного 	
адреса	а́дреса	оставлял ему 	
адреса	а́дреса	подтверждения 	
адреса	а́дреса	поле 	
адреса	а́дреса	такого 	
адреса	а́дреса	указанием 	
адреса	а́дреса	указанного 	
адреса	а́дреса	я не знаю 	
адреса	адреса́		 ваши
адреса	адреса́		 всех
адреса	адреса́		 дал и телефоны
адреса	адреса́		 домашние
адреса	адреса́		 и телексы
адреса	адреса́		 и телефоны
адреса	адреса́		 и факсы
адреса	адреса́		 или телефоны
адреса	адреса́		 множества мест
адреса	адреса́		 найти можно
адреса	адреса́		 наши
адреса	адреса́		 сами
адреса	адреса́		 совпадают
адреса	адреса́		 электронной почты, предоставляемые
аду	а́ду	к 	
аду	а́ду	настоящему 	
аду	аду́	в 	
аду	аду́	в этом 	
аду	аду́	называемом 	
аду	аду́	человеческом 	
аду	аду́	черти в 	
аминокислоты	аминокислоты́	четыре 	
антитела	антитела́		 ваши
антитела	антитела́		 наши
антитела	антитела́		 сами
антитела	антитела́	в 	
антитела	антитела́	ваши 	
антитела	антитела́	за 	
антитела	антитела́	наши 	
антитела	антитела́	об 	
антитела	антитела́	под 	
антитела	антитела́	сами 	
антитела	антитела́	сквозь 	
антитела	антитела́	те 	
антитела	антитела́	через 	
антитела	антитела́	эти 	
атлас	а́тлас		 дорог
атласе	а́тласе		 дорог
атласом	атла́сом		 двери
атласом	атла́сом	обитый 	
аэропорту	аэропорту́	в 	
аэропорту	аэропорту́	в шайенском 	
бабах	ба́бах	да на 	
бабах	ба́бах	на 	
бабах	ба́бах	о 	
бабах	ба́бах	он - о 	
бабах	баба́х	большой 	
бабье	ба́бье		 лето
балу	ба́лу	к 	
балу	ба́лу	по 	
балу	балу́	на 	
бега	бе́га	быстрого 	
бега	бе́га	время 	
бега	бе́га	два 	
бега	бе́га	ихнего 	
бега	бе́га	моего 	
бега	бе́га	нашего 	
бега	бе́га	своего 	
бега	бе́га	твоего 	
бега	бе́га	часов 	
бега	бе́га	чьего та 	
бега	бе́га	этого 	
бега	бега́		 ваши
бега	бега́		 наши
бега	бега́		 сами
бега	бега́	в 	
бега	бега́	ваши 	
бега	бега́	замедлили 	
бега	бега́	замедляя 	
бега	бега́	крысиные 	
бега	бега́	лошадиные 	
бега	бега́	на 	
бега	бега́	наши 	
бега	бега́	продолжить 	
бега	бега́	прошлогодние 	
бега	бега́	собачьи 	
бега	бега́	через 	
бега	бега́	эти 	
бегом	бе́гом		 времени
бегом	бе́гом		 на длинные
бегом	бе́гом		 на длинные дистанции
бегом	бе́гом	бесконечным 	
бегом	бе́гом	бешеным 	
бегом	бе́гом	волчьим 	
бегом	бе́гом	занимался 	
бегом	бе́гом	занимаются 	
бегом	бе́гом	косящим 	
бегом	бе́гом	минут 	
бегом	бе́гом	мягким 	
бегом	бе́гом	перемещался 	
бегом	бе́гом	простым 	
бегом	бего́м		 в
бегом	бего́м		 к вам
бегом	бего́м		 марш
бегом	бего́м		 она поднялась
бегом	бего́м		 по лестнице
бегом	бего́м		 припустил
бегом	бего́м		 так [homo] бегом [/homo].
бегом	бего́м		 тикать
бегом	бего́м		, [homo] бегом [/homo]
бегом	бего́м	а дальше - 	
бегом	бего́м	бросился 	
бегом	бего́м	быстрее, 	
бегом	бего́м	вверх 	
бегом	бего́м	вверх - 	
бегом	бего́м	вернулся 	
бегом	бего́м	за мной, 	
бегом	бего́м	чуть ли не 	
бегу	бе́гу		 времени
бегу	бе́гу	мешающие 	
бегу	бе́гу	отдаваемое 	
бегу	бе́гу	по 	
бегу	бегу́		 к овощной базе
бегу	бегу́		 на звуки
бегу	бегу́	на 	
бегу	бегу́	на 	 в окна,
бегу	бегу́	на 	 врезался
бегу	бегу́	снова 	
бегу	бегу́	хватаю винторез и 	
бегу	бегу́	что 	
бегу	бегу́	я 	
бедра	бедра́	в районе 	
бедра	бедра́	верхней части 	
бедра	бедра́	внутренней стороне 	
бедра	бедра́	возле 	
бедра	бедра́	до 	 ноги
бедра	бедра́	от 	
бедра	бедра́	самого 	
бедра	бедра́	собственного 	
бедра	бё́дра		 и бока
бедра	бё́дра		 и попку
бедра	бё́дра		 и ягодицы
бедра	бё́дра		 мягко ткнулись
бедра	бё́дра		 стройные
бедра	бё́дра		 шире
бедра	бё́дра		 широкие
бедра	бё́дра	в 	
бедра	бё́дра	груди и снова 	
бедра	бё́дра	груди, 	
бедра	бё́дра	задвигались 	
бедра	бё́дра	зрелые 	
бедра	бё́дра	круглые 	
бедра	бё́дра	массировать 	
бедра	бё́дра	мои 	
бедра	бё́дра	на 	
бедра	бё́дра	наши 	
бедра	бё́дра	свои 	
бедра	бё́дра	твои 	
бедра	бё́дра	те 	
бедра	бё́дра	чьи та 	
бедра	бё́дра	шею и 	
бедра	бё́дра	эти 	
бедра	бё́дра	ягодицы и 	
беды	бе́ды		 большие
беды	бе́ды		 ваши
беды	бе́ды		 и неприятности
беды	бе́ды		 и несчастья
беды	бе́ды		 и тревоги
беды	бе́ды		 наши
беды	бе́ды		 неприятности
беды	бе́ды		 сами
беды	бе́ды		 страны
беды	бе́ды	бесчисленные 	
беды	бе́ды	в 	
беды	бе́ды	ваши 	
беды	бе́ды	войны и 	
беды	бе́ды	все 	
беды	бе́ды	горести и 	
беды	бе́ды	их 	 не
беды	бе́ды	минут 	
беды	бе́ды	нас 	 не
беды	бе́ды	отгоняла 	
беды	бе́ды	скорби и 	
беды	бе́ды	терпим 	
беды	бе́ды	только 	
беды	бе́ды	ускоряет 	
беды	бе́ды	через 	
беды	бе́ды	эти 	
беды	бе́ды	это не 	
беды	беды́		 не будет
беды	беды́		 не ждал
беды	беды́		 не миновать
беды	беды́		 нет
беды	беды́		 пока не
беды	беды́	близкой 	
беды	беды́	большой 	
беды	беды́	в случае 	
беды	беды́	всякой 	
беды	беды́	до 	
беды	беды́	знаком 	
беды	беды́	и 	 от этого
беды	беды́	из 	
беды	беды́	любой 	
беды	беды́	лютой 	
беды	беды́	настоящей 	
беды	беды́	никакой 	
беды	беды́	общей 	
беды	беды́	одной 	
беды	беды́	от 	
беды	беды́	следующей 	
беды	беды́	собственной 	
беды	беды́	фортом 	
беды	беды́	хочу 	
беды	беды́	чужой 	
беды	беды́	этой 	
бела	бе́ла		 дня
бела	бе́ла	среди 	 дня
бела	бе́ла	средь 	 дня
белка	бе́лка		 стрелка
белка	бе́лка	что, 	
белка	белка́		 животного
белка	белка́		 и желтка
белка	белка́		 не было
белка	белка́		 небыло
белка	белка́	без 	
белка	белка́	вашего 	
белка	белка́	вдоль 	
белка	белка́	из 	
белка	белка́	избегайте 	
белка	белка́	искусственного 	
белка	белка́	кладезь 	
белка	белка́	кусок 	
белка	белка́	моего 	
белка	белка́	молекул 	
белка	белка́	молекула 	
белка	белка́	молекулу 	
белка	белка́	молекулы 	
белка	белка́	нашего 	
белка	белка́	нет 	
белка	белка́	ни 	
белка	белка́	окружении 	
белка	белка́	от 	
белка	белка́	пищевого 	
белка	белка́	полоска 	
белка	белка́	потерей 	
белка	белка́	похожего 	
белка	белка́	с 	
белка	белка́	своего 	
белка	белка́	сворачивание 	
белка	белка́	сворачиванием 	
белка	белка́	сворачиванию 	
белка	белка́	сворачивания 	
белка	белка́	схожего 	
белка	белка́	твоего 	
белка	белка́	у 	
белками	белка́ми		 глаз
белками	белка́ми		 закатившихся
белке	белке́	вашем 	
белке	белке́	животном 	
белке	белке́	каком 	
белке	белке́	моем 	
белке	белке́	молочном 	
белке	белке́	мясном 	
белке	белке́	на 	 у
белке	белке́	нашем 	
белке	белке́	питательном 	
белке	белке́	подобном 	
белке	белке́	полезном 	
белке	белке́	похожем 	
белке	белке́	растительном 	
белке	белке́	сетчатку на 	
белке	белке́	синтезированном 	
белке	белке́	синтетическом 	
белке	белке́	соевом 	
белке	белке́	специфическом 	
белке	белке́	схожем 	
белке	белке́	таком 	
белке	белке́	творожном 	
белке	белке́	том 	
белке	белке́	ценном 	
белке	белке́	этом 	
белке	белке́	яичном 	
белки	бе́лки	шустрые 	
белки	белки́		 быстро наливались
белки	белки́		 выпученных
белки	белки́		 глаз
белки	белки́		 его
белки	белки́		 и аминокислоты
белки	белки́		 и зрачки
белки	белки́		 и зубы
белки	белки́		 и углеводы
белки	белки́		 их были
белки	белки́		 остались чуточку
белки	белки́		 пронизаны
белки	белки́		 пропали
белки	белки́		 стали огромными
белки	белки́		 ферменты
белки	белки́	было видно 	
белки	белки́	виднелись только 	
белки	белки́	видны лишь 	
белки	белки́	видны только 	
белки	белки́	выделили 	
белки	белки́	известные нам 	
белки	белки́	как снег, 	
белки	белки́	легкоусваиваемые 	
белки	белки́	синтетические 	
белки	белки́	специальные 	
белки	белки́	темно синие 	
белки	белки́	только белые 	
белку	бе́лку	на 	
бело	бе́ло	черно 	
бело	бело́		
бело	бело́		 в душе
бело	бело́	белым 	
белок	бе́лок		 летяг
белок	бе́лок	бобров, 	
белок	бе́лок	кроликов и 	
белок	бело́к	какой он 	
белок	бело́к	это 	
бельма	бельма́		 глаза
бельма	бельма́	четыре 	
берег	бе́рег		 был
берег	бе́рег		 вздымался
берег	бе́рег		 выглядел
берег	бе́рег		 его когда то
берег	бе́рег		 его когда тоъ
берег	бе́рег		 его родины
берег	бе́рег		 и [homo] берег [/homo],
берег	бе́рег		 как [homo] берег [/homo]
берег	бе́рег		 моря
берег	бе́рег		 напротив
берег	бе́рег		 необитаемого
берег	бе́рег		 озера
берег	бе́рег		 озерца
берег	бе́рег		 остался
берег	бе́рег		 острова
берег	бе́рег		 покатый
берег	бе́рег		 пруда
берег	бе́рег		 реки
берег	бе́рег		 уже
берег	бе́рег	в 	
берег	бе́рег	в голову 	
берег	бе́рег	волны накатывали на 	
берег	бе́рег	линия - 	
берег	бе́рег	на 	
берег	бе́рег	на 	 толпы
берег	бе́рег	поливая 	
берег	бе́рег	рядом, 	
берег	бе́рег	чуть - и 	
берег	берё́г		 для
берег	берё́г		 до последнего
берег	берё́г		 дочь
берег	берё́г		 дыхание
берег	берё́г		 его
берег	берё́г		 запас
берег	берё́г		 здоровье
берег	берё́г		 именно
берег	берё́г		 их
берег	берё́г		 как
берег	берё́г		 как талисман
берег	берё́г		 людей
берег	берё́г		 меня
берег	берё́г		 на племя
берег	берё́г		 напоследок
берег	берё́г		 от любых
берег	берё́г		 покой
берег	берё́г		 ребра
берег	берё́г		 руки
берег	берё́г		 свою
берег	берё́г		 себя
берег	берё́г		 силы
берег	берё́г	бою 	
берег	берё́г	великодушно 	
берег	берё́г	всячески 	
берег	берё́г	голову 	
берег	берё́г	давно и 	 в
берег	берё́г	значит, 	
берег	берё́г	кто 	 того
берег	берё́г	он 	
берег	берё́г	он 	 раненую
берег	берё́г	себя 	
берег	берё́г	так 	
берег	берё́г	чем 	
берег	берё́г	что 	 для
берег	берё́г	я 	
берег	берё́г	я 	 их
берег	берё́г	явно 	
берега	бе́рега		 к берегу
берега	бе́рега		 острова
берега	бе́рега		 реки
берега	бе́рега		 то острова
берега	бе́рега	бетонного 	
берега	бе́рега	в виду 	
берега	бе́рега	в направлении 	
берега	бе́рега	в тени 	
берега	бе́рега	вдоль 	
берега	бе́рега	вдоль 	 заводи
берега	бе́рега	вдоль 	 озера
берега	бе́рега	вдоль 	 реки
берега	бе́рега	виду 	
берега	бе́рега	возле 	
берега	бе́рега	всего 	
берега	бе́рега	до 	
берега	бе́рега	до 	 острова
берега	бе́рега	до 	 реки
берега	бе́рега	достигли 	
берега	бе́рега	достигли 	 реки
берега	бе́рега	другого 	
берега	бе́рега	край 	
берега	бе́рега	краю 	
берега	бе́рега	морского 	
берега	бе́рега	от 	
берега	бе́рега	от 	 краю
берега	бе́рега	от 	 озера
берега	бе́рега	от 	 реки
берега	бе́рега	от 	 сердца
берега	бе́рега	очертания 	
берега	бе́рега	песчаного 	
берега	бе́рега	полоса 	
берега	бе́рега	родного 	
берега	бе́рега	с 	
берега	бе́рега	с 	 в
берега	бе́рега	с 	 к
берега	бе́рега	с 	 на
берега	бе́рега	с 	 острова
берега	бе́рега	самого 	
берега	бе́рега	северного 	
берега	бе́рега	со стороны 	
берега	бе́рега	стены 	
берега	бе́рега	того 	 реки
берега	бе́рега	у 	
берега	бе́рега	у 	 волны
берега	бе́рега	фоне 	
берега	бе́рега	часть 	
берега	бе́рега	чуть выше 	
берега	бе́рега	этого 	
берега	берега́		 - сплошь
берега	берега́		 ваши
берега	берега́		 времени
берега	берега́		 наши
берега	берега́		 помоему
берега	берега́		 сами
берега	берега́		 уже
берега	берега́	а 	 чем
берега	берега́	били в 	
берега	берега́	бьющее в 	
берега	берега́	в 	
берега	берега́	ваши 	
берега	берега́	высматривая 	
берега	берега́	высокие 	
берега	берега́	илистые 	
берега	берега́	кинув 	
берега	берега́	моря 	
берега	берега́	на 	
берега	берега́	на 	 озера
берега	берега́	наши 	
берега	берега́	оживляли 	
берега	берега́	окаймляли 	
берега	берега́	охватило 	
берега	берега́	покрыла 	
берега	берега́	поросшие деревьями 	
берега	берега́	поросшие джунглями 	
берега	берега́	прекрасной красоты 	
берега	берега́	размытые 	
берега	берега́	реки в 	
берега	берега́	соединил 	
берега	берега́	соединит 	
берега	берега́	соединявшему 	
берега	берега́	через 	
берега	берега́	эти 	
берегу	бе́регу		 моря
берегу	бе́регу		 озера
берегу	бе́регу		 реки
берегу	бе́регу	берега к 	
берегу	бе́регу	воде и 	
берегу	бе́регу	восточному 	
берегу	бе́регу	к 	
берегу	бе́регу	к 	 заводи
берегу	бе́регу	к 	 краю
берегу	бе́регу	к 	 моря
берегу	бе́регу	к 	 озера
берегу	бе́регу	к 	 острова
берегу	бе́регу	к 	 реки
берегу	бе́регу	отвесному 	
берегу	бе́регу	по 	
берегу	бе́регу	по 	 моря
берегу	бе́регу	по 	 озера
берегу	бе́регу	правому 	
берегу	бе́регу	правому 	 реки
берегу	бе́регу	самому 	
берегу	бе́регу	северному 	
берегу	бе́регу	этому 	
берегу	бе́регу	южному 	
берегу	берегу́		 для
берегу	берегу́		 и несу
берегу	берегу́		 их
берегу	берегу́	баварском 	
берегу	берегу́	высоком 	
берегу	берегу́	другом 	
берегу	берегу́	другом его 	
берегу	берегу́	западном 	
берегу	берегу́	каждом 	
берегу	берегу́	красавицу я 	
берегу	берегу́	морском 	
берегу	берегу́	на 	
берегу	берегу́	на 	 леса
берегу	берегу́	на 	 моря
берегу	берегу́	на 	 озера
берегу	берегу́	на 	 реки
берегу	берегу́	на 	 стоит
берегу	берегу́	на борту и 	
берегу	берегу́	на самом 	
берегу	берегу́	противоположном 	
берегу	берегу́	противоположном 	 реки
берегу	берегу́	самом 	
берегу	берегу́	стоит на 	
берегу	берегу́	стоит на 	 реки
берегу	берегу́	стоящий на 	
берегу	берегу́	том 	
берегу	берегу́	уже почти все на 	
берегу	берегу́	этом 	
берегу	берегу́	южном 	
берегу	берегу́	я 	
берегу	берегу́	я 	 тебя
берегу	берегу́	я их 	
берете	бере́те	в бархатном 	
берете	бере́те	вашем 	
берете	бере́те	красном 	
берете	бере́те	моем 	
берете	бере́те	о 	
берете	бере́те	синим 	
берете	бере́те	том 	
берете	бере́те	этом 	
берете	берё́те		 значит
берете	берё́те		 мой меч
берете	берё́те		 на
берете	берё́те		 оплату
берете	берё́те	в плен 	
берете	берё́те	взятки 	
берете	берё́те	вы 	
берете	берё́те	где 	
берете	берё́те	озера 	
берете	берё́те	что 	
блага	бла́га	высшего 	
блага	бла́га	же 	
блага	блага́		 цивилизации
благом	бла́гом	великим 	
благом	бла́гом	высшим 	
благом	благо́м		 деле
благом	благо́м	в 	
благом	благо́м	о 	
блохи	бло́хи	а то 	
блохи	блохи́	из 	
блохи	блохи́	четыре 	
блюду	блю́ду	сему 	
богаче	бога́че	гораздо 	
богаче	бога́че	земли 	
богаче	бога́че	нежнее и 	
богаче	бога́че	он 	
богаче	бога́че	она 	
богаче	бога́че	они 	
богаче	бога́че	род 	
богаче	бога́че	стала 	
богаче	бога́че	станет 	
богаче	бога́че	тем 	 земли
богаче	бога́че	это 	
богаче	богаче́	бедняке и 	
богаче	богаче́	на 	
богаче	богаче́	о 	
бойком	бойко́м	спиленным 	
бойком	бойко́м	удара 	
бока	бо́ка		 и спины
бока	бо́ка	вдоль 	
бока	бо́ка	вертикального 	
бока	бо́ка	какого 	
бока	бо́ка	пролив - 	
бока	бо́ка	с другого 	
бока	бо́ка	с правого 	
бока	бо́ка	четыре 	
бока	бо́ка	шеи и 	
бока	бока́		 и спину
бока	бока́		 наедать
бока	бока́		 распирало
бока	бока́		 тяжело вздымались
бока	бока́	а 	
бока	бока́	бедра и 	
бока	бока́	в 	
бока	бока́	в его 	
бока	бока́	все 	
бока	бока́	ей 	
бока	бока́	жал 	
бока	бока́	обтекает его 	
бока	бока́	огладила 	
бока	бока́	руки в 	
бока	бока́	сжала 	
бока	бока́	стоит 	
бока	бока́	щекотал 	
боку	бо́ку	самого 	
боку	боку́	в 	
боку	боку́	в 	 боли
боку	боку́	в его 	
боку	боку́	другом 	
боку	боку́	левом 	
боку	боку́	лежали на 	
боку	боку́	на 	
боку	боку́	с 	 на бок
болей	бо́лей		 в
болей	бо́лей		 чем
болей	бо́лей	но 	
болей	бо́лей	от 	
болей	боле́й	иди, 	
болей	боле́й	не 	
большая	бо́льшая		 же часть
большая	бо́льшая		 или меньшая
большая	бо́льшая		 половина
большая	бо́льшая		 часть
большая	бо́льшая		 часть лагеря
большая	бо́льшая		 часть скалы
большая	бо́льшая		 часть стены
большая	бо́льшая		 часть стрелок
большая	бо́льшая		 чем
большая	бо́льшая	в два 	
большая	бо́льшая	в шесть раз 	
большая	бо́льшая	гораздо 	
большая	бо́льшая	еще 	
большая	бо́льшая	куда 	
большая	бо́льшая	намного 	
большая	бо́льшая	раз 	
большая	бо́льшая	тем 	
большая	бо́льшая	чуть 	
большая	больша́я		 волна
большая	больша́я		 ошибка
большая	больша́я		 честь
большая	больша́я	довольно 	
большая	больша́я	очень 	
большие	бо́льшие		 или меньшие
большие	бо́льшие	гораздо 	
большие	бо́льшие	значительно 	
большие	бо́льшие	куда 	
большие	бо́льшие	намного 	
большие	бо́льшие	несколько 	
большие	бо́льшие	несравненно 	
большие	бо́льшие	прощали и 	
большие	бо́льшие	существенно 	
большие	бо́льшие	тем 	
большие	бо́льшие	тем 	 они
большие	бо́льшие	тысячекратно 	
большие	бо́льшие	чем 	 нападают
большие	больши́е		 глаза
большие	больши́е		 глубины
большие	больши́е		 дела
большие	больши́е		 дома
большие	больши́е		 дороги
большие	больши́е		 звезды
большие	больши́е		 отмели
большие	больши́е		 поля
большие	больши́е		 толпы
большие	больши́е	впрочем, 	
большие	больши́е	глубины 	
большие	больши́е	две 	 слезы
большие	больши́е	дома за заборами 	
большие	больши́е	на 	 скачки самому
большие	больши́е	плачу 	
большие	больши́е	срока были 	
большие	больши́е	считай 	 глотки
большие	больши́е	часы - 	
большим	бо́льшим		 и [homo] большим [/homo]
большим	бо́льшим		 или меньшим
большим	бо́льшим		 чем
большим	бо́льшим	а то и 	
большим	бо́льшим	в два раза 	
большим	бо́льшим	вдвое 	
большим	бо́льшим	все 	
большим	бо́льшим	втрое 	
большим	бо́льшим	гораздо 	
большим	бо́льшим	гораздо с 	
большим	бо́льшим	даже с 	
большим	бо́льшим	еще 	
большим	бо́льшим	значительно 	
большим	бо́льшим	как можно 	
большим	бо́льшим	куда 	
большим	бо́льшим	куда с 	
большим	бо́льшим	многократно 	
большим	бо́льшим	на порядки 	
большим	бо́льшим	намного 	
большим	бо́льшим	неизмеримо 	
большим	бо́льшим	несколько 	
большим	бо́льшим	несравнимо 	
большим	бо́льшим	обладает 	
большим	бо́льшим	раз 	
большим	бо́льшим	раза 	
большим	бо́льшим	с 	 количеством
большим	бо́льшим	с еще 	
большим	бо́льшим	с несколько 	
большим	бо́льшим	с тем 	
большим	бо́льшим	с чуть 	
большим	бо́льшим	стать 	 чем
большим	бо́льшим	стать 	 чем просто люди
большим	бо́льшим	тем 	 числом
большим	бо́льшим	чем 	
большим	бо́льшим	чем 	 знанием
большим	бо́льшим	чем-то 	
большим	бо́льшим	чуть 	
большим	бо́льшим	является чем-то 	
большим	бо́льшим	являются чем то 	
большим	бо́льшим	являются чем тоъ 	
большим	больши́м		 пре[homo] большим [/homo]
большим	больши́м	достаточно 	
большим	больши́м	с 	 трудом
большим	больши́м	самым 	
большим	больши́м	слишком 	
большими	бо́льшими	вдвое 	
большими	бо́льшими	втрое 	
большими	бо́льшими	гораздо 	
большими	бо́льшими	значительно 	
большими	бо́льшими	и чем 	
большими	бо́льшими	куда 	
большими	бо́льшими	немного 	
большими	бо́льшими	чем 	
большими	бо́льшими	чуть 	
большими	больши́ми	змеи с 	
большими	больши́ми	слишком 	
больших	бо́льших		 психов чем
больших	бо́льших		 результатов
больших	бо́льших	гораздо 	
больших	бо́льших	десятки раз 	
больших	бо́льших	еще 	
больших	бо́льших	куда 	
больших	бо́льших	меньших и 	
больших	бо́льших	неизмеримо 	
больших	бо́льших	раз 	
больших	бо́льших	чем 	
больших	больши́х		 мощностей
больших	больши́х		 сарая стоят
больших	больши́х		 слез
больших	больши́х	самых 	
больших	больши́х	стоит 	
большую	бо́льшую		 же часть
большую	бо́льшую		 или меньшую
большую	бо́льшую		 по
большую	бо́льшую		 половину
большую	бо́льшую		 часть
большую	бо́льшую		 часть времени
большую	бо́льшую	в 	 сторону
большую	бо́льшую	вдвое 	
большую	бо́льшую	видел 	 дурость
большую	бо́льшую	все 	
большую	бо́льшую	гораздо 	
большую	бо́льшую	даже 	
большую	бо́льшую	едва ли не 	
большую	бо́льшую	еще 	
большую	бо́льшую	значительно 	
большую	бо́льшую	значительно 	 степень
большую	бо́льшую	как можно 	
большую	бо́льшую	крат 	
большую	бо́льшую	куда 	
большую	бо́льшую	много 	
большую	бо́льшую	намного 	
большую	бо́льшую	несколько 	
большую	бо́льшую	порядок 	
большую	бо́льшую	раз 	
большую	бо́льшую	раза 	
большую	бо́льшую	существенно 	
большую	бо́льшую	тем 	
большую	бо́льшую	чуть 	
большую	большу́ю		 глубину
большую	большу́ю	с 	
большую	большу́ю	слишком 	
борзых	бо́рзых		 и беспредельных
борзых	бо́рзых		 фраерах
борзых	бо́рзых	наиболее 	
борзых	бо́рзых	новых 	
бороды	бо́роды	щетина и 	
бороды	бороды́		 и усов
бороды	бороды́		 нет
бороды	бороды́	без 	
бороды	бороды́	белоснежной 	
бороды	бороды́	великолепной 	
бороды	бороды́	вокруг его головы и 	
бороды	бороды́	волос и 	
бороды	бороды́	волосы 	
бороды	бороды́	дебрях 	
бороды	бороды́	заросли 	
бороды	бороды́	из 	
бороды	бороды́	на фоне 	
бороды	бороды́	нет 	
бороды	бороды́	остроконечной 	
бороды	бороды́	с 	
бороды	бороды́	своей 	
бороды	бороды́	синей 	
бороды	бороды́	усов и 	
бороды	бороды́	форма 	
бороды	бороды́	четыре 	
бороды	бороды́	эффект 	
борозды	бо́розды		 и ямы
борозды	бо́розды		 царапины
борозды	борозды́	глубины 	
борозды	борозды́	конь 	
борозды	борозды́	четыре 	
борта	бо́рта		 катера
борта	бо́рта	вдоль 	
борта	бо́рта	деревянного 	
борта	бо́рта	знакомого, вроде бы, 	
борта	бо́рта	катера 	
борта	бо́рта	краю 	
борта	бо́рта	края 	
борта	бо́рта	на краю 	
борта	бо́рта	подветренного 	
борта	бо́рта	с 	 крейсера
борта	бо́рта	с 	 на борт
борта	бо́рта	сети 	
борта	бо́рта	того же 	
борта	бо́рта	у 	 крейсера
борта	бо́рта	у самого 	
борта	борта́		 ваши
борта	борта́		 и потолок
борта	борта́		 лодки стали тереться
борта	борта́		 лодок
борта	борта́		 наши
борта	борта́		 сами
борта	борта́		 стоящей
борта	борта́		 сходились
борта	борта́	в 	
борта	борта́	ваши 	
борта	борта́	защищать 	
борта	борта́	о 	
борта	борта́	об его 	
борта	борта́	обшарпанные 	
борта	борта́	пробить 	
борта	борта́	стальные 	
борта	борта́	тени 	
борта	борта́	через 	
борта	борта́	эти 	
борту	бо́рту	левому 	
борту	бо́рту	наветренному 	
борту	бо́рту	по 	
борту	бо́рту	правому 	
борту	борту́		 катера
борту	борту́		 крейсера
борту	борту́	в 	
борту	борту́	другом 	
борту	борту́	к самому 	
борту	борту́	на 	
борту	борту́	на 	 и берегу
борту	борту́	на 	 катера
борту	борту́	на его 	
борту	борту́	на правом 	
борту	борту́	тела на 	
бору	бо́ру	из 	
бочка	бо́чка	словно 	
бочки	бо́чки		 оставались
бочки	бо́чки		 с
бочки	бо́чки	бездонные 	
бочки	бо́чки	выкатывались 	
бочки	бо́чки	делают 	
бочки	бо́чки	коньячной 	
бочки	бо́чки	находятся 	
бочки	бо́чки	опустевшие 	
бочку	бо́чку	каждую 	
бочку	бо́чку	эту 	
бою	бо́ю		 надлежит
бою	бо́ю	голоду, 	
бою	бо́ю	к 	
бою	бо́ю	к 	 копья
бою	бо́ю	ордена 	
бою	бо́ю	парному 	
бою	бо́ю	учили 	
бою	бо́ю	честному 	
бою	бою́		 берег
бою	бою́	ближнем 	
бою	бою́	в 	
бою	бою́	в 	 стоишь
бою	бою́	в 	 стоишь.
бою	бою́	в 	 стрелка
бою	бою́	в открытом 	
бою	бою́	новом 	
бою	бою́	потерянной в 	 руки
бою	бою́	рукопашном 	
бою	бою́	этом 	
брани	бра́ни		 возвратились
брани	бра́ни	ведении внутренней 	
брани	бра́ни	день 	
брани	бра́ни	мои 	
брани	бра́ни	орудие 	
брани	бра́ни	поля 	
брани	бра́ни	помощником в 	
брани	бра́ни	прекращая 	
брани	бра́ни	причине 	
брани	бра́ни	сильный в 	
брани	бра́ни	среду 	
брани	бра́ни	ссоре или 	
брани	брани́	не 	
бревна	бревна́	вдоль 	
бревна	бревна́	вес 	
бревна	бревна́	взмах 	
бревна	бревна́	возле 	
бревна	бревна́	глазу 	
бревна	бревна́	громадного 	
бревна	бревна́	конец 	
бревна	бревна́	плавающего 	
бревна	бревна́	с края 	
бревна	бревна́	своего 	
бревна	бревна́	сторону 	
бревна	бревна́	четыре 	
бревна	брё́вна		 были уложены
бревна	брё́вна		 и доски
бревна	брё́вна		 и обломки
бревна	брё́вна		 и прочий хлам
бревна	брё́вна		 подожгли
бревна	брё́вна		 поплавки
бревна	брё́вна		 угрожающе трещали
бревна	брё́вна		-то те
бревна	брё́вна	будто 	
бревна	брё́вна	в 	 стены
бревна	брё́вна	валуны и 	
бревна	брё́вна	ворочать 	
бревна	брё́вна	доски и 	
бревна	брё́вна	скреплять 	
бревна	брё́вна	сучья, 	
бревна	брё́вна	чтобы 	 не расползлись
бреду	бре́ду	верить 	
бреду	бре́ду	сродни 	
бреду	бреду́	в 	
бреду	бреду́	в лихорадочном 	
бредя	бредя́		 вдоль
бреши	бре́ши		 в
бреши	бре́ши		 в стене
бреши	бре́ши	в 	
бреши	бре́ши	заделали 	
бреши	бре́ши	магнитные 	
бреши	бре́ши	огромные 	
бреши	бре́ши	организацию 	
бреши	бре́ши	первой 	
бреши	бре́ши	пространственные 	
бреши	бре́ши	рваные 	
бреши	бре́ши	через 	
бреши	бреши́	не 	
бродите	бро́дите	вы 	
бродите	бро́дите	сейчас 	
бронепоезда	бронепо́езда	колеса 	
бронепоезда	бронепоезда́		 - опасные
брони	бро́ни	великолепные 	
брони	бро́ни	кассами 	
брони	брони́		 у сталкеров нет
брони	брони́	лист 	
брони	брони́	листами 	
брони	брони́	лязг 	
брони	брони́	поверх 	
брони	брони́	слоем 	
брони	брони́	слоя 	
броском	бро́ском	в 	
броском	броско́м	коротким 	
броском	броско́м	перед 	
броском	броско́м	ускоренным 	
будите	бу́дите		 во мне
бурю	бу́рю		 чувств
бурю	бу́рю	целую 	
бухает	буха́ет		 он
бухает	буха́ет		 с
бухает	буха́ет	сам - не 	
бухали	бу́хали		 взрывы
бухали	буха́ли	не 	 здесь
бухали	буха́ли	явно 	
бухать	бу́хать	вот 	 перестали
бухать	бу́хать	тяжело 	
бухать	буха́ть		 не начал
бухать	буха́ть		 потянуло
бухают	буха́ют	где 	
быту	быту́	в 	
валите	ва́лите	сторону 	
валите	вали́те		 на хер
валите	вали́те	сунется - 	
валу	ва́лу		
валу	валу́	на 	
варвара	варва́ра		 петровна
варвара	варва́ра	любопытная 	
варваре	варва́ре		 петровне
варваре	варва́ре	любопытной 	
вари	ва́ри	безграмотности 	
варю	ва́рю		 и ту
варя	варя́		 на ужин
вводите	вво́дите		 его в
вводите	вво́дите	вы 	
вдовы	вдо́вы		 ваши
вдовы	вдо́вы		 наши
вдовы	вдо́вы		 сами
вдовы	вдо́вы	в 	
вдовы	вдо́вы	ваши 	
вдовы	вдо́вы	через 	
вдовы	вдо́вы	эти 	
вдовы	вдовы́		 офицера
вдовы	вдовы́	просьбу 	
вдовы	вдовы́	рассказ 	
вдовы	вдовы́	рукой 	
вдовы	вдовы́	руку 	
вдовы	вдовы́	тяжесть 	
ведение	ве́дение	в 	
ведение	ве́дение	в их 	
ведение	ве́дение	в наше 	
ведение	веде́ние	на 	
ведением	веде́нием		 хозяйства
ведении	ве́дении	в 	
ведении	ве́дении	в нашем 	
ведении	веде́нии	в его 	
ведении	веде́нии	при 	
ведению	веде́нию	благодаря 	
ведению	веде́нию	по 	
ведения	веде́ния		 боевых
ведения	веде́ния		 документации
ведения	веде́ния		 огня
ведения	веде́ния	для 	
ведения	веде́ния	методов 	
ведения	веде́ния	опыт 	
ведения	веде́ния	по способу 	
ведения	веде́ния	тактике 	 боя
ведом	ве́дом		 страх
ведом	ве́дом	ей 	
ведом	ве́дом	им 	
ведом	ве́дом	не 	
ведом	ве́дом	не будет 	
ведом	ве́дом	никому не 	
ведом	ве́дом	одному богу 	
ведом	ведо́м	заботливо 	
ведомая	ве́домая	не 	
ведомая	ве́домая	никому не 	
ведомого	ве́домого	не 	
ведомого	ведо́мого	ролью 	
ведомое	ве́домое	не 	
ведомое	ведо́мое	ложно 	
ведомой	ве́домой		 причине
ведомой	ве́домой	никому не 	
ведомой	ве́домой	причине, 	
ведомому	ве́домому		 только им
ведомы	ве́домы	не 	
ведомы	ве́домы	одному богу 	
ведомые	ве́домые		 только
ведомые	ве́домые	ему 	
ведомые	ве́домые	не 	
ведомые	ве́домые	никому не 	
ведомые	ведо́мые		 в
ведомые	ведо́мые		 ледовым
ведомые	ведо́мые		 мякишем
ведомые	ведо́мые	несколько раз 	
ведомый	ве́домый	не 	
ведомый	ведо́мый		 инстинктом
ведомый	ведо́мый		 на буксире
ведомый	ведо́мый		 на правом
ведомый	ведо́мый		 слева
ведомый	ведо́мый	ему 	
ведомым	ве́домым		 только ему
ведомым	ведо́мым		 другими
ведомыми	ведо́мыми		 только ему
ведомых	ве́домых	не 	
ведомых	ведо́мых		 машин
ведомых	ведо́мых		 самыми разнообразными
ведомых	ведо́мых		 снайпером
ведомых	ведо́мых	ей 	
ведомых	ведо́мых	им одним 	
ведомых	ведо́мых	оба 	
ведомых	ведо́мых	подтолкнул 	
ведра	ведра́		 воды
ведра	ведра́	лязг 	
ведра	ведра́	четыре 	
ведра	вё́дра		 от
ведра	вё́дра		 с засохшей
ведра	вё́дра		 таскать
ведра	вё́дра	в 	
ведра	вё́дра	в руки 	
ведра	вё́дра	все оставшиеся 	
ведра	вё́дра	и 	 с
ведра	вё́дра	наполняли водой 	
ведра	вё́дра	не выносил 	
ведра	вё́дра	опорожняя 	
ведра	вё́дра	попавшие на него 	
ведра	вё́дра	тазы, 	
ведра	вё́дра	таскаю 	
ведра	вё́дра	хватай 	
веера	ве́ера	краю 	
веера	веера́		 ваши
веера	веера́		 наши
веера	веера́		 сами
веера	веера́	в 	
веера	веера́	ваши 	
веера	веера́	на 	
веера	веера́	через 	
веера	веера́	эти 	
века	ве́ка		 уходящего
века	ве́ка	безопасного 	
века	ве́ка	более 	
века	ве́ка	больше 	
века	ве́ка	будущего 	
века	ве́ка	в конце 	
века	ве́ка	в начале 	
века	ве́ка	век от 	
века	ве́ка	вещей 	
века	ве́ка	волшебниц 	
века	ве́ка	восемнадцатого 	
века	ве́ка	восьмидесятого 	
века	ве́ка	восьмисотого 	
века	ве́ка	восьмого 	
века	ве́ка	второго 	
века	ве́ка	два 	
века	ве́ка	двадцатого 	
века	ве́ка	двенадцатого 	
века	ве́ка	двухсотого 	
века	ве́ка	девяностого 	
века	ве́ка	девятисотого 	
века	ве́ка	девятнадцатого 	
века	ве́ка	девятого 	
века	ве́ка	десятого 	
века	ве́ка	до 	
века	ве́ка	его щеки, его 	
века	ве́ка	из 	
века	ве́ка	испокон 	
века	ве́ка	медного 	
века	ве́ка	начала 	
века	ве́ка	начала двадцатого 	
века	ве́ка	начала двадцать первого 	
века	ве́ка	начале 	
века	ве́ка	нынешнего 	
века	ве́ка	одиннадцатого 	
века	ве́ка	от 	
века	ве́ка	первого 	
века	ве́ка	прошлого 	
века	ве́ка	пятидесятого 	
века	ве́ка	пятисотого 	
века	ве́ка	пятнадцатого 	
века	ве́ка	пятого 	
века	ве́ка	седьмого 	
века	ве́ка	семидесятого 	
века	ве́ка	семисотого 	
века	ве́ка	семнадцатого 	
века	ве́ка	следующего 	
века	ве́ка	сорокового 	
века	ве́ка	сотого 	
века	ве́ка	третьего 	
века	ве́ка	три 	
века	ве́ка	тридцатого 	
века	ве́ка	тринадцатого 	
века	ве́ка	тысячного 	
века	ве́ка	человеческого 	
века	ве́ка	четверть 	
века	ве́ка	четыре 	
века	ве́ка	четырнадцатого 	
века	ве́ка	шестидесятого 	
века	ве́ка	шестисотого 	
века	ве́ка	шестнадцатого 	
века	ве́ка	шестого 	
века	ве́ка	этого 	
века	века́		 ваши
века	века́		 за [homo] века [/homo]ми
века	века́		 и [homo] века [/homo]
века	века́		 и войны
века	века́		 и годы
века	века́		 наши
века	века́		 обращают к тем [homo] века [/homo]м
века	века́		 сами
века	века́		 существования
века	века́	бегут 	
века	века́	бесчисленные 	
века	века́	в 	
века	века́	ваши 	
века	века́	годы и 	
века	века́	годы, 	
века	века́	годы..., 	
века	века́	десятилетия и 	
века	века́	десятилетия, если не 	
века	века́	длящиеся 	
века	века́	долгие 	
века	века́	за 	
века	века́	звезды и 	
века	века́	и 	 назад
века	века́	идут 	
века	века́	между нами 	
века	века́	минувшие 	
века	века́	многие 	 назад
века	века́	на 	 и [homo] века [/homo]
века	века́	навещали 	
века	века́	не десяти летия, а 	
века	века́	недавние 	
века	века́	несмотря на 	
века	века́	переживут 	
века	века́	последние 	
века	века́	проносятся 	
века	века́	прошедшие 	
века	века́	сменились 	
века	века́	сменяли 	
века	века́	создал 	
века	века́	спустя 	
века	века́	средние 	
века	века́	существует 	
века	века́	хранилась 	
века	века́	через 	
века	века́	шли 	
века	века́	эти 	
векам	ве́кам		 подняться
векам	ве́кам		 раскрыться
векам	века́м	века обращают к тем 	
веками	ве́ками		 глаза
веками	ве́ками	верхними 	
веками	ве́ками	глаза 	
веками	ве́ками	движение 	
веками	ве́ками	за 	 прячутся
веками	ве́ками	закрываются 	
веками	ве́ками	морщинистыми 	
веками	ве́ками	низко нависшими 	
веками	ве́ками	под 	
веками	ве́ками	поднятыми 	
веками	ве́ками	прикрыл глаза 	
веками	ве́ками	прикрытыми 	
веками	ве́ками	толстыми 	
веками	ве́ками	хлопнул 	
веками	ве́ками	щель между 	
веками	века́ми		 вбиваемую
веками	века́ми		 пренебрегала
веками	века́ми		 проводило
веками	века́ми		 раньше
веками	века́ми		 слушал
веками	века́ми		 сопровождало
веками	века́ми		 таилось
веками	века́ми		 цветным расам твердили
веками	века́ми	века за 	
веками	века́ми	выверенный 	
веками	века́ми	измеряться 	
веках	ве́ках	до боли в 	
веках	ве́ках	закрытых 	
веках	ве́ках	на 	
веках	века́х	в 	
веках	века́х	в предшествующих 	
векселя	ве́кселя	два 	
векселя	векселя́	начали появляться 	
векселя	векселя́	появляться 	
веку	веку́	вашем 	
веку	веку́	на 	
велик	ве́лик		 - это
велик	ве́лик	дорогой 	
велик	вели́к	изрядно 	
велик	вели́к	космос 	
велик	вели́к	неоправданно 	
велик	вели́к	он 	
велика	ве́лика	до 	
велико	велико́	катастрофически 	
величины	величины́	большей 	
величины	величины́	до 	
величины	величины́	какой 	
величины	величины́	меньшей 	
величины	величины́	натуральной 	
величины	величины́	необычайной 	
величины	величины́	огромной 	
величины	величины́	первой 	
величины	величины́	плюсовой 	
величины	величины́	различной 	
величины	величины́	разной 	
величины	величины́	снижение 	
величины	величины́	средней 	
величины	величины́	такой же 	
величины	величины́	четыре 	
вензеля	ве́нзеля	именного 	
вензеля	вензеля́	выписывать 	
версты	версты́	ближе 	
версты	версты́	три 	
вертел	ве́ртел		 с куском
вертел	ве́ртел	вращая 	
вертел	верте́л		 в руках
вертел	верте́л		 головой
вертел	верте́л		 карты
вертел	верте́л		 на пальце
вертел	верте́л		 пустую
вертела	ве́ртела	с 	
вертела	верте́ла		 слова
вертела	верте́ла	секунд 	
верха	ве́рха		 стены
верха	ве́рха	без 	
верха	ве́рха	ни 	
верха	ве́рха	ощущение 	
верха	ве́рха	с 	
верха	ве́рха	с самого 	
верха	ве́рха	светлее 	
верха	ве́рха	у 	
верха	ве́рха	цвет 	
верха	верха́		
верха	верха́		 ваши
верха	верха́		 наши
верха	верха́	в 	
верха	верха́	ваши 	
верха	верха́	наши 	
верха	верха́	под 	
верха	верха́	сквозь 	
верха	верха́	те 	
верха	верха́	через 	
верха	верха́	эти 	
верхом	ве́рхом		 абсурда
верхом	ве́рхом		 арки
верхом	ве́рхом		 безрассудства
верхом	ве́рхом		 глупости
верхом	ве́рхом		 его мечтаний
верхом	ве́рхом		 идиотизма
верхом	ве́рхом		 которой
верхом	ве́рхом		 легкомыслия
верхом	ве́рхом		 наглости
верхом	ве́рхом		 наивности
верхом	ве́рхом		 неблагодарности
верхом	ве́рхом		 неосторожности
верхом	ве́рхом		 неприличия
верхом	ве́рхом		 несправедливости
верхом	ве́рхом		 неучтивости
верхом	ве́рхом		 палатки
верхом	ве́рхом		 трубы
верхом	ве́рхом		 эксцентричности
верхом	ве́рхом	было 	
верхом	ве́рхом	было бы 	
верхом	ве́рхом	высоким 	
верхом	ве́рхом	с 	
верхом	ве́рхом	синим 	
верхом	верхо́м		 и ехали
верхом	верхо́м		 на
верхом	верхо́м		 на кобыле
верхом	верхо́м		 отправитесь
верхом	верхо́м		 отправлялся
верхом	верхо́м		 туда
верхом	верхо́м	вскочить 	
верхом	верхо́м	выезжать 	
верху	ве́рху		
верху	ве́рху	всему 	
верху	ве́рху	до самого 	
верху	ве́рху	к самому 	
верху	ве́рху	с самого 	
верху	верху́		 плиты
верху	верху́		 стены
верху	верху́	в 	
верху	верху́	в самом 	
верху	верху́	на 	
верху	верху́	на 	 горы
верху	верху́	на 	 лестницы
верху	верху́	на 	 скалы
верху	верху́	на самом 	
верху	верху́	на самом 	 стены
верху	верху́	самом 	
верху	верху́	самом его 	
веса	ве́са		 тела
веса	ве́са	действие 	 ноги
веса	ве́са	действием 	 ноги
веса	ве́са	действии 	 ноги
веса	ве́са	действий 	 ноги
веса	ве́са	действию 	 ноги
веса	ве́са	действия 	 ноги
веса	ве́са	действиям 	 ноги
веса	ве́са	действиями 	 ноги
веса	ве́са	действиях 	 ноги
веса	ве́са	же 	
веса	ве́са	придать 	
веса	ве́са	придают 	
веса	ве́са	придают ей 	
веса	ве́са	придают ему 	
веса	ве́са	придают им 	
веса	веса́		 ваши
веса	веса́		 наши
веса	веса́		 сами
веса	веса́	в 	
веса	веса́	ваши 	
веса	веса́	наши 	
веса	веса́	о 	
веса	веса́	об 	
веса	веса́	под 	
веса	веса́	сами 	
веса	веса́	сквозь 	
веса	веса́	те 	
веса	веса́	через 	
веса	веса́	эти 	
весел	ве́сел		 и звонок
весел	ве́сел		 и здоров
весел	ве́сел		 и пьян
весел	ве́сел	бодр и 	
весел	ве́сел	здоров и 	
весел	ве́сел	свеж, 	
весел	вё́сел	без 	
весел	вё́сел	взмахами 	
весел	вё́сел	для 	
весел	вё́сел	пара 	
весел	вё́сел	парами 	
весел	вё́сел	пару 	
весел	вё́сел	пары 	
весла	весла́	взмах 	
весла	весла́	движениями 	
весла	весла́	обломок 	
весла	весла́	рулевого 	
весла	весла́	часть 	
весла	весла́	четыре 	
весла	вё́сла		 мерно вздымались
весла	вё́сла		 на воду
весла	вё́сла	бросили 	
весла	вё́сла	длинные 	
весла	вё́сла	за 	
весла	вё́сла	плот, 	
весла	вё́сла	про 	
весла	вё́сла	собирая 	
весла	вё́сла	суши 	
весла	вё́сла	сушивший 	
весны	вё́сны		 и зимы
весны	вё́сны	соседние 	
весны	вё́сны	те 	
весом	ве́сом		 ноги
весом	ве́сом		 под
весом	ве́сом		 руки
весом	ве́сом	гриб 	 в
весом	ве́сом	пулей 	
весом	ве́сом	раздавлен 	
весом	ве́сом	самородок 	
весом	весо́м	более 	
весом	весо́м	будет более 	
весом	весо́м	весьма 	
весом	весо́м	вполне 	
весом	весо́м	довод 	
весом	весо́м	довольно 	
весом	весо́м	достаточно 	
весом	весо́м	менее 	
весом	весо́м	насколько 	
весом	весо́м	очень 	
вести	ве́сти		 были
вести	ве́сти		 в нашу
вести	ве́сти		 для вас есть
вести	ве́сти		 долго идут
вести	ве́сти		 доходят
вести	ве́сти		 же с северо
вести	ве́сти		 из
вести	ве́сти		 из других стран о
вести	ве́сти		 о
вести	ве́сти		 об
вести	ве́сти		 от
вести	ве́сти		 оттуда
вести	ве́сти		 по прежнему
вести	ве́сти		 с родины вас
вести	ве́сти		 с фронтов
вести	ве́сти	без 	
вести	ве́сти	без 	 пропал
вести	ве́сти	благие 	
вести	ве́сти	будут 	 скажу
вести	ве́сти	доходили 	
вести	ве́сти	другие 	
вести	ве́сти	жду 	
вести	ве́сти	ложь 	
вести	ве́сти	любой 	
вести	ве́сти	мои 	
вести	ве́сти	наши 	
вести	ве́сти	не все 	
вести	ве́сти	неплохие 	
вести	ве́сти	нехорошие 	
вести	ве́сти	округе 	
вести	ве́сти	переносим 	
вести	ве́сти	плохие 	
вести	ве́сти	получала 	
вести	ве́сти	последние 	
вести	ве́сти	пошлите 	
вести	ве́сти	прекрасной 	
вести	ве́сти	принесла 	
вести	ве́сти	принесли 	
вести	ве́сти	принесло 	
вести	ве́сти	принести 	
вести	ве́сти	принесу 	
вести	ве́сти	принесут 	
вести	ве́сти	приносив 	
вести	ве́сти	приносил 	
вести	ве́сти	приносила 	
вести	ве́сти	приносили 	
вести	ве́сти	приносило 	
вести	ве́сти	приносим 	
вести	ве́сти	приносит 	
вести	ве́сти	приносите 	
вести	ве́сти	приносить 	
вести	ве́сти	приносишь 	
вести	ве́сти	принося 	
вести	ве́сти	приносят 	
вести	ве́сти	приношу 	
вести	ве́сти	свежие 	
вести	ве́сти	свои 	
вести	ве́сти	слухи и 	
вести	ве́сти	странные 	
вести	ве́сти	счастливой 	
вести	ве́сти	твои 	
вести	ве́сти	те 	
вести	ве́сти	три 	
вести	ве́сти	услышать 	
вести	ве́сти	хорошие 	
вести	ве́сти	четыре 	
вести	ве́сти	чьи та 	
вести	ве́сти	эти 	
вести	ве́сти	этой 	
вести	вести́		 аскетический
вести	вести́		 беглый огонь
вести	вести́		 беседу
вести	вести́		 беседы
вести	вести́		 бизнес
вести	вести́		 битву
вести	вести́		 бой
вести	вести́		 в бой
вести	вести́		 вас
вести	вести́		 великую войну
вести	вести́		 войну
вести	вести́		 группу
вести	вести́		 дела
вести	вести́		 дело
вести	вести́		 диалог
вести	вести́		 дискуссии
вести	вести́		 дневник
вести	вести́		 до уровня
вести	вести́		 долгую
вести	вести́		 древо
вести	вести́		 жизнь
вести	вести́		 за
вести	вести́		 за собой
вести	вести́		 записи
вести	вести́		 заседание
вести	вести́		 здесь дела
вести	вести́		 здоровый образ жизни
вести	вести́		 игру
вести	вести́		 корабль
вести	вести́		 корреспонденцию
вести	вести́		 крейсера
вести	вести́		 личный дневник
вести	вести́		 лошадей
вести	вести́		 машину
вести	вести́		 меня к
вести	вести́		 наблюдение
вести	вести́		 наблюдения
вести	вести́		 народ
вести	вести́		 нас в
вести	вести́		 неусыпное
вести	вести́		 обзор
вести	вести́		 огонь
вести	вести́		 отбор
вести	вести́		 переговоры
вести	вести́		 передачи
вести	вести́		 повествование
вести	вести́		 поиски
вести	вести́		 политику
вести	вести́		 прения
вести	вести́		 прицельный
вести	вести́		 продольный
вести	вести́		 работы
вести	вести́		 разведку
вести	вести́		 разговор
вести	вести́		 разговоры
вести	вести́		 раскопки
вести	вести́		 результативный
вести	вести́		 речь
вести	вести́		 ритм
вести	вести́		 с
вести	вести́		 свои дела
вести	вести́		 свой
вести	вести́		 свою
вести	вести́		 себя
вести	вести́		 спокойный
вести	вести́		 спор
вести	вести́		 стрельбу
вести	вести́		 такой
вести	вести́		 тебя в
вести	вести́		 тебя за
вести	вести́		 торговлю
вести	вести́		 флотилию
вести	вести́		 хозяйство
вести	вести́		 этот драндулет
вести	вести́	будем 	
вести	вести́	будете 	
вести	вести́	будешь так 	
вести	вести́	буду 	
вести	вести́	будут 	 себя на
вести	вести́	будут ему 	
вести	вести́	было 	
вести	вести́	войны предпочитал 	
вести	вести́	готовы 	
вести	вести́	дела 	
вести	вести́	начал 	
вести	вести́	начал 	 себя
вести	вести́	плохо 	
вести	вести́	права 	
вести	вести́	разговоры 	
вести	вести́	самому 	
вести	вести́	себя 	
вести	вести́	себя так 	
вести	вести́	стоит 	 себя
вести	вести́	хорошо 	
вести	вести́	чтобы 	 это
весу	ве́су	к 	
весу	ве́су	по 	
весу	весу́	на 	
ветра	ве́тра		 было
ветра	ве́тра		 в лицо
ветра	ве́тра		 вообще не было
ветра	ве́тра		 вроде нет
ветра	ве́тра		 и насекомых
ветра	ве́тра		 и облаков
ветра	ве́тра		 и снега
ветра	ве́тра		 не будет
ветра	ве́тра		 не было
ветра	ве́тра		 нет
ветра	ве́тра		 никакого нет
ветра	ве́тра		 порыв
ветра	ве́тра		 почти не было
ветра	ве́тра		 практически не было
ветра	ве́тра		 практически нет
ветра	ве́тра	без 	
ветра	ве́тра	безалаберного 	
ветра	ве́тра	боги 	
ветра	ве́тра	буйство 	
ветра	ве́тра	бушующего 	
ветра	ве́тра	быстрее 	
ветра	ве́тра	быстрей 	
ветра	ве́тра	в лицо 	
ветра	ве́тра	в направлении 	
ветра	ве́тра	в этом кулаке 	
ветра	ве́тра	весеннего 	
ветра	ве́тра	взявшегося 	
ветра	ве́тра	влажности, 	
ветра	ве́тра	вое 	
ветра	ве́тра	вой 	
ветра	ве́тра	воле 	
ветра	ве́тра	воя 	
ветра	ве́тра	встречного 	
ветра	ве́тра	всякого 	
ветра	ве́тра	из за 	
ветра	ве́тра	искала бы она 	
ветра	ве́тра	моря или 	
ветра	ве́тра	нет 	
ветра	ве́тра	февральского 	
ветра	ве́тра	хватает только 	
ветра	ве́тра	холода и 	
ветра	ве́тра	холодного 	
ветра	ве́тра	частью 	
ветра	ве́тра	чудовищного 	
ветра	ве́тра	чужого 	
ветра	ве́тра	шелест 	
ветра	ве́тра	шелеста 	
ветра	ве́тра	шквалами 	
ветра	ве́тра	шквального 	
ветра	ве́тра	шорох 	
ветра	ве́тра	штормового 	
ветра	ве́тра	штурмом 	
ветра	ве́тра	шум 	
ветра	ве́тра	шума 	
ветра	ве́тра	энергию 	
ветра	ветра́		 ваши
ветра	ветра́		 и воды
ветра	ветра́		 наши
ветра	ветра́		 погубили
ветра	ветра́		 принесли
ветра	ветра́		 сами
ветра	ветра́	благоприятные 	
ветра	ветра́	в 	
ветра	ветра́	ваши 	
ветра	ветра́	завыли 	
ветра	ветра́	и 	 так
ветра	ветра́	метели, 	
ветра	ветра́	мои 	
ветра	ветра́	наши 	
ветра	ветра́	переменчивые 	
ветра	ветра́	промозглые 	
ветра	ветра́	свои 	
ветра	ветра́	средние 	
ветра	ветра́	твои 	
ветра	ветра́	те 	
ветра	ветра́	хент 	
ветра	ветра́	через 	
ветра	ветра́	чьи та 	
ветра	ветра́	эти 	
ветру	ве́тру		 судьбы
ветру	ветру́	буйном 	
ветру	ветру́	вечернем 	
ветру	ветру́	встречном 	
ветру	ветру́	ледяном 	
ветру	ветру́	морском 	
ветру	ветру́	на 	
ветру	ветру́	на свежем 	
ветру	ветру́	на сильном 	
ветру	ветру́	осеннем 	
ветру	ветру́	пронизывающем 	
ветру	ветру́	речном 	
ветру	ветру́	стылом 	
ветру	ветру́	сыром 	
ветру	ветру́	таком то 	
ветру	ветру́	таком тоъ 	
ветру	ветру́	ураганном 	
ветру	ветру́	холодном 	
вечера	ве́чера		 дожидаться
вечера	ве́чера		 мудренее
вечера	ве́чера	атмосфера 	
вечера	ве́чера	в десять 	
вечера	ве́чера	в начале 	
вечера	ве́чера	в шесть 	
вечера	ве́чера	весеннего 	
вечера	ве́чера	восемь 	
вечера	ве́чера	восьми 	
вечера	ве́чера	восьмого 	
вечера	ве́чера	всего 	
вечера	ве́чера	вчерашнего 	
вечера	ве́чера	герой 	
вечера	ве́чера	десятого 	
вечера	ве́чера	дня и 	
вечера	ве́чера	до 	
вечера	ве́чера	до самого 	
вечера	ве́чера	дожидаться 	
вечера	ве́чера	наступлении 	
вечера	ве́чера	наступления 	
вечера	ве́чера	никакого 	
вечера	ве́чера	остаток 	
вечера	ве́чера	от 	
вечера	ве́чера	первого 	
вечера	ве́чера	позднего 	
вечера	ве́чера	позднее 	
вечера	ве́чера	последующих 	
вечера	ве́чера	протяжении всего 	
вечера	ве́чера	с 	
вечера	ве́чера	с начала 	
вечера	ве́чера	с самого 	
вечера	ве́чера	самого 	
вечера	ве́чера	следующего 	
вечера	ве́чера	сорок 	
вечера	ве́чера	утро 	 мудренее
вечера	ве́чера	хорошего 	
вечера	ве́чера	часам 	
вечера	ве́чера	часов 	
вечера	ве́чера	часу 	
вечера	ве́чера	шести 	
вечера	ве́чера	шесть 	
вечера	ве́чера	этого 	
вечера	вечера́		 ваши
вечера	вечера́		 дома
вечера	вечера́		 наши
вечера	вечера́		 сами
вечера	вечера́		 стали длиннее
вечера	вечера́		 становились
вечера	вечера́	а 	
вечера	вечера́	в 	
вечера	вечера́	ваши 	
вечера	вечера́	дни и 	
вечера	вечера́	мои 	
вечера	вечера́	на 	
вечера	вечера́	наши 	
вечера	вечера́	про 	
вечера	вечера́	проводил 	
вечера	вечера́	свои 	
вечера	вечера́	твои 	
вечера	вечера́	те 	
вечера	вечера́	унылые 	
вечера	вечера́	уютные 	
вечера	вечера́	через 	
вечера	вечера́	чьи та 	
вечера	вечера́	эти 	
вечера	вечера́	это 	
вещей	ве́щей		 птице
вещей	ве́щей		 старухой
вещей	ве́щей	к 	
вещей	веще́й		 вручил
вещей	веще́й		 зачастую
вещей	веще́й		 мира
вещей	веще́й		 много
вещей	веще́й		 несколько устаревших
вещей	веще́й	без 	
вещей	веще́й	больше 	
вещей	веще́й	большинство 	
вещей	веще́й	в порядке 	
вещей	веще́й	важных 	
вещей	веще́й	великолепия 	
вещей	веще́й	возрасте 	
вещей	веще́й	всех 	
вещей	веще́й	груде 	
вещей	веще́й	для таких 	
вещей	веще́й	довоенных 	
вещей	веще́й	достойных 	
вещей	веще́й	его останков, ни его 	
вещей	веще́й	естественного порядка 	
вещей	веще́й	жадная до 	
вещей	веще́й	жутких 	
вещей	веще́й	земных 	
вещей	веще́й	знаки 	
вещей	веще́й	из его 	
вещей	веще́й	контуры 	
вещей	веще́й	куча 	
вещей	веще́й	кучу 	
вещей	веще́й	личных 	
вещей	веще́й	лишних 	
вещей	веще́й	логике 	
вещей	веще́й	любых 	
вещей	веще́й	много 	
вещей	веще́й	множество 	
вещей	веще́й	моих 	
вещей	веще́й	нагромождении 	
вещей	веще́й	наших с вами 	
вещей	веще́й	невероятных 	
вещей	веще́й	недостаток 	
вещей	веще́й	неживых 	
вещей	веще́й	незаменимых 	
вещей	веще́й	немногих 	
вещей	веще́й	необходимых 	
вещей	веще́й	необходимых ему 	
вещей	веще́й	несколько 	
вещей	веще́й	никаких 	
вещей	веще́й	основание мира 	
вещей	веще́й	оставленных 	
вещей	веще́й	оставленных майором 	
вещей	веще́й	очевидных 	
вещей	веще́й	поворот 	
вещей	веще́й	покупай 	
вещей	веще́й	полезных 	
вещей	веще́й	положение 	
вещей	веще́й	положению 	
вещей	веще́й	положения 	
вещей	веще́й	понимание 	
вещей	веще́й	порядка 	
вещей	веще́й	порядке 	
вещей	веще́й	порядки 	
вещей	веще́й	порядок 	
вещей	веще́й	принадлежавших им 	
вещей	веще́й	природе 	
вещей	веще́й	простых 	
вещей	веще́й	прочих 	
вещей	веще́й	прочих его 	
вещей	веще́й	различных 	
вещей	веще́й	разных 	
вещей	веще́й	разрушенных 	
вещей	веще́й	реальных 	
вещей	веще́й	своих 	
вещей	веще́й	связи 	
вещей	веще́й	связь привычная 	
вещей	веще́й	смысл 	
вещей	веще́й	спорных 	
вещей	веще́й	среди 	
вещей	веще́й	сродство 	
вещей	веще́й	старинных 	
вещей	веще́й	столько 	
вещей	веще́й	странных 	
вещей	веще́й	сути 	
вещей	веще́й	суть 	
вещей	веще́й	сходных 	
вещей	веще́й	таких 	
вещей	веще́й	тех 	
вещей	веще́й	ужасных 	
вещей	веще́й	ход 	
вещей	веще́й	ходе 	
вещей	веще́й	хороших 	
вещей	веще́й	целокупность 	
вещей	веще́й	ценных 	
вещей	веще́й	чужих 	
вещей	веще́й	элементарных 	
вещей	веще́й	этих 	
взросло	взро́сло		 ответил
взросло	взро́сло	вполне 	
взросло	взро́сло	мыслит 	
видение	ви́дение		 мира
видение	ви́дение		 проблемы
видение	ви́дение		 ситуации
видение	ви́дение	наше 	
видение	ви́дение	ночное 	
видение	ви́дение	старое 	
видение	виде́ние		 подсказало
видение	виде́ние		 явилось
видение	виде́ние	было 	
видение	виде́ние	одно 	
видение	виде́ние	пока длилось 	
видение	виде́ние	явилось 	
видением	ви́дением	философским 	
видении	ви́дении	одностороннем 	
видению	ви́дению		 мира
видения	ви́дения	ночного 	
видения	виде́ния		 из
видения	виде́ния		 пророков
видения	виде́ния	беспокоившие меня 	
видения	виде́ния	беспокоящего его 	
видения	виде́ния	в 	
видения	виде́ния	голоса и 	
видения	виде́ния	как 	
видения	виде́ния	мучительные 	
видения	виде́ния	не выдержал этого 	
видения	виде́ния	отвлекали 	
видения	виде́ния	открывает 	
видения	виде́ния	после сего 	
видения	виде́ния	принимать разные 	
видения	виде́ния	проплывали 	
видения	виде́ния	странностью 	
видения	виде́ния	ужасающие 	
видения	виде́ния	через 	
видениях	виде́ниях	о 	 грядущих
виденья	ви́денья	ночного 	
виденья	ви́денья	приборы ночного 	
виду	ви́ду		 не
виду	ви́ду	внешнему 	
виду	ви́ду	для 	
виду	ви́ду	из 	
виду	ви́ду	к 	
виду	ви́ду	не подавать 	
виду	ви́ду	не подал 	
виду	ви́ду	по 	
виду	ви́ду	по моему 	
виду	ви́ду	подавай 	
виду	ви́ду	подал 	
виду	ви́ду	подать 	
виду	ви́ду	с 	
виду	ви́ду	с 	 стены
виду	виду́		 берега
виду	виду́		 разговор
виду	виду́		 тебя
виду	виду́	в 	
виду	виду́	в 	 берега
виду	виду́	в 	 не
виду	виду́	в 	 острова
виду	виду́	имею в 	 земли
виду	виду́	менее 	
виду	виду́	мире 	
виду	виду́	на 	
виду	виду́	на 	 толпы
виду	виду́	на самом 	
виду	виду́	они и так все на 	
виду	виду́	самом 	
вина	ви́на		 ваши
вина	ви́на		 должны
вина	ви́на		 коллекционные
вина	ви́на		 наши
вина	ви́на		 прекрасные
вина	ви́на		 продаю
вина	ви́на		 сами
вина	ви́на	андалузские 	
вина	ви́на	ваши 	
вина	ви́на	возили 	
вина	ви́на	коктейли и 	
вина	ви́на	мои 	
вина	ви́на	наши 	
вина	ви́на	неожиданные 	
вина	ви́на	подобраны 	
вина	ви́на	свои 	
вина	ви́на	твои 	
вина	ви́на	те 	
вина	ви́на	три 	
вина	ви́на	у нас 	 для
вина	ви́на	через 	
вина	ви́на	четыре 	
вина	ви́на	чьи та 	
вина	ви́на	эльфийские 	
вина	ви́на	эти 	
вина	ви́на	югославские 	
вина	вина́		 за это
вина	вина́		 земли
вина	вина́		 и жаркого
вина	вина́		 и самогон
вина	вина́		 или зерна
вина	вина́		 или коньяка
вина	вина́		 мне
вина	вина́		 молодого
вина	вина́		 нам, скорее
вина	вина́		 не шкиперов
вина	вина́	без 	
вина	вина́	бокал 	
вина	вина́	бокалом 	
вина	вина́	бочку 	
вина	вина́	бутылка 	
вина	вина́	бутылкой 	
вина	вина́	бутылку 	
вина	вина́	бутылок 	
вина	вина́	была 	
вина	вина́	в кувшине 	
вина	вина́	ваша 	
вина	вина́	глотками 	
вина	вина́	глоток 	
вина	вина́	горе и вечная 	
вина	вина́	дорогие сорта 	
вина	вина́	его в том 	
вина	вина́	жаркого мне и 	
вина	вина́	из под 	
вина	вина́	излишестве 	
вина	вина́	их в том 	
вина	вина́	капель 	
вина	вина́	моя в том 	
вина	вина́	не его 	
вина	вина́	подлил 	
вина	вина́	полно 	
вина	вина́	твоя 	
вина	вина́	твоя в том 	
вина	вина́	эта 	
вина	вина́	это 	
вина	вина́	это не наша 	
вина	вина́	этом 	
виски	ви́ски		 "бурбон"
виски	ви́ски		 «катти сарк»
виски	ви́ски		 бурбон
виски	ви́ски		 в баре
виски	ви́ски		 в бокал
виски	ви́ски		 в бутылке
виски	ви́ски		 в рот
виски	ви́ски		 в руках
виски	ви́ски		 в стаканчики
виски	ви́ски		 закончится
виски	ви́ски		 и ананасовый
виски	ви́ски		 и бренди
виски	ви́ски		 и два бокала
виски	ви́ски		 и два стакана
виски	ви́ски		 и побольше
виски	ви́ски		 и шарфы
виски	ви́ски		 из бутылки
виски	ви́ски		 из фляжки
виски	ви́ски		 катти сарк
виски	ви́ски		 мне на стол
виски	ви́ски		 не можешь налить
виски	ви́ски		 не повлияло
виски	ви́ски		 никогда внешне не сказывался
виски	ви́ски		 прокисает
виски	ви́ски		 с водой
виски	ви́ски		 с портвейном
виски	ви́ски		 с содовой
виски	ви́ски		 сауэр
виски	ви́ски		 со льдом
виски	ви́ски	благодаря 	
виски	ви́ски	бокал 	
виски	ви́ски	бокалы 	
виски	ви́ски	бутылка 	
виски	ви́ски	бутылки 	
виски	ви́ски	бутылкой 	
виски	ви́ски	бутылку 	
виски	ви́ски	бутылок 	
виски	ви́ски	бутылочка 	
виски	ви́ски	в него 	
виски	ви́ски	в рот 	
виски	ви́ски	в себя 	
виски	ви́ски	в стаканы 	
виски	ви́ски	вдоль 	
виски	ви́ски	взял 	
виски	ви́ски	вино или 	
виски	ви́ски	вино, 	
виски	ви́ски	выбрали 	
виски	ви́ски	выпей 	
виски	ви́ски	выпив 	
виски	ви́ски	выпил 	
виски	ви́ски	выпитого 	
виски	ви́ски	выпитым 	
виски	ви́ски	выпить 	
виски	ви́ски	выпьешь 	
виски	ви́ски	глотка 	
виски	ви́ски	глотнул 	
виски	ви́ски	глоток 	
виски	ви́ски	джином и 	
виски	ви́ски	дозу 	
виски	ви́ски	допил 	
виски	ви́ски	допить 	
виски	ви́ски	дорогой 	
виски	ви́ски	достал 	
виски	ви́ски	желтоватом 	
виски	ви́ски	заказывая 	
виски	ви́ски	закупорил 	
виски	ви́ски	запаса 	
виски	ви́ски	запасы 	
виски	ви́ски	запах 	
виски	ви́ски	из кармана 	
виски	ви́ски	из под 	
виски	ви́ски	ирландский 	
виски	ви́ски	ирландского 	
виски	ви́ски	как 	 горит
виски	ви́ски	канадским 	
виски	ви́ски	канадского 	
виски	ви́ски	канадское 	
виски	ви́ски	капельку 	
виски	ви́ски	коньяка и 	
виски	ви́ски	купить 	
виски	ви́ски	марка 	
виски	ви́ски	мыслью о 	
виски	ви́ски	навеянных 	
виски	ви́ски	надирался 	
виски	ви́ски	надрался 	
виски	ви́ски	накачивался 	
виски	ви́ски	налей 	
виски	ви́ски	налей ему 	
виски	ви́ски	наливая 	
виски	ви́ски	налил 	
виски	ви́ски	налил ей 	
виски	ви́ски	налил обоим 	
виски	ви́ски	налила себе 	
виски	ви́ски	налить себе 	
виски	ви́ски	напивался 	
виски	ви́ски	наполнен 	
виски	ви́ски	не то коньяка, не то 	
виски	ви́ски	не тоъ коньяка, не тоъ 	
виски	ви́ски	немного 	
виски	ви́ски	немножко 	
виски	ви́ски	неплохое 	
виски	ви́ски	односолодового 	
виски	ви́ски	остатки 	
виски	ви́ски	отличное 	
виски	ви́ски	отпил 	
виски	ви́ски	отставил 	
виски	ви́ски	отхлебнул 	
виски	ви́ски	пару 	
виски	ви́ски	паршивого 	
виски	ви́ски	пахло 	
виски	ви́ски	пиво, 	
виски	ви́ски	пил 	
виски	ви́ски	пила 	
виски	ви́ски	пила она 	
виски	ви́ски	пили когда нибудь 	
виски	ви́ски	пить 	
виски	ви́ски	плеснул 	
виски	ви́ски	по глотку 	
виски	ви́ски	по морю 	
виски	ви́ски	побольше 	
виски	ви́ски	подали 	
виски	ви́ски	полно 	
виски	ви́ски	полстакана 	
виски	ви́ски	попросил 	
виски	ви́ски	порцию 	
виски	ви́ски	потягивал 	
виски	ви́ски	потягивали 	
виски	ви́ски	потягивать 	
виски	ви́ски	пригубил 	
виски	ви́ски	прикончил 	
виски	ви́ски	принесите ему 	
виски	ви́ски	пропахшего 	
виски	ви́ски	разбавленную 	
виски	ви́ски	разбавлять 	
виски	ви́ски	разило 	
виски	ви́ски	разлил 	
виски	ви́ски	рюмку 	
виски	ви́ски	рядом с 	
виски	ви́ски	с 	
виски	ви́ски	с бутылкой 	
виски	ви́ски	сигареты и 	
виски	ви́ски	солодового 	
виски	ви́ски	сортов 	
виски	ви́ски	спасибо за 	
виски	ви́ски	стакан 	
виски	ви́ски	стакан для 	
виски	ви́ски	стаканов 	
виски	ви́ски	стаканом 	
виски	ви́ски	стаканчик 	
виски	ви́ски	стаканчике 	
виски	ви́ски	стаканы наполнились 	
виски	ви́ски	текилу или 	
виски	ви́ски	теннессийского 	
виски	ви́ски	хеннесси, 	
виски	ви́ски	хлебнул 	
виски	ви́ски	цвета 	
виски	ви́ски	шерри и 	
виски	ви́ски	шотландский 	
виски	ви́ски	шотландского 	
виски	ви́ски	шотландское 	
виски	виски́		 болезненно
виски	виски́		 были готовы
виски	виски́		 были серебристыми
виски	виски́		 вновь
виски	виски́		 жгло
виски	виски́		 заломило
виски	виски́		 застучалась
виски	виски́		 и глаза
виски	виски́		 и затылок
виски	виски́		 и лоб
виски	виски́		 ломит
виски	виски́		 начало ломить
виски	виски́		 паренька поседели
виски	виски́		 седые
виски	виски́		 сжало
виски	виски́		 стискивало
виски	виски́		 стрельнуло
виски	виски́		 тут же заныли
виски	виски́		 ударила
виски	виски́	болевшие 	
виски	виски́	болели 	
виски	виски́	болью 	
виски	виски́	бьющую в 	
виски	виски́	в мои 	
виски	виски́	ваткой 	
виски	виски́	взял пациента за 	
виски	виски́	ворвалась в 	
виски	виски́	впивались в 	
виски	виски́	впились в 	
виски	виски́	за 	 руками
виски	виски́	кости и 	
виски	виски́	косые 	
виски	виски́	кровь в 	
виски	виски́	ниспадающих на 	
виски	виски́	подровнять 	
виски	виски́	прямые 	
виски	виски́	части 	
вложите	вло́жите	суммы, что вы 	
вложите	вложи́те		 вы себе
вносите	вно́сите	вы 	
внучка	вну́чка		 бога
внучка	вну́чка		 моя
внучка	вну́чка	внук или 	
внучка	вну́чка	возлюбленная 	
внучка	вну́чка	дед, 	
внучка	вну́чка	старшая 	
внучка	вну́чка	твоя 	
внучка	вну́чка	ты 	
внучка	внучка́	твоего 	
внучка	внучка́	узнаю 	
внучку	вну́чку	научил 	
внучку	вну́чку	эту 	
водите	во́дите		 машину
воды	во́ды		 выйдут
воды	во́ды		 забвения
воды	во́ды		 залива
воды	во́ды		 здесь спокойные
воды	во́ды		 здесь,
воды	во́ды		 и леса
воды	во́ды		 и медные трубы
воды	во́ды		 и поля
воды	во́ды		 и тверди
воды	во́ды		 которой
воды	во́ды		 моря
воды	во́ды		 невской губы
воды	во́ды		 озера
воды	во́ды		 океана
воды	во́ды		 океанов
воды	во́ды		 острова
воды	во́ды		 отошли
воды	во́ды		 поднялись
воды	во́ды		 прилива
воды	во́ды		 расступились
воды	во́ды		 реки
воды	во́ды		 сбегали
воды	во́ды		 сбегают
воды	во́ды		 сейчас разверзнутся
воды	во́ды		 соприкасаются
воды	во́ды		 сошли
воды	во́ды		 схлынут
воды	во́ды		 текли
воды	во́ды		 тихого
воды	во́ды		 только отошли
воды	во́ды		 убийцы
воды	во́ды		 уже двинулись
воды	во́ды		 хурона
воды	во́ды		 эти
воды	во́ды	башни и 	
воды	во́ды	богатые 	
воды	во́ды	большие 	
воды	во́ды	бороздит 	
воды	во́ды	бурлящие 	
воды	во́ды	бурные 	
воды	во́ды	в 	
воды	во́ды	в 	 земли
воды	во́ды	в 	 острова
воды	во́ды	в другие 	
воды	во́ды	весенние 	
воды	во́ды	ветра и 	
воды	во́ды	вешние 	
воды	во́ды	взбесил 	
воды	во́ды	вздымает 	
воды	во́ды	видел 	
воды	во́ды	волшебные 	
воды	во́ды	вспучив 	
воды	во́ды	как 	 святой реки
воды	во́ды	леса и 	
воды	во́ды	могучие 	
воды	во́ды	мои 	
воды	во́ды	на 	
воды	во́ды	на горах стоят 	
воды	во́ды	наполняйте 	
воды	во́ды	наполнять 	
воды	во́ды	наши 	
воды	во́ды	небес и 	
воды	во́ды	остановить 	
воды	во́ды	под 	
воды	во́ды	поставил 	
воды	во́ды	превратил 	
воды	во́ды	превратили 	
воды	во́ды	разрезала 	
воды	во́ды	реки, 	 которой
воды	во́ды	свои 	
воды	во́ды	соки, 	
воды	во́ды	стоят 	
воды	во́ды	струила 	
воды	во́ды	твои 	
воды	во́ды	те 	
воды	во́ды	холодные 	
воды	во́ды	цветами 	
воды	во́ды	целебные 	
воды	во́ды	через 	
воды	во́ды	чьи 	
воды	во́ды	чьи та 	
воды	во́ды	шумели 	
воды	во́ды	шумные 	
воды	во́ды	эти 	
воды	во́ды	яростные 	
воды	воды́		 больше нет
воды	воды́		 было
воды	воды́		 в
воды	воды́		 в душе
воды	воды́		 в рот набрал
воды	воды́		 дай
воды	воды́		 дать
воды	воды́		 для
воды	воды́		 же в
воды	воды́		 же нет
воды	воды́		 и воздуха
воды	воды́		 и земли
воды	воды́		 и кислорода
воды	воды́		 и огня
воды	воды́		 и песка
воды	воды́		 и пищи
воды	воды́		 и села
воды	воды́		 и суши
воды	воды́		 из колодца
воды	воды́		 из под
воды	воды́		 из фляги
воды	воды́		 к вину
воды	воды́		 какой нибудь
воды	воды́		 может
воды	воды́		 мы
воды	воды́		 наберут
воды	воды́		 надо
воды	воды́		 напиться
воды	воды́		 не дали
воды	воды́		 недостаточно
воды	воды́		 нет
воды	воды́		 нету
воды	воды́		 ни у
воды	воды́		 ни у одного
воды	воды́		 она взяла
воды	воды́		 оставалось немного
воды	воды́		 осталась одна
воды	воды́		 повсюду полно
воды	воды́		 под окнами
воды	воды́		 совсем
воды	воды́		 становилось много
воды	воды́		 утекло
воды	воды́		 хватало
воды	воды́		 хватило
воды	воды́		, [homo] воды [/homo] нужно
воды	воды́	банок 	
воды	воды́	бегущей 	
воды	воды́	без 	
воды	воды́	без 	 и пищи
воды	воды́	без всякой 	
воды	воды́	беснующейся 	
воды	воды́	блеска 	
воды	воды́	бокал 	
воды	воды́	больше 	
воды	воды́	большой 	
воды	воды́	боялась 	
воды	воды́	брызгами 	
воды	воды́	брызги 	
воды	воды́	будто 	 в
воды	воды́	бульона или 	
воды	воды́	бурлящей 	
воды	воды́	бутылке 	
воды	воды́	бутылок 	
воды	воды́	было 	
воды	воды́	в капле 	
воды	воды́	в луже 	
воды	воды́	в парах 	
воды	воды́	в поисках 	
воды	воды́	в потоке 	
воды	воды́	в пригоршню 	
воды	воды́	в рот 	
воды	воды́	вблизи 	
воды	воды́	вдоль 	
воды	воды́	ведра 	
воды	воды́	ведро 	
воды	воды́	видимо-невидимо 	
воды	воды́	видно 	
воды	воды́	влажные от 	
воды	воды́	влил 	
воды	воды́	вместо 	
воды	воды́	воду от 	
воды	воды́	возвращение 	
воды	воды́	воздуха и 	
воды	воды́	возле 	
воды	воды́	возле самой 	
воды	воды́	возмущении 	
воды	воды́	вокруг 	
воды	воды́	волнению 	
воды	воды́	вчерашней 	
воды	воды́	выкачиванию 	
воды	воды́	выпейте 	
воды	воды́	выпил 	 из
воды	воды́	выпить 	
воды	воды́	выпрашивал у всех 	
воды	воды́	гармонизация 	
воды	воды́	глотка 	
воды	воды́	глотке 	
воды	воды́	глотки 	
воды	воды́	глотку 	
воды	воды́	глоток 	
воды	воды́	глубина 	
воды	воды́	голос 	
воды	воды́	голубой 	
воды	воды́	гомеопатической 	
воды	воды́	горячей 	
воды	воды́	даже 	 почти
воды	воды́	дал ей 	
воды	воды́	дал ему 	
воды	воды́	дал им 	
воды	воды́	дала ей 	
воды	воды́	дала ему 	
воды	воды́	дала им 	
воды	воды́	дали ей 	
воды	воды́	дали ему 	
воды	воды́	дали им 	
воды	воды́	дар 	
воды	воды́	движение 	
воды	воды́	движением 	
воды	воды́	дикой 	
воды	воды́	для 	
воды	воды́	до 	
воды	воды́	дождевой 	
воды	воды́	долю 	
воды	воды́	доставка 	
воды	воды́	достаточно 	
воды	воды́	дров, 	
воды	воды́	духи 	
воды	воды́	духов 	
воды	воды́	еды и 	
воды	воды́	журчание 	
воды	воды́	загрязнение 	
воды	воды́	запас 	
воды	воды́	запасы 	
воды	воды́	запахов травы, 	
воды	воды́	земли и 	
воды	воды́	земли или 	
воды	воды́	земли, 	 и воздуха
воды	воды́	зеркалом 	
воды	воды́	и даже 	
воды	воды́	иглы 	
воды	воды́	из 	
воды	воды́	из под 	
воды	воды́	испарении 	
воды	воды́	испаряющейся 	
воды	воды́	источника 	
воды	воды́	источников 	
воды	воды́	капание 	
воды	воды́	капелек 	
воды	воды́	капель 	
воды	воды́	капельками 	
воды	воды́	капельке 	
воды	воды́	капельки 	
воды	воды́	капле 	
воды	воды́	капли 	
воды	воды́	каплю 	
воды	воды́	капля 	
воды	воды́	каплях 	
воды	воды́	кипящей 	
воды	воды́	количеством 	
воды	воды́	края 	
воды	воды́	кромки 	
воды	воды́	кружка 	
воды	воды́	кружке 	
воды	воды́	кубок 	
воды	воды́	кувшин 	
воды	воды́	кувшина 	
воды	воды́	литром 	
воды	воды́	магнетизации 	
воды	воды́	массы 	
воды	воды́	мерок 	
воды	воды́	минеральной 	
воды	воды́	много 	
воды	воды́	мокрые от 	
воды	воды́	наносите 	
воды	воды́	напора 	
воды	воды́	не нашли бы 	
воды	воды́	недостатке 	
воды	воды́	недостаток 	
воды	воды́	нехватки 	
воды	воды́	нехваткой 	
воды	воды́	нехватку 	
воды	воды́	обилие 	
воды	воды́	огненной 	
воды	воды́	огня и 	
воды	воды́	около 	
воды	воды́	освежающей 	
воды	воды́	остатками 	
воды	воды́	остатки 	
воды	воды́	остаток 	
воды	воды́	от 	
воды	воды́	отвода 	
воды	воды́	отравления 	
воды	воды́	очищение 	
воды	воды́	очищения 	
воды	воды́	падающей 	
воды	воды́	пайки и 	
воды	воды́	пахнущей 	
воды	воды́	пение 	
воды	воды́	питьевой 	
воды	воды́	пищи и 	
воды	воды́	пищи, 	
воды	воды́	плеск 	
воды	воды́	плескание 	
воды	воды́	побольше 	
воды	воды́	поверхности 	
воды	воды́	поверхностью 	
воды	воды́	поиске 	
воды	воды́	попить 	
воды	воды́	попросил 	
воды	воды́	попросить 	
воды	воды́	посреди 	
воды	воды́	потекут реки 	
воды	воды́	поток 	
воды	воды́	потоками 	
воды	воды́	потоке 	
воды	воды́	потоки 	
воды	воды́	потоку 	
воды	воды́	приготовления 	
воды	воды́	процентов 	
воды	воды́	радость 	
воды	воды́	реки 	
воды	воды́	рокот 	
воды	воды́	рокочущей 	
воды	воды́	роли 	
воды	воды́	роль 	
воды	воды́	рот 	
воды	воды́	ручьи 	
воды	воды́	с неба 	
воды	воды́	самой 	
воды	воды́	сбор 	
воды	воды́	свежей 	
воды	воды́	свойства 	
воды	воды́	силу 	
воды	воды́	словно 	 в
воды	воды́	слоем 	
воды	воды́	слои 	
воды	воды́	слой 	
воды	воды́	слоям 	
воды	воды́	слоями 	
воды	воды́	смесь масла, 	
воды	воды́	снега и 	
воды	воды́	со стороны 	
воды	воды́	стакан 	
воды	воды́	стены 	
воды	воды́	стихией 	
воды	воды́	стихия 	
воды	воды́	струе 	
воды	воды́	струи 	
воды	воды́	струй 	
воды	воды́	струйка 	
воды	воды́	струйкой 	
воды	воды́	структура 	
воды	воды́	суши и 	
воды	воды́	существ 	
воды	воды́	существа 	
воды	воды́	существам 	
воды	воды́	существами 	
воды	воды́	существах 	
воды	воды́	существо 	
воды	воды́	существование 	
воды	воды́	существом 	
воды	воды́	сущностные 	
воды	воды́	сущностных 	
воды	воды́	терпеть не могут 	
воды	воды́	течение 	
воды	воды́	течении 	
воды	воды́	тише 	 ниже травы
воды	воды́	толщей 	
воды	воды́	тонны 	
воды	воды́	тухлой 	
воды	воды́	у 	
воды	воды́	у края 	
воды	воды́	у самой 	
воды	воды́	угля, 	
воды	воды́	уровня 	
воды	воды́	феи 	
воды	воды́	фей 	
воды	воды́	феями 	
воды	воды́	фонтан 	
воды	воды́	футов 	
воды	воды́	хватает 	
воды	воды́	хватит 	
воды	воды́	хлеба, 	
воды	воды́	хлюпанье 	
воды	воды́	холоднее 	
воды	воды́	холодной 	
воды	воды́	царство 	
воды	воды́	цвет 	
воды	воды́	чайник 	
воды	воды́	часть 	
воды	воды́	чашку 	
воды	воды́	чистейшей 	
воды	воды́	чистой 	
воды	воды́	чудодейственной 	
воды	воды́	шариков 	
воды	воды́	шорох 	
воды	воды́	шум 	
воды	воды́	шуму 	
воды	воды́	щелочи и 	
воды	воды́	экономии 	
воды	воды́	электричества и 	
воды	воды́	энергизация 	
воды	воды́	энергию 	
воды	воды́	этой 	
воздержитесь	воздержи́тесь		 от
воздержитесь	воздержи́тесь		 от употребления
возите	вози́те	не 	 сюда
возитесь	во́зитесь		 с грузом
войны	во́йны		 - это
войны	во́йны		 -это
войны	во́йны		 будут
войны	во́йны		 будущего
войны	во́йны		 были
войны	во́йны		 ваши
войны	во́йны		 ведутся
войны	во́йны		 выигрывает
войны	во́йны		 за веру
войны	во́йны		 и беды
войны	во́йны		 и болезни
войны	во́йны		 и катаклизмы
войны	во́йны		 и осады
войны	во́йны		 и разорение
войны	во́йны		 и сражения
войны	во́йны		 и убийства
войны	во́йны		 иногда прерываются
войны	во́йны		 как орудия
войны	во́йны		 кипят
войны	во́йны		 меняют мир
войны	во́йны		 начались
войны	во́йны		 начинались
войны	во́йны		 начинают
войны	во́йны		 наши
войны	во́йны		 не докатывались
войны	во́йны		 не начинаются
войны	во́йны		 нерентабельны
войны	во́йны		 неэстетичные
войны	во́йны		 потеряют смысл
войны	во́йны		 предпочитал вести
войны	во́йны		 прокатывались
войны	во́йны		 прокатятся
войны	во́йны		 сами
войны	во́йны		 только локальные
войны	во́йны		 уже не избежать
войны	во́йны		 это
войны	во́йны	анархия, 	
войны	во́йны	бездумные 	
войны	во́йны	бесконечные 	
войны	во́йны	бескровные 	
войны	во́йны	болезни и 	
войны	во́йны	большие 	
войны	во́йны	будущие 	
войны	во́йны	бушевали 	
войны	во́йны	бы 	
войны	во́йны	были 	
войны	во́йны	быть 	
войны	во́йны	в 	
войны	во́йны	ваши 	
войны	во́йны	веду 	
войны	во́йны	ведут 	
войны	во́йны	века и 	
войны	во́йны	вела 	
войны	во́йны	великие 	
войны	во́йны	вело 	
войны	во́йны	вести 	
войны	во́йны	вестись 	
войны	во́йны	видел 	
войны	во́йны	вижу 	
войны	во́йны	воздушные 	
войны	во́йны	возможны 	
войны	во́йны	вот это у вас 	
войны	во́йны	вспомнив 	
войны	во́йны	вспыхивали 	
войны	во́йны	вызывал 	
войны	во́йны	выигрывает 	
войны	во́йны	выигрывать 	
войны	во́йны	вялотекущие 	
войны	во́йны	гражданские 	
войны	во́йны	гремели 	
войны	во́йны	древние 	
войны	во́йны	другие 	
войны	во́йны	дурацкие 	
войны	во́йны	жестокие 	
войны	во́йны	затевать 	
войны	во́йны	информационные 	
войны	во́йны	иные 	
войны	во́йны	исключая 	
войны	во́йны	истребительные 	
войны	во́йны	исчезли 	
войны	во́йны	исчезнут 	
войны	во́йны	какие 	
войны	во́йны	карманные 	
войны	во́йны	колониальные 	
войны	во́йны	космические 	
войны	во́йны	крестоносные 	
войны	во́йны	кровавые 	
войны	во́йны	кровопролитные 	
войны	во́йны	крупные 	
войны	во́йны	ландшафтные 	
войны	во́йны	локальные 	
войны	во́йны	малые 	
войны	во́йны	междоусобные 	
войны	во́йны	между собой 	
войны	во́йны	межнациональные 	
войны	во́йны	межпланетные 	
войны	во́йны	мелкие 	
войны	во́йны	мировые 	
войны	во́йны	многие 	
войны	во́йны	многое 	
войны	во́йны	мои 	
войны	во́йны	морские 	
войны	во́йны	мыслимые 	
войны	во́йны	нагромоздить 	
войны	во́йны	называемые 	
войны	во́йны	наполеоновские 	
войны	во́йны	нас ждут 	
войны	во́йны	настоящие 	
войны	во́йны	начались 	
войны	во́йны	начинались 	
войны	во́йны	начинаются 	
войны	во́йны	начнутся 	
войны	во́йны	наши 	
войны	во́йны	не столько 	
войны	во́йны	невидимые 	
войны	во́йны	некромантские 	
войны	во́йны	нескончаемые 	
войны	во́йны	ни 	 не
войны	во́йны	новые 	
войны	во́йны	нормандские 	
войны	во́йны	нужны 	
войны	во́йны	оборонительные 	
войны	во́йны	объявляют 	
войны	во́йны	опустошительные 	
войны	во́йны	освободительные 	
войны	во́йны	основные 	
войны	во́йны	остановить 	
войны	во́йны	отвращает 	
войны	во́йны	пережил 	
войны	во́йны	персидские 	
войны	во́йны	победоносные 	
войны	во́йны	пограничные 	
войны	во́йны	позиционные 	
войны	во́йны	покажи 	
войны	во́йны	полыхают 	
войны	во́йны	порождает 	
войны	во́йны	последние 	
войны	во́йны	постоянные 	
войны	во́йны	потрясения и 	
войны	во́йны	предотвратить 	
войны	во́йны	пресыщение и 	
войны	во́йны	прочие 	
войны	во́йны	пунические 	
войны	во́йны	развязанные 	
войны	во́йны	раздирают 	
войны	во́йны	разнообразные 	
войны	во́йны	разорительные 	
войны	во́йны	расовые 	
войны	во́йны	религиозные 	
войны	во́йны	свои 	
войны	во́йны	сквозь 	
войны	во́йны	словно 	
войны	во́йны	собственные 	
войны	во́йны	сперва 	
войны	во́йны	справедливые 	
войны	во́йны	средние 	
войны	во́йны	такие 	
войны	во́йны	твои 	
войны	во́йны	те 	
войны	во́йны	текущие 	
войны	во́йны	технические 	
войны	во́йны	тихие 	
войны	во́йны	торговые 	
войны	во́йны	ужасные 	
войны	во́йны	частые 	
войны	во́йны	человеческие 	
войны	во́йны	через 	
войны	во́йны	чеченские 	
войны	во́йны	чужие 	
войны	во́йны	чьи та 	
войны	во́йны	широкомасштабные 	
войны	во́йны	шли 	
войны	во́йны	эти 	
войны	во́йны	яростные 	
войны	войны́	бога 	
войны	войны́	бомбардировочной 	
войны	войны́	великой 	
войны	войны́	во время 	
войны	войны́	вследствие 	
войны	войны́	годах 	
войны	войны́	годы 	
войны	войны́	длительности 	
войны	войны́	для 	
войны	войны́	для объявления 	
войны	войны́	дней 	
войны	войны́	дырой 	
войны	войны́	звезда 	
войны	войны́	из-за 	
войны	войны́	избегай 	
войны	войны́	какой тоъ там 	
войны	войны́	конца 	
войны	войны́	конце 	
войны	войны́	концом 	
войны	войны́	концу 	
войны	войны́	кроме 	
войны	войны́	лет 	
войны	войны́	месяцы 	
войны	войны́	методы ведения 	
войны	войны́	мировой 	
войны	войны́	начала 	
войны	войны́	начале 	
войны	войны́	начало 	
войны	войны́	недель 	
войны	войны́	объявлением 	
войны	войны́	одной 	
войны	войны́	окончания 	
войны	войны́	опасности 	
войны	войны́	от 	
войны	войны́	открытой 	
войны	войны́	переживания 	
войны	войны́	поворот 	
войны	войны́	повторение 	
войны	войны́	пороге 	
войны	войны́	после 	
войны	войны́	прикрытием 	
войны	войны́	продолжительности 	
войны	войны́	проигранной 	
войны	войны́	психологической 	
войны	войны́	следствия 	
войны	войны́	событий 	
войны	войны́	событиях 	
войны	войны́	способы ведения 	
войны	войны́	тотальной 	
войны	войны́	тропу 	
войны	войны́	у 	
войны	войны́	ужаса 	
войны	войны́	ужасах 	
войны	войны́	ужасов 	
войны	войны́	ужасы 	
войны	войны́	хаос 	
войны	войны́	хаоса 	
войска	во́йска		 донского
войска	во́йска		 значительно больше
войска	во́йска		 нет,
войска	во́йска		 нет.
войска	во́йска		 у нас пока нет
войска	во́йска	без 	
войска	во́йска	большого 	
войска	во́йска	было 	
войска	во́йска	в гущу 	
войска	во́йска	в руки 	
войска	во́йска	в центре 	
войска	во́йска	вашего 	
войска	во́йска	взятого 	
войска	во́йска	воинов - ветеранов 	
войска	во́йска	воинов ветеранов 	
войска	во́йска	воины 	
войска	во́йска	вокруг 	
войска	во́йска	впереди 	
войска	во́йска	всего 	
войска	во́йска	голову 	
войска	во́йска	духу 	
войска	во́йска	на нас 	
войска	во́йска	рядами их 	
войска	во́йска	ряду 	
войска	во́йска	самого 	
войска	во́йска	своего 	
войска	во́йска	целого 	
войска	во́йска	часть 	
войска	во́йска	чужого 	
войска	во́йска	этого 	
войска	войска́		 ваши
войска	войска́		 вводить
войска	войска́		 вошли
войска	войска́		 высаживаются
войска	войска́		 гегемонии
войска	войска́		 дисциплинированные
войска	войска́		 и страж
войска	войска́		 маршируют
войска	войска́		 начали
войска	войска́		 наши
войска	войска́		 ордена
войска	войска́		 отправляли
войска	войска́		 подтянутся
войска	войска́		 продвигались
войска	войска́		 сами
войска	войска́		 священной империи
войска	войска́		 специального
войска	войска́		 стоят
войска	войска́		 то у них какие
войска	войска́		 тоъ у них какие
войска	войска́		 удачно
войска	войска́		 уничтожили
войска	войска́	бы 	
войска	войска́	быстрее всего 	
войска	войска́	в 	
войска	войска́	ваши 	
войска	войска́	введены 	
войска	войска́	воздушные 	
войска	войска́	вражеские 	
войска	войска́	вывели 	
войска	войска́	вывести 	
войска	войска́	высадить 	
войска	войска́	высаживать 	
войска	войска́	кругом свои 	
войска	войска́	снабжения и связи 	
войска	войска́	стоят 	
войска	войска́	у него такие 	
войска	войска́	через 	
войска	войска́	шли 	
войска	войска́	эти 	
волны	во́лны		 атакующих
волны	во́лны		 бьются
волны	во́лны		 в котором
волны	во́лны		 внезапно
волны	во́лны		 волос
волны	во́лны		 выносили
волны	во́лны		 грубой
волны	во́лны		 давления
волны	во́лны		 жара
волны	во́лны		 и качка
волны	во́лны		 лениво
волны	во́лны		 мирового океана
волны	во́лны		 мягко
волны	во́лны		 накатывали на берег
волны	во́лны		 о
волны	во́лны		 отхлынут
волны	во́лны		 пламени
волны	во́лны		 по
волны	во́лны		 с
волны	во́лны		 с тихим
волны	во́лны		 сражающихся
волны	во́лны		 средиземного
волны	во́лны		 судороги
волны	во́лны		 у
волны	во́лны		 холода
волны	во́лны		 это вода
волны	во́лны	бороздящем 	
волны	во́лны	бороздящим 	
волны	во́лны	брызги и 	
волны	во́лны	были 	
волны	во́лны	в 	
волны	во́лны	ветер и 	
волны	во́лны	ветры и 	
волны	во́лны	взбаламучивая 	
волны	во́лны	во время шторма 	
волны	во́лны	все 	
волны	во́лны	гонит 	
волны	во́лны	пробегали 	
волны	во́лны	точно 	
волны	во́лны	у берега 	
волны	во́лны	частые 	
волны	во́лны	через 	
волны	во́лны	чувствую 	
волны	во́лны	эти 	
волны	волны́		 не видно
волны	волны́		 почти нет
волны	волны́	бег 	
волны	волны́	в виде 	
волны	волны́	взрывной 	
волны	волны́	воздушной 	
волны	волны́	восприятии 	
волны	волны́	второй 	
волны	волны́	гребень 	
волны	волны́	гребнем 	
волны	волны́	две 	
волны	волны́	длина 	
волны	волны́	длине 	
волны	волны́	длину 	
волны	волны́	длины 	
волны	волны́	записи 	
волны	волны́	запись 	
волны	волны́	и вообще 	
волны	волны́	их души 	
волны	волны́	ихней 	
волны	волны́	катящейся 	
волны	волны́	моей 	
волны	волны́	мрака 	
волны	волны́	на гребне 	
волны	волны́	нашей 	
волны	волны́	не вызовет 	
волны	волны́	не гнать 	
волны	волны́	новой 	
волны	волны́	обе 	
волны	волны́	огромной 	
волны	волны́	пену 	
волны	волны́	против 	
волны	волны́	с 	
волны	волны́	самой 	
волны	волны́	своей 	
волны	волны́	скорость 	
волны	волны́	соляной 	
волны	волны́	твоей 	
волны	волны́	той 	
волны	волны́	третьей 	
волны	волны́	три 	
волны	волны́	ходу 	
волны	волны́	хребет 	
волны	волны́	четыре 	
волны	волны́	чьей та 	
волны	волны́	штормовой 	
волны	волны́	этой 	
волок	воло́к	ноги 	
волокна	воло́кна		 световоды
волокна	воло́кна		 хлопка
волокна	волокна́	вдоль 	
волокна	волокна́	из 	
волокна	волокна́	километры 	
волокна	волокна́	лубяного 	
волокна	волокна́	метров 	
волокна	волокна́	нет 	
волокна	волокна́	нет даже 	
волокна	волокна́	растительного 	
волокна	волокна́	четыре 	
волос	во́лос		 в
волос	во́лос		 вспыхнул
волос	во́лос		 гуще был
волос	во́лос		 мягкий
волос	во́лос		 не упал
волос	во́лос		 почти не отличается
волос	во́лос		 с головы
волос	во́лос	в 	
волос	во́лос	вырвал у меня 	
волос	во́лос	один 	
волос	во́лос	оживить этот 	
волос	во́лос	положил туда 	
волос	во́лос	свой 	
волос	во́лос	чей та 	
волос	во́лос	это 	
волос	во́лос	этот 	
волос	воло́с		 головы
волос	воло́с		 и бороды
волос	воло́с		 не было
волос	воло́с		 падали
волос	воло́с		 свисали
волос	воло́с		 цвета воронова
волос	воло́с	без 	
волос	воло́с	белокурых 	
волос	воло́с	вместо 	
волос	воло́с	водопаде 	
волос	воло́с	волна 	
волос	воло́с	волной 	
волос	воло́с	волны 	
волос	воло́с	выпадением 	
волос	воло́с	длина 	
волос	воло́с	для 	
волос	воло́с	до 	
волос	воло́с	золотистых 	
волос	воло́с	из 	
волос	воло́с	касается 	
волос	воло́с	кожи, 	
волос	воло́с	корней 	
волос	воло́с	много 	
волос	воло́с	моих 	
волос	воло́с	мытья 	
волос	воло́с	не имел 	
волос	воло́с	не оказалось 	
волос	воло́с	не стригут 	
волос	воло́с	неандертальца, 	
волос	воло́с	нежели 	 на голове
волос	воло́с	немытых 	
волос	воло́с	непокрытых 	
волос	воло́с	облако 	
волос	воло́с	окраска 	
волос	воло́с	пряди 	
волос	воло́с	пышных 	
волос	воло́с	с 	 и лица
волос	воло́с	с лица и 	
волос	воло́с	своих 	
волос	воло́с	седых 	
волос	воло́с	струи 	
волос	воло́с	цвет 	
волос	воло́с	цвет их 	
волос	воло́с	цвета 	
волос	воло́с	цвете 	
волос	воло́с	цветом 	
волос	воло́с	части 	
волос	воло́с	часть 	
волос	воло́с	шапка 	
волос	воло́с	шлейф 	
воплю	воплю́		 как
воплю	воплю́		 как безумный
воплю	воплю́		 я
воплю	воплю́	я 	
ворон	во́рон		 [homo] ворон [/homo]у
ворон	во́рон		 взял в руки камень
ворон	во́рон		 вскинул брови
ворон	во́рон		 здешних мест
ворон	во́рон		 начал подавать
ворон	во́рон		 прикалывается
ворон	во́рон		 разразился
ворон	во́рон		 спланировал
ворон	во́рон		 теперь был
ворон	во́рон		 шагнул в
ворон	во́рон	вынырнул из под кровати 	
ворон	во́рон	нахохлился 	
ворон	во́рон	ответил 	
ворон	во́рон	парящий 	
ворон	во́рон	рассмеялся 	
ворон	во́рон	удивился 	
ворон	воро́н		 гоняешь
ворон	воро́н		 ловить
ворон	воро́н		 на столбах
ворон	воро́н		 пугать
ворон	воро́н		 считать
ворон	воро́н	белых 	
ворон	воро́н	в 	
ворон	воро́н	в небе 	
ворон	воро́н	вместо 	
ворон	воро́н	воров и 	
ворон	воро́н	всех 	
ворон	воро́н	гнезда 	
ворон	воро́н	группа 	
ворон	воро́н	заставлял 	
ворон	воро́н	карканье 	
ворон	воро́н	карканья 	
ворон	воро́н	каркающих 	
ворон	воро́н	крыс и 	
ворон	воро́н	ловить 	
ворон	воро́н	много 	
ворон	воро́н	от 	
ворон	воро́н	подманивать для тебя 	
ворон	воро́н	попугать 	
ворон	воро́н	собак, 	
ворон	воро́н	стаей 	
ворон	воро́н	стаи 	
ворон	воро́н	стая 	
ворон	воро́н	стрелял из них 	
ворон	воро́н	стрелять 	
ворон	воро́н	тучи 	
ворон	воро́н	чаек и 	
ворона	во́рона		 в нокаут
ворона	во́рона		 разобрали
ворона	во́рона	автомат 	
ворона	во́рона	в 	
ворона	во́рона	в глазах 	
ворона	во́рона	виднелся силуэт 	
ворона	во́рона	вижу 	
ворона	во́рона	выпьем за 	
ворона	во́рона	голос 	
ворона	во́рона	задача 	
ворона	во́рона	заставило 	
ворона	во́рона	и 	 уже
ворона	во́рона	на 	
ворона	во́рона	на помощь 	
ворона	во́рона	парящего 	
ворона	во́рона	перо 	
ворона	во́рона	перья 	
ворона	во́рона	птенцам 	
ворона	во́рона	реплике 	
ворона	во́рона	рождения 	
ворона	во́рона	смерть 	
ворона	во́рона	старого 	
ворона	во́рона	убил 	
ворона	во́рона	увидел 	
ворона	во́рона	уничтожить 	
ворона	во́рона	хребтом 	
ворона	во́рона	шаг 	
ворона	воро́на		 залетит
ворона	воро́на		 здешних мест
ворона	воро́на		 или сойка
ворона	воро́на		 садится
ворона	воро́на		 садящаяся
ворона	воро́на	а 	 с
ворона	воро́на	капитан 	
ворона	воро́на	не сорока 	
ворона	воро́на	эта 	
воронам	во́ронам	к 	
воронам	воро́нам	по 	
воронами	воро́нами	белыми 	
вороне	во́роне	парящем 	
вороне	воро́не	белой 	
вороне	воро́не	помахала 	
вороне	воро́не	пуганой 	
воронка	воро́нка	временная 	
воронка	воронка́	возле 	
воронка	воронка́	для 	
воронка	воронка́	около 	
воронка	воронка́	у 	
воронке	воро́нке	по 	
вороной	воро́ной	белой 	
вороной	воро́ной	быть белой 	
вороной	воро́ной	оборачиваться 	
вороной	вороно́й		 жеребец
вороной	вороно́й		 кобыле
вороной	вороно́й		 конь
вороной	вороно́й		 масти
вороной	вороно́й		 не выдал
вороной	вороно́й	благородный 	
вороной	вороно́й	был 	
вороной	вороно́й	конь 	
воронок	воро́нок	дорожки 	
воронок	вороно́к	в 	
воронок	вороно́к	ваш 	
вороном	во́роном	древним 	
вороном	во́роном	забытый 	
вороном	во́роном	парящим 	
вороном	вороно́м		 жеребце
вороном	вороно́м	в 	
вороном	вороно́м	на 	
ворону	во́рону	ворон 	
ворону	воро́ну		 свою
ворону	воро́ну	есть предстояло 	
ворону	воро́ну	на 	
ворону	воро́ну	попробовали 	
вороны	во́роны	африканские 	
вороны	воро́ны	белые 	
вороны	воро́ны	быстрые такие 	
вороны	воро́ны	им 	
вороны	воро́ны	как 	
вороны	воро́ны	клюют 	
вороны	воро́ны	местные 	
воронье	воро́нье		 карканье
воронье	воро́нье		 перо
воронье	вороньё́		 растаскивает
воронье	вороньё́	позади - 	
вороньем	воро́ньем		 гнезде
вороньем	воро́ньем	в 	
воронья	воронья́		 там кружит
воронья	воронья́	замок 	
воронья	воронья́	от 	
ворот	во́рот		 белой рубахи
ворот	во́рот		 белоснежной рубашки
ворот	во́рот		 заскрипел
ворот	во́рот		 и рукава
ворот	во́рот		 кителя
ворот	во́рот		 крутить
ворот	во́рот		 мундира
ворот	во́рот		 на груди
ворот	во́рот		 пальто
ворот	во́рот		 пиджака
ворот	во́рот		 плаща
ворот	во́рот		 пришит
ворот	во́рот		 провернулся
ворот	во́рот		 распахнут
ворот	во́рот		 рубахи
ворот	во́рот		 рубашки
ворот	во́рот		 свитера
ворот	во́рот		 тулупа
ворот	во́рот		 шинели
ворот	во́рот		 широко распахнут
ворот	во́рот	в 	
ворот	во́рот	вертят свой 	
ворот	во́рот	высокий 	
ворот	во́рот	за 	
ворот	во́рот	огромный 	
ворот	во́рот	ослабил 	
ворот	во́рот	отпустил 	
ворот	во́рот	это 	
ворот	во́рот	это - 	
ворот	воро́т		 ада
ворот	воро́т		 базы
ворот	воро́т		 бункера
ворот	воро́т		 города
ворот	воро́т		 дома
ворот	воро́т		 замка
ворот	воро́т		 и арок
ворот	воро́т		 и калиток
ворот	воро́т		 лагеря
ворот	воро́т		 локалов
ворот	воро́т		 по[homo] ворот [/homo]
ворот	воро́т		 склада
ворот	воро́т		 створов
ворот	воро́т		 стоят
ворот	воро́т		 тырговиште
ворот	воро́т	арки 	
ворот	воро́т	аркой 	
ворот	воро́т	арку 	
ворот	воро́т	близ 	
ворот	воро́т	близь 	
ворот	воро́т	брешь вдвое шире 	
ворот	воро́т	вблизи 	
ворот	воро́т	вдоль 	
ворот	воро́т	верх 	
ворот	воро́т	вместо 	
ворот	воро́т	внутрь 	
ворот	воро́т	возле 	
ворот	воро́т	вокруг 	
ворот	воро́т	восемь 	
ворот	воро́т	восточных 	
ворот	воро́т	вроде 	
ворот	воро́т	вторых 	
ворот	воро́т	входных 	
ворот	воро́т	въездных 	
ворот	воро́т	выездных 	
ворот	воро́т	из 	 города
ворот	воро́т	из за 	
ворот	воро́т	не было 	
ворот	воро́т	проем 	
ворот	воро́т	прямо около 	
ворот	воро́т	со стороны 	
ворот	воро́т	стены и 	
ворот	воро́т	у 	
ворот	воро́т	центр 	
ворот	воро́т	центральных 	
ворот	воро́т	щель 	
ворот	воро́т	этих 	
ворот	воро́т	южных 	
воротам	воро́там		 базы
воротам	воро́там		 города
воротам	воро́там		 мячом
воротам	воро́там		 цеха
воротам	воро́там	восточным 	
воротам	воро́там	городским 	
воротам	воро́там	железным 	
воротам	воро́там	золотым 	
воротам	воро́там	к 	
воротам	воро́там	к главным 	
воротам	воро́там	к приоткрытым 	
воротам	воро́там	моим 	
воротам	воро́там	по 	
воротам	воро́там	церковным 	
воротами	воро́тами		 и домиками
воротами	воро́тами		 тюрьмы
воротами	воро́тами	внушительными 	
воротами	воро́тами	двустворчатыми 	
воротами	воро́тами	за 	 базы
воротами	воро́тами	забором и 	
воротами	воро́тами	между 	
воротами	воро́тами	над 	
воротами	воро́тами	перед 	
воротами	воро́тами	перед 	 стоит
воротами	воро́тами	перед главными 	
воротами	воро́тами	перекошенными 	
воротами	воро́тами	поляну с 	
воротами	воро́тами	прерывалась 	
воротами	воро́тами	распахнутыми 	
воротами	воро́тами	стенами и 	
воротами	воро́тами	стеной и 	
воротами	воро́тами	украшением - 	
воротах	воро́тах		 ангара
воротах	воро́тах	в 	
воротах	воро́тах	главных 	
воротах	воро́тах	распахнутых 	
воротах	воро́тах	тесных 	
воротах	воро́тах	уж 	
воротах	воро́тах	чугунных 	
восстановите	восстано́вите	легко 	
впустите	впу́стите		
врезались	вреза́лись	настойчиво 	
врезались	вреза́лись	то 	
врезался	вре́зался		 головой
врезался	вре́зался	на бегу 	
врезаться	вре́заться		 в небо
врезаться	вре́заться	в стенку 	
врезаться	вре́заться	можно 	
врезаться	вреза́ться		 рубцами в
врезаться	вреза́ться	имеют свойство 	
врезаться	вреза́ться	стал 	
временная	вре́менная		 хозяйка
временная	временна́я		 аномалия
временная	временна́я		 волна
временная	временна́я		 воронка
временная	временна́я		 дыра
временная	временна́я		 линия
временная	временна́я		 петля
временная	временна́я		 шкала
временная	временна́я	пространственно 	
временного	вре́менного	места 	
временного	временно́го		 барьера
временного	временно́го		 вихря
временного	временно́го		 зазора
временного	временно́го		 интервала
временного	временно́го		 канала
временного	временно́го		 кокона
временного	временно́го		 коллапса
временного	временно́го		 континиума
временного	временно́го		 коридора
временного	временно́го		 масштаба
временного	временно́го		 отрезка
временного	временно́го		 парадокса
временного	временно́го		 переноса
временного	временно́го		 перехода
временного	временно́го		 периода
временного	временно́го		 поля
временного	временно́го		 потока
временного	временно́го		 предела
временного	временно́го		 провала
временного	временно́го		 промежутка
временного	временно́го		 сдвига
временного	временно́го		 сектора
временного	временно́го		 тоннеля
временного	временно́го		 туннеля
временного	временно́го		 цикла
временного	временно́го	пространственно 	
временного	временно́го	пространственно энергетически 	
временное	временно́е		 поле
временное	временно́е	пространственно 	
временной	вре́менной		 зоне
временной	вре́менной		 мерой
временной	вре́менной		 оболочке
временной	вре́менной		 остановки
временной	вре́менной		 потери
временной	вре́менной		 проводки
временной	вре́менной		 резиденции
временной	вре́менной		 свободы
временной	вре́менной		 стоянке
временной	вре́менной	будет 	
временной	временно́й		 анализ
временной	временно́й		 аномалии
временной	временно́й		 воронке
временной	временно́й		 зоны
временной	временно́й		 интервал
временной	временно́й		 канал
временной	временно́й		 кокон
временной	временно́й		 коллапс
временной	временно́й		 континиум
временной	временно́й		 координате
временной	временно́й		 лаг
временной	временно́й		 лимит
временной	временно́й		 линии
временной	временно́й		 люфт
временной	временно́й		 масштаб
временной	временно́й		 оси
временной	временно́й		 отрезок
временной	временно́й		 парадокс
временной	временно́й		 перенос
временной	временно́й		 переход
временной	временно́й		 период
временной	временно́й		 петли
временной	временно́й		 пласт
временной	временно́й		 плоскости
временной	временно́й		 показатель
временной	временно́й		 портал
временной	временно́й		 поток
временной	временно́й		 предел
временной	временно́й		 провал
временной	временно́й		 промежуток
временной	временно́й		 разницы
временной	временно́й		 сдвиг
временной	временно́й		 сектор
временной	временно́й		 слой
временной	временно́й		 спирали
временной	временно́й		 ткани
временной	временно́й		 точке
временной	временно́й		 трансформации
временной	временно́й		 цикл
временной	временно́й		 шкале
временной	временно́й	возник 	
временной	временно́й	конечный 	
временной	временно́й	пространственно 	
временном	вре́менном		 переезде
временном	вре́менном	во 	
временном	вре́менном	о 	 сотрудничестве
временном	временно́м		 измерении
временном	временно́м		 интервале
временном	временно́м		 континиуме
временном	временно́м		 масштабе
временном	временно́м		 отрезке
временном	временно́м		 парадоксе
временном	временно́м		 переходе
временном	временно́м		 периоде
временном	временно́м		 поле
временном	временно́м		 потоке
временном	временно́м		 промежутке
временном	временно́м		 пространстве
временном	временно́м		 сдвиге
временном	временно́м		 цикле
временном	временно́м	пространственно 	
временному	временно́му		 барьеру
временному	временно́му		 вихрю
временному	временно́му		 зазору
временному	временно́му		 измерению
временному	временно́му		 интервалу
временному	временно́му		 каналу
временному	временно́му		 кокону
временному	временно́му		 коллапсу
временному	временно́му		 континиуму
временному	временно́му		 коридору
временному	временно́му		 масштабу
временному	временно́му		 отрезку
временному	временно́му		 парадоксу
временному	временно́му		 переносу
временному	временно́му		 переходу
временному	временно́му		 периоду
временному	временно́му		 полю
временному	временно́му		 потоку
временному	временно́му		 пределу
временному	временно́му		 провалу
временному	временно́му		 промежутку
временному	временно́му		 пространству
временному	временно́му		 сдвигу
временному	временно́му		 сектору
временному	временно́му		 скачку
временному	временно́му		 тоннелю
временному	временно́му		 туннелю
временному	временно́му		 циклу
временному	временно́му	пространственно 	
временную	временну́ю		 аномалию
временную	временну́ю		 воронку
временную	временну́ю		 дыру
временную	временну́ю		 линию
временную	временну́ю		 петлю
временную	временну́ю		 шкалу
временную	временну́ю	пространственно 	
временные	вре́менные		 альянсы
временные	вре́менные		 неудобства
временные	вре́менные		 трудности
временные	временны́е		 интервалы
временные	временны́е		 отрезки
временные	временны́е		 парадоксы
временные	временны́е		 петли
временные	временны́е		 потоки
временные	временны́е		 промежутки
временные	временны́е		 пространства
временные	временны́е		 рамки
временные	временны́е		 эпохи
временные	временны́е	пространственно 	
временным	вре́менным		 хранилищем
временным	временны́м		 жильцам
временным	временны́м		 затратам
временным	временны́м		 интервалам
временным	временны́м		 меркам
временным	временны́м		 отрезкам
временным	временны́м		 парадоксам
временным	временны́м		 парадоксом
временным	временны́м		 петлям
временным	временны́м		 потокам
временным	временны́м		 промежуткам
временным	временны́м		 пространствам
временным	временны́м		 рамкам
временным	временны́м		 эпохам
временным	временны́м	пространственно 	
временными	временны́ми		 затратами
временными	временны́ми		 интервалами
временными	временны́ми		 отрезками
временными	временны́ми		 парадокси
временными	временны́ми		 петлями
временными	временны́ми		 потоками
временными	временны́ми		 промежутками
временными	временны́ми		 пространствами
временными	временны́ми		 рамками
временными	временны́ми		 эпохами
временными	временны́ми	ограничены 	
временными	временны́ми	пространственно 	
временных	временны́х		 интервалах
временных	временны́х		 интервалов
временных	временны́х		 контуров
временных	временны́х		 парадоксов
временных	временны́х		 промежутков
временных	временны́х		 пространств
временных	временны́х		 пространствах
временных	временны́х		 рамок
временных	временны́х		 эпох
временных	временны́х	повести 	
временных	временны́х	пространственно 	
временных	временны́х	разных 	 измерениях
все	все́		 достали
все	все́		 как один
все	все́		 сознавали
все	все́		 те
все	все́	заметили 	
все	все́	знали 	
все	все́	идите сюда 	
все	все́	на 	 замки от
все	все́	на 	 руки
все	все́	на 	 четыре стороны
все	все́	не 	 вести
все	все́	не стоит 	 яйца
все	все́	окрасив 	 стекла
все	все́	они и так 	 на виду
все	все́	осмотрел 	 замки
все	все́	осмотреть 	 дома
все	все́	осмотрим 	 дома
все	все́	отдам 	 деньги
все	все́	отпирая 	 замки
все	все́	отсек 	 удовольствия
все	все́	погибли 	
все	все́	попадаем 	
все	все́	приходите 	
все	все́	проверять 	 дома
все	все́	свои 	 дома
все	все́	семена 	 звали
все	все́	стесал 	 сучки
все	все́	уже почти 	 на берегу
все	всё́		 большим
все	всё́		 большую
все	всё́		 будет
все	всё́		 в порядке
все	всё́		 верно
все	всё́		 включено
все	всё́		 еще
все	всё́		 новые и новые
все	всё́		 одно
все	всё́		 равно
все	всё́		 сводите
все	всё́		 таки
все	всё́		 человечество
все	всё́		-таки
все	всё́	вот и 	
все	всё́	да 	 в порядке
все	всё́	и 	 же
все	всё́	но 	 же
все	всё́	расставив 	 по местам
все	всё́	расставил 	 по местам
все	всё́	расставила 	 по местам
все	всё́	расставили 	 по местам
все	всё́	уже здесь 	 помыли
всем	все́м		 без
всем	все́м		 видом
всем	все́м		 головы
всем	все́м		 желающим
всем	все́м		 замком
всем	все́м		 и хана
всем	все́м		 конец
всем	все́м		 лечь
всем	все́м		 моментально
всем	все́м		 новую
всем	все́м		 номера
всем	все́м		 поголовно
всем	все́м		 пора
всем	все́м		 пригодным
всем	все́м		 руки
всем	все́м		 своим
всем	все́м		 скопом
всем	все́м		 сразу
всем	все́м		 стало
всем	все́м		 телом
всем	все́м		 хана
всем	все́м		 хочется
всем	все́м		 хуже
всем	все́м		 этим
всем	все́м	а 	
всем	все́м	головы 	
всем	все́м	чтоб вам 	 передохнуть
всем	всё́м	был при 	
всем	всё́м	во 	
всем	всё́м	обо 	
всем	всё́м	обо 	 этом
всем	всё́м	при 	
всем	всё́м	этом 	 сидит
входите	вхо́дите		 в ту же организацию
входите	вхо́дите	в их число не 	
входите	вхо́дите	в число сотрудников не 	
входите	вхо́дите	в число этих сотрудников не 	
входите	вхо́дите	вы 	
входите	вхо́дите	потом 	
входите	входи́те		 без доклада
входите	входи́те		 и садитесь
входите	входи́те	да, 	
выводите	выво́дите	вы 	 из строя
выводите	выводи́те	то 	 меня
вывозили	вы́возили		 в
вывозили	вывози́ли		 за пределы
вывозили	вывози́ли		 из
вывозили	вывози́ли		 на
выкупает	выкупа́ет		 из
выкупает	выкупа́ет		 облигации
выкупал	выкупа́л		 из
выкупал	выкупа́л	побогаче 	
выкупали	вы́купали		 в
выкупали	выкупа́ли		 из
выкупали	выкупа́ли	у него 	
выкупались	выкупа́лись	бумаги 	
выкупались	выкупа́лись	объединялись и 	
выкупать	вы́купать	сама 	
выкупать	выкупа́ть		 родственников
выкупать	выкупа́ть		 товар
выкупать	выкупа́ть		 тот участок
выкупать	выкупа́ть		 у
выкупать	выкупа́ть		 этерналий
выкупают	выкупа́ют		 своих
вымпела	вы́мпела	алых 	
вымпела	вы́мпела	два 	
вымпела	вы́мпела	три 	
вымпела	вы́мпела	четыре 	
выносил	выноси́л		 суждения
выносил	выноси́л	не 	 ведра
выносил	выноси́л	приговор 	
выносила	вы́носила	сама 	
выносила	выноси́ла	часто 	
выносит	вы́носит		 и родит
выносит	вы́носит		 плод
выносит	выно́сит		 два
выносит	выно́сит		 меня из
выносит	выно́сит		 на обочину
выносит	выно́сит		 приговор
выносит	выно́сит		 решения
выносит	выно́сит		 сор
выносит	выно́сит	взрывом 	
выносит	выно́сит	мозги 	
выносит	выно́сит	не 	
выносит	выно́сит	послушно 	
выносит	выно́сит	следующие 	
выносит	выно́сит	трещотка 	
выносите	выно́сите		
выносите	выно́сите	вы 	
выносите	выно́сите	не 	
выносить	вы́носить		 малыша
выносить	вы́носить		 плод
выносить	выноси́ть		 боль
выносить	выноси́ть		 наружу
выносить	выноси́ть		 сор
выносить	выноси́ть		 удары
выносить	выноси́ть	это 	
выносишь	выно́сишь	не 	
выносят	выно́сят		 безапелляционный
выносят	выно́сят		 друг друга
выносят	выно́сят		 осуждающую резолюцию
выполним	вы́полним	часть 	
выполним	выполни́м	и реально 	
выполним	выполни́м	он 	
вырезал	вы́резал	уже 	
вырезал	выреза́л	шайки не 	
вырезать	вы́резать		 сможет
вырезать	вы́резать	и 	 себе
вырезать	вы́резать	надо было 	
вырезать	вы́резать	стоит 	
вырезать	выреза́ть		 нишу
вырезать	выреза́ть	будут 	
вырезать	выреза́ть	закончил 	
вырезать	выреза́ть	ловко 	 из
вырезать	выреза́ть	начал 	
вырезать	выреза́ть	начала 	
вырезать	выреза́ть	начало 	
вырезать	выреза́ть	стал 	
высоты	высо́ты	на 	
высоты	высо́ты	соседние 	
высоты	высо́ты	средние 	
высоты	высо́ты	те 	
высоты	высоты́		 двери
высоты	высоты́		 духа
высоты	высоты́		 седла
высоты	высоты́		 стены
высоты	высоты́	большей 	
высоты	высоты́	большой 	
высоты	высоты́	боязнью 	
высоты	высоты́	высочайшей 	
высоты	высоты́	головокружительной 	
высоты	высоты́	громадной 	
высоты	высоты́	до 	
высоты	высоты́	достиг 	
высоты	высоты́	достигать 	
высоты	высоты́	достигли 	
высоты	высоты́	достигнуть 	
высоты	высоты́	достичь 	
высоты	высоты́	значительной 	
высоты	высоты́	из за 	
высоты	высоты́	искусственной 	
высоты	высоты́	какой 	
высоты	высоты́	какой-то 	
высоты	высоты́	куполообразной 	
высоты	высоты́	на изменение 	
высоты	высоты́	набор 	
высоты	высоты́	набора 	
высоты	высоты́	набором 	
высоты	высоты́	наибольшей 	
высоты	высоты́	невиданной 	
высоты	высоты́	огромной 	
высоты	высоты́	от 	
высоты	высоты́	ощущение 	
высоты	высоты́	различной 	
высоты	высоты́	руль 	
высоты	высоты́	с 	
высоты	высоты́	с пятимильной 	
высоты	высоты́	с такой 	
высоты	высоты́	свидетельством 	
высоты	высоты́	спад 	
высоты	высоты́	средней 	
высоты	высоты́	страх 	
высоты	высоты́	такой 	
высоты	высоты́	треть 	
высоты	высоты́	удивительной 	
высоты	высоты́	устойчивой 	
высоты	высоты́	шаткой 	
высоты	высоты́	этой 	
высыпалась	высыпа́лась	я нормально 	
высыпались	вы́сыпались	семена 	
высыпать	высыпа́ть	стали 	
высыпаться	вы́сыпаться	мне 	
выходим	выхо́дим		 всем кагалом
выходить	вы́ходить		 детей
выходить	вы́ходить		 его
выходить	вы́ходить		 ее
выходить	вы́ходить		 их
выходить	вы́ходить	а петьку дома 	
выходить	выходи́ть		 за
выходить	выходи́ть		 на
выхожу	выхожу́		 в
вычитал	вы́читал		 в
вычитал	вы́читал		 в книгах
вычитал	вы́читал	там 	
вычитал	вычита́л		 деньги
вычитать	вы́читать		 из газет
вычитать	вы́читать		 из книг
вычитать	вы́читать	нигде 	
вычитать	вычита́ть		 и складывать
вычитать	вычита́ть	складывать и 	
газам	газа́м	по 	
гасите	гаси́те		 кровососа
гасите	гаси́те		 сразу
гасите	гаси́те	спички 	
гвоздик	гвозди́к	аромат 	
гвоздик	гвозди́к	букет 	
гвоздик	гвозди́к	букета 	
гвоздик	гвозди́к	букетами 	
гвоздик	гвозди́к	букетик 	
гвоздик	гвозди́к	букетом 	
гвоздик	гвозди́к	охапки 	
гвоздика	гво́здика	с 	
гвоздиками	гвозди́ками	с 	
гвоздики	гво́здики	винтики 	
гвоздики	гво́здики	насаживаясь на 	
гвоздики	гво́здики	серебряные 	
гвоздики	гвозди́ки	запахом 	
гвоздики	гвозди́ки	розы, 	
гвоздики	гвозди́ки	цветов 	
геном	ге́ном	одним 	
герой	ге́рой	с 	
главком	гла́вком	перед 	
главком	главко́м	главный 	
главы	гла́вы		 о
главы	гла́вы		 сами
главы	гла́вы	абзацы и 	
главы	гла́вы	были 	
главы	гла́вы	мои 	
главы	гла́вы	наши 	
главы	гла́вы	свои 	
главы	гла́вы	твои 	
главы	гла́вы	те 	
главы	гла́вы	части и 	
главы	гла́вы	читаю 	
главы	гла́вы	чьи та 	
главы	гла́вы	эти 	
главы	главы́		 дома
главы	главы́		 мусульманской общины
главы	главы́		 ордена
главы	главы́		 семьи
главы	главы́	апартаменты 	
главы	главы́	аресте 	
главы	главы́	будущего 	
главы	главы́	буква 	
главы	главы́	в честь 	
главы	главы́	верховного 	
главы	главы́	губы 	
главы	главы́	длиннее самой 	
главы	главы́	качестве 	
главы	главы́	на роль 	
главы	главы́	на слова 	
главы	главы́	подпись 	
главы	главы́	самой 	
главы	главы́	целой 	
главы	главы́	четыре 	
главы	главы́	этой 	
глаза	гла́за		стых [homo] глаза [/homo]
глаза	гла́за		стых его [homo] глаза [/homo]
глаза	гла́за		стых их [homo] глаза [/homo]
глаза	гла́за	августейших 	
глаза	гла́за	августейших его 	
глаза	гла́за	августейших их 	
глаза	гла́за	агатовых его 	
глаза	гла́за	агатовых их 	
глаза	гла́за	адамантовых его 	
глаза	гла́за	адамантовых их 	
глаза	гла́за	антрацитовых его 	
глаза	гла́за	антрацитовых их 	
глаза	гла́за	бабьих 	
глаза	гла́за	бабьих его 	
глаза	гла́за	бабьих их 	
глаза	гла́за	багровых его 	
глаза	гла́за	багровых их 	
глаза	гла́за	багрянистых 	
глаза	гла́за	багрянистых его 	
глаза	гла́за	багрянистых их 	
глаза	гла́за	бараньих 	
глаза	гла́за	бараньих их 	
глаза	гла́за	барсовых их 	
глаза	гла́за	барсуковых их 	
глаза	гла́за	барсучьих 	
глаза	гла́за	барсучьих их 	
глаза	гла́за	бархатистых 	
глаза	гла́за	бархатистых его 	
глаза	гла́за	бархатистых их 	
глаза	гла́за	батрачьих 	
глаза	гла́за	батрачьих его 	
глаза	гла́за	батрачьих их 	
глаза	гла́за	бдевших 	
глаза	гла́за	бдевших его 	
глаза	гла́за	бдевших их 	
глаза	гла́за	бдящих 	
глаза	гла́за	бдящих его 	
глаза	гла́за	бдящих их 	
глаза	гла́за	бегавших 	
глаза	гла́за	бегавших его 	
глаза	гла́за	бегавших их 	
глаза	гла́за	бегающих 	
глаза	гла́за	бегающих его 	
глаза	гла́за	бегающих их 	
глаза	гла́за	бедноватых 	
глаза	гла́за	бедноватых его 	
глаза	гла́за	бедноватых их 	
глаза	гла́за	бедовых его 	
глаза	гла́за	бедовых их 	
глаза	гла́за	без 	
глаза	гла́за	безглазых 	
глаза	гла́за	безглазых его 	
глаза	гла́за	безглазых их 	
глаза	гла́за	безжалостного 	
глаза	гла́за	беззастенчивых его 	
глаза	гла́за	беззастенчивых их 	
глаза	гла́за	безмозглых 	
глаза	гла́за	безмозглых его 	
глаза	гла́за	безмозглых их 	
глаза	гла́за	безыскровых его 	
глаза	гла́за	безыскровых их 	
глаза	гла́за	белевших 	
глаза	гла́за	белевших его 	
глаза	гла́за	белевших их 	
глаза	гла́за	белейших 	
глаза	гла́за	белейших его 	
глаза	гла́за	белейших их 	
глаза	гла́за	белесоватых 	
глаза	гла́за	белесоватых его 	
глаза	гла́за	белесоватых их 	
глаза	гла́за	белеющих 	
глаза	гла́за	белеющих его 	
глаза	гла́за	белеющих их 	
глаза	гла́за	беличьих 	
глаза	гла́за	беличьих его 	
глаза	гла́за	беличьих их 	
глаза	гла́за	беловатых 	
глаза	гла́за	беловатых его 	
глаза	гла́за	беловатых их 	
глаза	гла́за	беловых его 	
глаза	гла́за	беловых их 	
глаза	гла́за	белужьих 	
глаза	гла́за	белужьих их 	
глаза	гла́за	белых 	
глаза	гла́за	белых его 	
глаза	гла́за	белых их 	
глаза	гла́за	бельм 	
глаза	гла́за	бельм его 	
глаза	гла́за	бельм моего 	
глаза	гла́за	бельма 	
глаза	гла́за	бельма его 	
глаза	гла́за	бельма моего 	
глаза	гла́за	бельмам 	
глаза	гла́за	бельмам его 	
глаза	гла́за	бельмам моего 	
глаза	гла́за	бельмами 	
глаза	гла́за	бельмами его 	
глаза	гла́за	бельмами моего 	
глаза	гла́за	бельмастых 	
глаза	гла́за	бельмастых его 	
глаза	гла́за	бельмастых их 	
глаза	гла́за	бельмах 	
глаза	гла́за	бельмах его 	
глаза	гла́за	бельмах моего 	
глаза	гла́за	бельме 	
глаза	гла́за	бельме его 	
глаза	гла́за	бельме моего 	
глаза	гла́за	бельмо 	
глаза	гла́за	бельмо его 	
глаза	гла́за	бельмо моего 	
глаза	гла́за	бельмовых его 	
глаза	гла́за	бельмовых их 	
глаза	гла́за	бельмом 	
глаза	гла́за	бельмом его 	
глаза	гла́за	бельмом моего 	
глаза	гла́за	бельму 	
глаза	гла́за	бельму его 	
глаза	гла́за	бельму моего 	
глаза	гла́за	бесноватых 	
глаза	гла́за	бесноватых его 	
глаза	гла́за	бесноватых их 	
глаза	гла́за	бесстыжих 	
глаза	гла́за	бесстыжих его 	
глаза	гла́за	бесстыжих их 	
глаза	гла́за	бестелесного 	
глаза	гла́за	бестолковых его 	
глаза	гла́за	бестолковых их 	
глаза	гла́за	бесящих 	
глаза	гла́за	бесящих его 	
глаза	гла́за	бесящих их 	
глаза	гла́за	бизоновых их 	
глаза	гла́за	бизоньих 	
глаза	гла́за	бизоньих их 	
глаза	гла́за	битых 	
глаза	гла́за	битых его 	
глаза	гла́за	битых их 	
глаза	гла́за	битюжьих 	
глаза	гла́за	битюжьих их 	
глаза	гла́за	благороднейших 	
глаза	гла́за	благороднейших его 	
глаза	гла́за	благороднейших их 	
глаза	гла́за	благочестивых его 	
глаза	гла́за	благочестивых их 	
глаза	гла́за	бледноватых 	
глаза	гла́за	бледноватых его 	
глаза	гла́за	бледноватых их 	
глаза	гла́за	блеснувших 	
глаза	гла́за	блеснувших его 	
глаза	гла́за	блеснувших их 	
глаза	гла́за	блестевших 	
глаза	гла́за	блестевших его 	
глаза	гла́за	блестевших их 	
глаза	гла́за	блестящих 	
глаза	гла́за	блестящих его 	
глаза	гла́за	блестящих их 	
глаза	гла́за	ближних 	
глаза	гла́за	ближних его 	
глаза	гла́за	ближних их 	
глаза	гла́за	близнецовых его 	
глаза	гла́за	близнецовых их 	
глаза	гла́за	блудливых его 	
глаза	гла́за	блудливых их 	
глаза	гла́за	блуждающих 	
глаза	гла́за	блуждающих его 	
глаза	гла́за	блуждающих их 	
глаза	гла́за	бодрых 	
глаза	гла́за	бодрых его 	
глаза	гла́за	бодрых их 	
глаза	гла́за	бодрящих 	
глаза	гла́за	бодрящих его 	
глаза	гла́за	бодрящих их 	
глаза	гла́за	боевых его 	
глаза	гла́за	боевых их 	
глаза	гла́за	болеющих 	
глаза	гла́за	болеющих его 	
глаза	гла́за	болеющих их 	
глаза	гла́за	большеглазых 	
глаза	гла́за	большеглазых его 	
глаза	гла́за	большеглазых их 	
глаза	гла́за	борзых 	
глаза	гла́за	борзых его 	
глаза	гла́за	борзых их 	
глаза	гла́за	боязливых его 	
глаза	гла́за	боязливых их 	
глаза	гла́за	бравых его 	
глаза	гла́за	бравых их 	
глаза	гла́за	братних 	
глаза	гла́за	братних его 	
глаза	гла́за	братних их 	
глаза	гла́за	братолюбивых его 	
глаза	гла́за	братолюбивых их 	
глаза	гла́за	бродяжьих 	
глаза	гла́за	бродяжьих его 	
глаза	гла́за	бродяжьих их 	
глаза	гла́за	бульдожьих 	
глаза	гла́за	бульдожьих их 	
глаза	гла́за	бурых 	
глаза	гла́за	бурых его 	
глаза	гла́за	бурых их 	
глаза	гла́за	бывалых 	
глаза	гла́за	бывалых его 	
глаза	гла́за	бывалых их 	
глаза	гла́за	быковатых 	
глаза	гла́за	быковатых их 	
глаза	гла́за	быстроглазых 	
глаза	гла́за	быстроглазых его 	
глаза	гла́за	быстроглазых их 	
глаза	гла́за	быстрых 	
глаза	гла́за	быстрых его 	
глаза	гла́за	быстрых их 	
глаза	гла́за	бычачьих 	
глаза	гла́за	бычачьих их 	
глаза	гла́за	бычковых их 	
глаза	гла́за	бычьего 	
глаза	гла́за	бычьих 	
глаза	гла́за	бычьих их 	
глаза	гла́за	в пол 	
глаза	гла́за	васильковых его 	
глаза	гла́за	васильковых их 	
глаза	гла́за	вашего 	
глаза	гла́за	вбитых 	
глаза	гла́за	вбитых его 	
глаза	гла́за	вбитых их 	
глаза	гла́за	вбок 	
глаза	гла́за	ввалившихся 	
глаза	гла́за	ввалившихся его 	
глаза	гла́за	ввалившихся их 	
глаза	гла́за	вдавившихся 	
глаза	гла́за	вдавившихся его 	
глаза	гла́за	вдавившихся их 	
глаза	гла́за	вдовьих 	
глаза	гла́за	вдовьих их 	
глаза	гла́за	вдоль 	
глаза	гла́за	вдумчивых его 	
глаза	гла́за	вдумчивых их 	
глаза	гла́за	вежливых его 	
глаза	гла́за	вежливых их 	
глаза	гла́за	вездесущих 	
глаза	гла́за	вездесущих его 	
глаза	гла́за	вездесущих их 	
глаза	гла́за	великолепнейших 	
глаза	гла́за	великолепнейших его 	
глаза	гла́за	великолепнейших их 	
глаза	гла́за	величавых его 	
глаза	гла́за	величавых их 	
глаза	гла́за	величайших 	
глаза	гла́за	величайших его 	
глаза	гла́за	величайших их 	
глаза	гла́за	верблюжьих 	
глаза	гла́за	верблюжьих его 	
глаза	гла́за	верблюжьих их 	
глаза	гла́за	веривших 	
глаза	гла́за	веривших его 	
глаза	гла́за	веривших их 	
глаза	гла́за	вернейших 	
глаза	гла́за	вернейших его 	
глаза	гла́за	вернейших их 	
глаза	гла́за	вероломствовавших 	
глаза	гла́за	вероломствовавших его 	
глаза	гла́за	вероломствовавших их 	
глаза	гла́за	вероломствующих 	
глаза	гла́за	вероломствующих его 	
глаза	гла́за	вероломствующих их 	
глаза	гла́за	веротерпимых 	
глаза	гла́за	веротерпимых его 	
глаза	гла́за	веротерпимых их 	
глаза	гла́за	вертлявых его 	
глаза	гла́за	вертлявых их 	
глаза	гла́за	веселеющих 	
глаза	гла́за	веселеющих его 	
глаза	гла́за	веселеющих их 	
глаза	гла́за	вещих 	
глаза	гла́за	вещих его 	
глаза	гла́за	вещих их 	
глаза	гла́за	взрослых 	
глаза	гла́за	взрослых его 	
глаза	гла́за	взрослых их 	
глаза	гла́за	виде 	
глаза	гла́за	видимых 	
глаза	гла́за	видимых его 	
глаза	гла́за	видимых их 	
глаза	гла́за	влепил в центр 	
глаза	гла́за	вместо 	
глаза	гла́за	внучьих 	
глаза	гла́за	внучьих его 	
глаза	гла́за	внучьих их 	
глаза	гла́за	водянистых 	
глаза	гла́за	водянистых его 	
глаза	гла́за	водянистых их 	
глаза	гла́за	возбуждающих 	
глаза	гла́за	возбуждающих его 	
глаза	гла́за	возбуждающих их 	
глаза	гла́за	возле 	
глаза	гла́за	возмужалых 	
глаза	гла́за	возмужалых его 	
глаза	гла́за	возмужалых их 	
глаза	гла́за	возничьих 	
глаза	гла́за	возничьих его 	
глаза	гла́за	возничьих их 	
глаза	гла́за	вокруг 	
глаза	гла́за	волчьих 	
глаза	гла́за	волчьих их 	
глаза	гла́за	воробьих 	
глаза	гла́за	воробьих их 	
глаза	гла́за	вороватых 	
глаза	гла́за	вороватых его 	
глаза	гла́за	вороватых их 	
глаза	гла́за	вороньих 	
глаза	гла́за	вороньих их 	
глаза	гла́за	вострых 	
глаза	гла́за	вострых его 	
глаза	гла́за	вострых их 	
глаза	гла́за	впавших 	
глаза	гла́за	впавших его 	
глаза	гла́за	впавших их 	
глаза	гла́за	впадающих 	
глаза	гла́за	впадающих его 	
глаза	гла́за	впадающих их 	
глаза	гла́за	впалых 	
глаза	гла́за	впалых его 	
глаза	гла́за	впалых их 	
глаза	гла́за	впившихся 	
глаза	гла́за	впившихся его 	
глаза	гла́за	впившихся их 	
глаза	гла́за	вравших 	
глаза	гла́за	вравших его 	
глаза	гла́за	вравших их 	
глаза	гла́за	вражеского 	
глаза	гла́за	вражьих 	
глаза	гла́за	вражьих его 	
глаза	гла́за	вражьих их 	
глаза	гла́за	вреднейших 	
глаза	гла́за	вреднейших его 	
глаза	гла́за	вреднейших их 	
глаза	гла́за	всевидящих 	
глаза	гла́за	всевидящих его 	
глаза	гла́за	всевидящих их 	
глаза	гла́за	вспугнутых 	
глаза	гла́за	вспугнутых его 	
глаза	гла́за	вспугнутых их 	
глаза	гла́за	вспухавших 	
глаза	гла́за	вспухавших его 	
глаза	гла́за	вспухавших их 	
глаза	гла́за	вспухающих 	
глаза	гла́за	вспухающих его 	
глаза	гла́за	вспухающих их 	
глаза	гла́за	вспухлых 	
глаза	гла́за	вспухлых его 	
глаза	гла́за	вспухлых их 	
глаза	гла́за	вспухших 	
глаза	гла́за	вспухших его 	
глаза	гла́за	вспухших их 	
глаза	гла́за	вспыхивавших 	
глаза	гла́за	вспыхивавших его 	
глаза	гла́за	вспыхивавших их 	
глаза	гла́за	вспыхивающих 	
глаза	гла́за	вспыхивающих его 	
глаза	гла́за	вспыхивающих их 	
глаза	гла́за	вспыхнувших 	
глаза	гла́за	вспыхнувших его 	
глаза	гла́за	вспыхнувших их 	
глаза	гла́за	второго 	
глаза	гла́за	выбитых 	
глаза	гла́за	выбитых его 	
глаза	гла́за	выбитых их 	
глаза	гла́за	выболевших 	
глаза	гла́за	выболевших его 	
глаза	гла́за	выболевших их 	
глаза	гла́за	выжигающего 	
глаза	гла́за	выковырнутых 	
глаза	гла́за	выковырнутых его 	
глаза	гла́за	выковырнутых их 	
глаза	гла́за	выколотых 	
глаза	гла́за	выколотых его 	
глаза	гла́за	выколотых их 	
глаза	гла́за	выколупнутых 	
глаза	гла́за	выколупнутых его 	
глаза	гла́за	выколупнутых их 	
глаза	гла́за	вылезавших 	
глаза	гла́за	вылезавших его 	
глаза	гла́за	вылезавших их 	
глаза	гла́за	вылезающих 	
глаза	гла́за	вылезающих его 	
глаза	гла́за	вылезающих их 	
глаза	гла́за	вылезших 	
глаза	гла́за	вылезших его 	
глаза	гла́за	вылезших их 	
глаза	гла́за	выцвелых 	
глаза	гла́за	выцвелых его 	
глаза	гла́за	выцвелых их 	
глаза	гла́за	выцветавших 	
глаза	гла́за	выцветавших его 	
глаза	гла́за	выцветавших их 	
глаза	гла́за	выцветающих 	
глаза	гла́за	выцветающих его 	
глаза	гла́за	выцветающих их 	
глаза	гла́за	выцветших 	
глаза	гла́за	выцветших его 	
глаза	гла́за	выцветших их 	
глаза	гла́за	выше 	
глаза	гла́за	вялых 	
глаза	гла́за	вялых его 	
глаза	гла́за	вялых их 	
глаза	гла́за	гадливых его 	
глаза	гла́за	гадливых их 	
глаза	гла́за	гадючьих 	
глаза	гла́за	гадючьих их 	
глаза	гла́за	глазевших 	
глаза	гла́за	глазевших его 	
глаза	гла́за	глазевших их 	
глаза	гла́за	глазеющих 	
глаза	гла́за	глазеющих его 	
глаза	гла́за	глазеющих их 	
глаза	гла́за	глубочайших 	
глаза	гла́за	глубочайших его 	
глаза	гла́за	глубочайших их 	
глаза	гла́за	глумливых его 	
глаза	гла́за	глумливых их 	
глаза	гла́за	глупейших 	
глаза	гла́за	глупейших его 	
глаза	гла́за	глупейших их 	
глаза	гла́за	глуповатых 	
глаза	гла́за	глуповатых его 	
глаза	гла́за	глуповатых их 	
глаза	гла́за	глупых 	
глаза	гла́за	глупых его 	
глаза	гла́за	глупых их 	
глаза	гла́за	глядевших 	
глаза	гла́за	глядевших его 	
глаза	гла́за	глядевших их 	
глаза	гла́за	глядящих 	
глаза	гла́за	глядящих его 	
глаза	гла́за	глядящих их 	
глаза	гла́за	гниловатых 	
глаза	гла́за	гниловатых его 	
глаза	гла́за	гниловатых их 	
глаза	гла́за	гнилых 	
глаза	гла́за	гнилых его 	
глаза	гла́за	гнилых их 	
глаза	гла́за	гниющих 	
глаза	гла́за	гниющих его 	
глаза	гла́за	гниющих их 	
глаза	гла́за	гноеточивых его 	
глаза	гла́за	гноеточивых их 	
глаза	гла́за	гноимых 	
глаза	гла́за	гноимых его 	
глаза	гла́за	гноимых их 	
глаза	гла́за	гнойничковых его 	
глаза	гла́за	гнойничковых их 	
глаза	гла́за	голубевших 	
глаза	гла́за	голубевших его 	
глаза	гла́за	голубевших их 	
глаза	гла́за	голубеющих 	
глаза	гла́за	голубеющих его 	
глаза	гла́за	голубеющих их 	
глаза	гла́за	голубоватых 	
глаза	гла́за	голубоватых его 	
глаза	гла́за	голубоватых их 	
глаза	гла́за	голубоглазых 	
глаза	гла́за	голубоглазых его 	
глаза	гла́за	голубоглазых их 	
глаза	гла́за	голубых 	
глаза	гла́за	голубых его 	
глаза	гла́за	голубых их 	
глаза	гла́за	горделивых его 	
глаза	гла́за	горделивых их 	
глаза	гла́за	гордых 	
глаза	гла́за	гордых его 	
глаза	гла́за	гордых их 	
глаза	гла́за	горящих 	
глаза	гла́за	горящих его 	
глаза	гла́за	горящих их 	
глаза	гла́за	грозящих 	
глаза	гла́за	грозящих его 	
глаза	гла́за	грозящих их 	
глаза	гла́за	грубоватых 	
глаза	гла́за	грубоватых его 	
глаза	гла́за	грубоватых их 	
глаза	гла́за	грубых 	
глаза	гла́за	грубых его 	
глаза	гла́за	грубых их 	
глаза	гла́за	губящих 	
глаза	гла́за	губящих его 	
глаза	гла́за	губящих их 	
глаза	гла́за	гусячьих 	
глаза	гла́за	гусячьих их 	
глаза	гла́за	два 	
глаза	гла́за	два его 	
глаза	гла́за	два их 	
глаза	гла́за	два моих 	
глаза	гла́за	девичьих 	
глаза	гла́за	девичьих их 	
глаза	гла́за	девчачьих 	
глаза	гла́за	девчачьих их 	
глаза	гла́за	девчоночьих 	
глаза	гла́за	девчоночьих их 	
глаза	гла́за	дедовых его 	
глаза	гла́за	дедовых их 	
глаза	гла́за	деловитых 	
глаза	гла́за	деловитых его 	
глаза	гла́за	деловитых их 	
глаза	гла́за	деловых его 	
глаза	гла́за	деловых их 	
глаза	гла́за	дельфиньих 	
глаза	гла́за	дельфиньих их 	
глаза	гла́за	диковатых 	
глаза	гла́за	диковатых его 	
глаза	гла́за	диковатых их 	
глаза	гла́за	для 	
глаза	гла́за	для его 	
глаза	гла́за	для их 	
глаза	гла́за	для моего 	
глаза	гла́за	дневных 	
глаза	гла́за	до 	
глаза	гла́за	добрых 	
глаза	гла́за	добрых его 	
глаза	гла́за	добрых их 	
глаза	гла́за	доверчивых его 	
глаза	гла́за	доверчивых их 	
глаза	гла́за	догнивавших 	
глаза	гла́за	догнивавших его 	
глаза	гла́за	догнивавших их 	
глаза	гла́за	догнивающих 	
глаза	гла́за	догнивающих его 	
глаза	гла́за	догнивающих их 	
глаза	гла́за	догнивших 	
глаза	гла́за	догнивших его 	
глаза	гла́за	догнивших их 	
глаза	гла́за	доел 	
глаза	гла́за	дорогих 	
глаза	гла́за	дорогих его 	
глаза	гла́за	дорогих их 	
глаза	гла́за	драконьего 	
глаза	гла́за	драконьих 	
глаза	гла́за	драконьих их 	
глаза	гла́за	древних 	
глаза	гла́за	древних его 	
глаза	гла́за	древних их 	
глаза	гла́за	других 	
глаза	гла́за	других его 	
глаза	гла́за	других их 	
глаза	гла́за	дрянноватых 	
глаза	гла́за	дрянноватых его 	
глаза	гла́за	дрянноватых их 	
глаза	гла́за	дряхлых 	
глаза	гла́за	дряхлых его 	
глаза	гла́за	дряхлых их 	
глаза	гла́за	дураковатых 	
глаза	гла́за	дураковатых его 	
глаза	гла́за	дураковатых их 	
глаза	гла́за	дурашливых его 	
глаза	гла́за	дурашливых их 	
глаза	гла́за	дурьих 	
глаза	гла́за	дурьих его 	
глаза	гла́за	дурьих их 	
глаза	гла́за	дятловых их 	
глаза	гла́за	ершовых их 	
глаза	гла́за	жабьих 	
глаза	гла́за	жабьих их 	
глаза	гла́за	жалостливых его 	
глаза	гла́за	жалостливых их 	
глаза	гла́за	жалчайших 	
глаза	гла́за	жалчайших его 	
глаза	гла́за	жалчайших их 	
глаза	гла́за	жалящих 	
глаза	гла́за	жалящих его 	
глаза	гла́за	жалящих их 	
глаза	гла́за	жаровых его 	
глаза	гла́за	жаровых их 	
глаза	гла́за	жгучих 	
глаза	гла́за	жгучих его 	
глаза	гла́за	жгучих их 	
глаза	гла́за	жгущих 	
глаза	гла́за	жгущих его 	
глаза	гла́за	жгущих их 	
глаза	гла́за	ждавших 	
глаза	гла́за	ждавших его 	
глаза	гла́за	ждавших их 	
глаза	гла́за	ждущих 	
глаза	гла́за	ждущих его 	
глаза	гла́за	ждущих их 	
глаза	гла́за	желтевших 	
глаза	гла́за	желтевших его 	
глаза	гла́за	желтевших их 	
глаза	гла́за	желтеющих 	
глаза	гла́за	желтеющих его 	
глаза	гла́за	желтеющих их 	
глаза	гла́за	желтоватых 	
глаза	гла́за	желтоватых его 	
глаза	гла́за	желтоватых их 	
глаза	гла́за	желтоглазых 	
глаза	гла́за	желтоглазых его 	
глаза	гла́за	желтоглазых их 	
глаза	гла́за	желтящих 	
глаза	гла́за	желтящих его 	
глаза	гла́за	желтящих их 	
глаза	гла́за	жеребячьих 	
глаза	гла́за	жеребячьих их 	
глаза	гла́за	жестковатых 	
глаза	гла́за	жестковатых его 	
глаза	гла́за	жестковатых их 	
глаза	гла́за	жестокосердых 	
глаза	гла́за	жестокосердых его 	
глаза	гла́за	жестокосердых их 	
глаза	гла́за	жесточайших 	
глаза	гла́за	жесточайших его 	
глаза	гла́за	жесточайших их 	
глаза	гла́за	живучих 	
глаза	гла́за	живучих его 	
глаза	гла́за	живучих их 	
глаза	гла́за	живых его 	
глаза	гла́за	живых их 	
глаза	гла́за	жизнелюбивых его 	
глаза	гла́за	жизнелюбивых их 	
глаза	гла́за	жилка 	
глаза	гла́за	жилка его 	
глаза	гла́за	жилка моего 	
глаза	гла́за	жилкам 	
глаза	гла́за	жилкам его 	
глаза	гла́за	жилкам моего 	
глаза	гла́за	жилками 	
глаза	гла́за	жилками его 	
глаза	гла́за	жилками моего 	
глаза	гла́за	жилках 	
глаза	гла́за	жилках его 	
глаза	гла́за	жилках моего 	
глаза	гла́за	жилке 	
глаза	гла́за	жилке его 	
глаза	гла́за	жилке моего 	
глаза	гла́за	жилки 	
глаза	гла́за	жилки его 	
глаза	гла́за	жилки моего 	
глаза	гла́за	жилковатых 	
глаза	гла́за	жилковатых его 	
глаза	гла́за	жилковатых их 	
глаза	гла́за	жилкой 	
глаза	гла́за	жилкой его 	
глаза	гла́за	жилкой моего 	
глаза	гла́за	жилкою 	
глаза	гла́за	жилкою его 	
глаза	гла́за	жилкою моего 	
глаза	гла́за	жилку 	
глаза	гла́за	жилку его 	
глаза	гла́за	жилку моего 	
глаза	гла́за	жилок 	
глаза	гла́за	жилок его 	
глаза	гла́за	жилок моего 	
глаза	гла́за	жмуримых 	
глаза	гла́за	жмуримых его 	
глаза	гла́за	жмуримых их 	
глаза	гла́за	жуликоватых 	
глаза	гла́за	жуликоватых его 	
глаза	гла́за	жуликоватых их 	
глаза	гла́за	журимых 	
глаза	гла́за	журимых его 	
глаза	гла́за	журимых их 	
глаза	гла́за	жутковатых 	
глаза	гла́за	жутковатых его 	
глаза	гла́за	жутковатых их 	
глаза	гла́за	забавнейших 	
глаза	гла́за	забавнейших его 	
глаза	гла́за	забавнейших их 	
глаза	гла́за	забелевших 	
глаза	гла́за	забелевших его 	
глаза	гла́за	забелевших их 	
глаза	гла́за	заботливых его 	
глаза	гла́за	заботливых их 	
глаза	гла́за	завидущих 	
глаза	гла́за	завидущих его 	
глаза	гла́за	завидущих их 	
глаза	гла́за	завидующих 	
глаза	гла́за	завидующих его 	
глаза	гла́за	завидующих их 	
глаза	гла́за	завистливых его 	
глаза	гла́за	завистливых их 	
глаза	гла́за	загнивавших 	
глаза	гла́за	загнивавших его 	
глаза	гла́за	загнивавших их 	
глаза	гла́за	загнивающих 	
глаза	гла́за	загнивающих его 	
глаза	гла́за	загнивающих их 	
глаза	гла́за	загнивших 	
глаза	гла́за	загнивших его 	
глаза	гла́за	загнивших их 	
глаза	гла́за	загноивших 	
глаза	гла́за	загноивших его 	
глаза	гла́за	загноивших их 	
глаза	гла́за	задиристых 	
глаза	гла́за	задиристых его 	
глаза	гла́за	задиристых их 	
глаза	гла́за	зажмуривших 	
глаза	гла́за	зажмуривших его 	
глаза	гла́за	зажмуривших их 	
глаза	гла́за	запылавших 	
глаза	гла́за	запылавших его 	
глаза	гла́за	запылавших их 	
глаза	гла́за	здоровущих 	
глаза	гла́за	здоровущих его 	
глаза	гла́за	здоровущих их 	
глаза	гла́за	здоровых его 	
глаза	гла́за	здоровых их 	
глаза	гла́за	зеленоватых 	
глаза	гла́за	зеленоватых его 	
глаза	гла́за	зеленоватых их 	
глаза	гла́за	земного 	
глаза	гла́за	злейших 	
глаза	гла́за	злейших его 	
глаза	гла́за	злейших их 	
глаза	гла́за	злеющих 	
глаза	гла́за	злеющих его 	
глаза	гла́за	злеющих их 	
глаза	гла́за	зливших 	
глаза	гла́за	зливших его 	
глаза	гла́за	зливших их 	
глаза	гла́за	зловещих 	
глаза	гла́за	зловещих его 	
глаза	гла́за	зловещих их 	
глаза	гла́за	злых 	
глаза	гла́за	злых его 	
глаза	гла́за	злых их 	
глаза	гла́за	злющих 	
глаза	гла́за	злющих его 	
глаза	гла́за	злющих их 	
глаза	гла́за	знакомых 	
глаза	гла́за	знакомых его 	
глаза	гла́за	знакомых их 	
глаза	гла́за	значащих 	
глаза	гла́за	значащих его 	
глаза	гла́за	значащих их 	
глаза	гла́за	значивших 	
глаза	гла́за	значивших его 	
глаза	гла́за	значивших их 	
глаза	гла́за	значимых 	
глаза	гла́за	значимых его 	
глаза	гла́за	значимых их 	
глаза	гла́за	зовущих 	
глаза	гла́за	зовущих его 	
глаза	гла́за	зовущих их 	
глаза	гла́за	золотистых 	
глаза	гла́за	золотистых его 	
глаза	гла́за	золотистых их 	
глаза	гла́за	зрачковых его 	
глаза	гла́за	зрачковых их 	
глаза	гла́за	зрячих 	
глаза	гла́за	зрячих его 	
глаза	гла́за	зрячих их 	
глаза	гла́за	зудящих 	
глаза	гла́за	зудящих его 	
глаза	гла́за	зудящих их 	
глаза	гла́за	игривых его 	
глаза	гла́за	игривых их 	
глаза	гла́за	из 	
глаза	гла́за	из его 	
глаза	гла́за	из за 	
глаза	гла́за	из их 	
глаза	гла́за	из моих 	
глаза	гла́за	из под 	
глаза	гла́за	изображение 	
глаза	гла́за	изображение его 	
глаза	гла́за	изображение моего 	
глаза	гла́за	изображением 	
глаза	гла́за	изображением его 	
глаза	гла́за	изображением моего 	
глаза	гла́за	изображении 	
глаза	гла́за	изображении его 	
глаза	гла́за	изображении моего 	
глаза	гла́за	изображений 	
глаза	гла́за	изображений его 	
глаза	гла́за	изображений моего 	
глаза	гла́за	изображению 	
глаза	гла́за	изображению его 	
глаза	гла́за	изображению моего 	
глаза	гла́за	изображения 	
глаза	гла́за	изображения его 	
глаза	гла́за	изображения моего 	
глаза	гла́за	изображениям 	
глаза	гла́за	изображениям его 	
глаза	гла́за	изображениям моего 	
глаза	гла́за	изображениями 	
глаза	гла́за	изображениями его 	
глаза	гла́за	изображениями моего 	
глаза	гла́за	изображениях 	
глаза	гла́за	изображениях его 	
глаза	гла́за	изображениях моего 	
глаза	гла́за	изящнейших 	
глаза	гла́за	изящнейших его 	
глаза	гла́за	изящнейших их 	
глаза	гла́за	индюшачьих 	
глаза	гла́за	индюшачьих их 	
глаза	гла́за	индюшечьих 	
глаза	гла́за	индюшечьих их 	
глаза	гла́за	ишачьих 	
глаза	гла́за	ишачьих их 	
глаза	гла́за	кабаньих 	
глаза	гла́за	кабаньих их 	
глаза	гла́за	казачьих 	
глаза	гла́за	казачьих его 	
глаза	гла́за	казачьих их 	
глаза	гла́за	карасьих 	
глаза	гла́за	карасьих их 	
глаза	гла́за	кареглазых 	
глаза	гла́за	кареглазых его 	
глаза	гла́за	кареглазых их 	
глаза	гла́за	карего 	
глаза	гла́за	карих 	
глаза	гла́за	карих его 	
глаза	гла́за	карих их 	
глаза	гла́за	касающийся его 	
глаза	гла́за	кипевших 	
глаза	гла́за	кипевших его 	
глаза	гла́за	кипевших их 	
глаза	гла́за	кипучих 	
глаза	гла́за	кипучих его 	
глаза	гла́за	кипучих их 	
глаза	гла́за	кипящих 	
глаза	гла́за	кипящих его 	
глаза	гла́за	кипящих их 	
глаза	гла́за	китовых их 	
глаза	гла́за	клятых 	
глаза	гла́за	клятых его 	
глаза	гла́за	клятых их 	
глаза	гла́за	княжьих 	
глаза	гла́за	княжьих его 	
глаза	гла́за	княжьих их 	
глаза	гла́за	кобыльих 	
глаза	гла́за	кобыльих их 	
глаза	гла́за	козьих 	
глаза	гла́за	козьих их 	
глаза	гла́за	коровьих 	
глаза	гла́за	коровьих их 	
глаза	гла́за	косых 	
глаза	гла́за	косых его 	
глаза	гла́за	косых их 	
глаза	гла́за	косящих 	
глаза	гла́за	косящих его 	
глаза	гла́за	косящих их 	
глаза	гла́за	кошачьих 	
глаза	гла́за	кошачьих их 	
глаза	гла́за	крае 	
глаза	гла́за	крае его 	
глаза	гла́за	крае моего 	
глаза	гла́за	краем 	
глаза	гла́за	краем его 	
глаза	гла́за	краем моего 	
глаза	гла́за	краешек 	
глаза	гла́за	краешек его 	
глаза	гла́за	краешек моего 	
глаза	гла́за	краешка 	
глаза	гла́за	краешка его 	
глаза	гла́за	краешка моего 	
глаза	гла́за	краешкам 	
глаза	гла́за	краешкам его 	
глаза	гла́за	краешкам моего 	
глаза	гла́за	краешками 	
глаза	гла́за	краешками его 	
глаза	гла́за	краешками моего 	
глаза	гла́за	краешках 	
глаза	гла́за	краешках его 	
глаза	гла́за	краешках моего 	
глаза	гла́за	краешке 	
глаза	гла́за	краешке его 	
глаза	гла́за	краешке моего 	
глаза	гла́за	краешки 	
глаза	гла́за	краешки его 	
глаза	гла́за	краешки моего 	
глаза	гла́за	краешков 	
глаза	гла́за	краешков его 	
глаза	гла́за	краешков моего 	
глаза	гла́за	краешком 	
глаза	гла́за	краешком его 	
глаза	гла́за	краешком моего 	
глаза	гла́за	краешку 	
глаза	гла́за	краешку его 	
глаза	гла́за	краешку моего 	
глаза	гла́за	краи 	
глаза	гла́за	краи его 	
глаза	гла́за	краи моего 	
глаза	гла́за	край 	
глаза	гла́за	краям 	
глаза	гла́за	краям его 	
глаза	гла́за	краям моего 	
глаза	гла́за	краями 	
глаза	гла́за	краями его 	
глаза	гла́за	краями моего 	
глаза	гла́за	краях 	
глаза	гла́за	краях его 	
глаза	гла́за	краях моего 	
глаза	гла́за	кречетовых их 	
глаза	гла́за	кривевших 	
глаза	гла́за	кривевших его 	
глаза	гла́за	кривевших их 	
глаза	гла́за	кривеющих 	
глаза	гла́за	кривеющих его 	
глаза	гла́за	кривеющих их 	
глаза	гла́за	кривимых 	
глаза	гла́за	кривимых его 	
глаза	гла́за	кривимых их 	
глаза	гла́за	кривоватых 	
глаза	гла́за	кривоватых его 	
глаза	гла́за	кривоватых их 	
глаза	гла́за	кривоглазых 	
глаза	гла́за	кривоглазых его 	
глаза	гла́за	кривоглазых их 	
глаза	гла́за	кривых его 	
глаза	гла́за	кривых их 	
глаза	гла́за	кровавеющих 	
глаза	гла́за	кровавеющих его 	
глаза	гла́за	кровавеющих их 	
глаза	гла́за	кровавых его 	
глаза	гла́за	кровавых их 	
глаза	гла́за	кровеневших 	
глаза	гла́за	кровеневших его 	
глаза	гла́за	кровеневших их 	
глаза	гла́за	кровенеющих 	
глаза	гла́за	кровенеющих его 	
глаза	гла́за	кровенеющих их 	
глаза	гла́за	кровоточащих 	
глаза	гла́за	кровоточащих его 	
глаза	гла́за	кровоточащих их 	
глаза	гла́за	кровоточивших 	
глаза	гла́за	кровоточивших его 	
глаза	гла́за	кровоточивших их 	
глаза	гла́за	кровоточивых его 	
глаза	гла́за	кровоточивых их 	
глаза	гла́за	кровянистых 	
глаза	гла́за	кровянистых его 	
глаза	гла́за	кровянистых их 	
глаза	гла́за	крокодиловых их 	
глаза	гла́за	крокодильих 	
глаза	гла́за	крокодильих их 	
глаза	гла́за	кроликовых их 	
глаза	гла́за	кроличьих 	
глаза	гла́за	кроличьих их 	
глаза	гла́за	кроме 	
глаза	гла́за	кротовых их 	
глаза	гла́за	кротовьих 	
глаза	гла́за	кротовьих их 	
глаза	гла́за	круглеющих 	
глаза	гла́за	круглеющих его 	
глаза	гла́за	круглеющих их 	
глаза	гла́за	кругловатых 	
глаза	гла́за	кругловатых его 	
глаза	гла́за	кругловатых их 	
глаза	гла́за	круглых 	
глаза	гла́за	круглых его 	
глаза	гла́за	круглых их 	
глаза	гла́за	крутоватых 	
глаза	гла́за	крутоватых его 	
глаза	гла́за	крутоватых их 	
глаза	гла́за	крутых 	
глаза	гла́за	крутых его 	
глаза	гла́за	крутых их 	
глаза	гла́за	крутящих 	
глаза	гла́за	крутящих его 	
глаза	гла́за	крутящих их 	
глаза	гла́за	крысьих 	
глаза	гла́за	крысьих их 	
глаза	гла́за	кукушечьих 	
глаза	гла́за	кукушечьих его 	
глаза	гла́за	кукушечьих их 	
глаза	гла́за	кумовых его 	
глаза	гла́за	кумовых их 	
глаза	гла́за	куньих 	
глаза	гла́за	куньих их 	
глаза	гла́за	куричьих 	
глаза	гла́за	куричьих их 	
глаза	гла́за	куропачьих 	
глаза	гла́за	куропачьих их 	
глаза	гла́за	курьих 	
глаза	гла́за	курьих их 	
глаза	гла́за	курячьих 	
глаза	гла́за	курячьих их 	
глаза	гла́за	лгавших 	
глаза	гла́за	лгавших его 	
глаза	гла́за	лгавших их 	
глаза	гла́за	лгущих 	
глаза	гла́за	лгущих его 	
глаза	гла́за	лгущих их 	
глаза	гла́за	лебяжьих 	
глаза	гла́за	лебяжьих их 	
глаза	гла́за	лезущих 	
глаза	гла́за	лезущих его 	
глаза	гла́за	лезущих их 	
глаза	гла́за	лезших 	
глаза	гла́за	лезших его 	
глаза	гла́за	лезших их 	
глаза	гла́за	лживых его 	
глаза	гла́за	лживых их 	
глаза	гла́за	линзу 	
глаза	гла́за	лисичьих 	
глаза	гла́за	лисичьих их 	
глаза	гла́за	лисьих 	
глаза	гла́за	лисьих их 	
глаза	гла́за	лисящих 	
глаза	гла́за	лисящих их 	
глаза	гла́за	лихих 	
глаза	гла́за	лихих его 	
глаза	гла́за	лихих их 	
глаза	гла́за	лишилась 	
глаза	гла́за	лишились 	
глаза	гла́за	лишился 	
глаза	гла́за	лукавых его 	
глаза	гла́за	лукавых их 	
глаза	гла́за	лупоглазых 	
глаза	гла́за	лупоглазых его 	
глаза	гла́за	лупоглазых их 	
глаза	гла́за	льстивых его 	
глаза	гла́за	льстивых их 	
глаза	гла́за	льстящих 	
глаза	гла́за	льстящих его 	
глаза	гла́за	льстящих их 	
глаза	гла́за	любимых 	
глаза	гла́за	любимых его 	
глаза	гла́за	любимых их 	
глаза	гла́за	лютых 	
глаза	гла́за	лютых его 	
глаза	гла́за	лютых их 	
глаза	гла́за	лягушачьих 	
глаза	гла́за	лягушачьих их 	
глаза	гла́за	лягушечьих 	
глаза	гла́за	лягушечьих их 	
глаза	гла́за	мамонтовых их 	
глаза	гла́за	мартышечьих 	
глаза	гла́за	мартышечьих их 	
глаза	гла́за	маслянистых 	
глаза	гла́за	маслянистых его 	
глаза	гла́за	маслянистых их 	
глаза	гла́за	мертвеющих 	
глаза	гла́за	мертвеющих его 	
глаза	гла́за	мертвеющих их 	
глаза	гла́за	мертвящих 	
глаза	гла́за	мертвящих его 	
глаза	гла́за	мертвящих их 	
глаза	гла́за	мерцавших 	
глаза	гла́за	мерцавших его 	
глаза	гла́за	мерцавших их 	
глаза	гла́за	мерцающих 	
глаза	гла́за	мерцающих его 	
глаза	гла́за	мерцающих их 	
глаза	гла́за	место 	
глаза	гла́за	мигавших 	
глаза	гла́за	мигавших его 	
глаза	гла́за	мигавших их 	
глаза	гла́за	мигающих 	
глаза	гла́за	мигающих его 	
глаза	гла́за	мигающих их 	
глаза	гла́за	мигнувших 	
глаза	гла́за	мигнувших его 	
глаза	гла́за	мигнувших их 	
глаза	гла́за	милейших 	
глаза	гла́за	милейших его 	
глаза	гла́за	милейших их 	
глаза	гла́за	милостивейших 	
глаза	гла́за	милостивейших его 	
глаза	гла́за	милостивейших их 	
глаза	гла́за	милостивых его 	
глаза	гла́за	милостивых их 	
глаза	гла́за	милых 	
глаза	гла́за	милых его 	
глаза	гла́за	милых их 	
глаза	гла́за	миножьих 	
глаза	гла́за	миножьих их 	
глаза	гла́за	моего 	
глаза	гла́за	моих 	
глаза	гла́за	мокроватых 	
глаза	гла́за	мокроватых его 	
глаза	гла́за	мокроватых их 	
глаза	гла́за	мокрых 	
глаза	гла́за	мокрых его 	
глаза	гла́за	мокрых их 	
глаза	гла́за	молодцеватых 	
глаза	гла́за	молодцеватых его 	
глаза	гла́за	молодцеватых их 	
глаза	гла́за	моргавших 	
глаза	гла́за	моргавших его 	
глаза	гла́за	моргавших их 	
глаза	гла́за	моргающих 	
глаза	гла́за	моргающих его 	
глаза	гла́за	моргающих их 	
глаза	гла́за	моргнувших 	
глаза	гла́за	моргнувших его 	
глаза	гла́за	моргнувших их 	
глаза	гла́за	мрачноватых 	
глаза	гла́за	мрачноватых его 	
глаза	гла́за	мрачноватых их 	
глаза	гла́за	мудрых 	
глаза	гла́за	мудрых его 	
глаза	гла́за	мудрых их 	
глаза	гла́за	мужичьих 	
глаза	гла́за	мужичьих его 	
глаза	гла́за	мужичьих их 	
глаза	гла́за	мышьих 	
глаза	гла́за	мышьих их 	
глаза	гла́за	мягковатых 	
глаза	гла́за	мягковатых его 	
глаза	гла́за	мягковатых их 	
глаза	гла́за	на месте 	
глаза	гла́за	наглейших 	
глаза	гла́за	наглейших его 	
глаза	гла́за	наглейших их 	
глаза	гла́за	наглеющих 	
глаза	гла́за	наглеющих его 	
глаза	гла́за	наглеющих их 	
глаза	гла́за	нагловатых 	
глаза	гла́за	нагловатых его 	
глаза	гла́за	нагловатых их 	
глаза	гла́за	наглых 	
глаза	гла́за	наглых его 	
глаза	гла́за	наглых их 	
глаза	гла́за	нашего 	
глаза	гла́за	не было 	
глаза	гла́за	небитых 	
глаза	гла́за	небитых его 	
глаза	гла́за	небитых их 	
глаза	гла́за	невидящих 	
глаза	гла́за	невидящих его 	
глаза	гла́за	невидящих их 	
глаза	гла́за	неглупых 	
глаза	гла́за	неглупых его 	
глаза	гла́за	неглупых их 	
глаза	гла́за	недобрых 	
глаза	гла́за	недобрых его 	
глаза	гла́за	недобрых их 	
глаза	гла́за	неживых его 	
глаза	гла́за	неживых их 	
глаза	гла́за	незнакомых 	
глаза	гла́за	незнакомых его 	
глаза	гла́за	незнакомых их 	
глаза	гла́за	незрячих 	
глаза	гла́за	незрячих его 	
глаза	гла́за	незрячих их 	
глаза	гла́за	неискренних 	
глаза	гла́за	неискренних его 	
глаза	гла́за	неискренних их 	
глаза	гла́за	неистовых его 	
глаза	гла́за	неистовых их 	
глаза	гла́за	неказистых 	
глаза	гла́за	неказистых его 	
глаза	гла́за	неказистых их 	
глаза	гла́за	некрасивых его 	
глаза	гла́за	некрасивых их 	
глаза	гла́за	неласковых его 	
глаза	гла́за	неласковых их 	
глаза	гла́за	немудрых 	
глаза	гла́за	немудрых его 	
глаза	гла́за	немудрых их 	
глаза	гла́за	немытых 	
глаза	гла́за	немытых его 	
глаза	гла́за	немытых их 	
глаза	гла́за	немых 	
глаза	гла́за	немых его 	
глаза	гла́за	немых их 	
глаза	гла́за	неодинаковых его 	
глаза	гла́за	неодинаковых их 	
глаза	гла́за	непоколебимых 	
глаза	гла́за	непоколебимых его 	
глаза	гла́за	непоколебимых их 	
глаза	гла́за	непокорливых его 	
глаза	гла́за	непокорливых их 	
глаза	гла́за	неприветливых его 	
глаза	гла́за	неприветливых их 	
глаза	гла́за	непригожих 	
глаза	гла́за	непригожих его 	
глаза	гла́за	непригожих их 	
глаза	гла́за	нерв 	
глаза	гла́за	нерв его 	
глаза	гла́за	нерв моего 	
глаза	гла́за	нерва 	
глаза	гла́за	нерва его 	
глаза	гла́за	нерва моего 	
глаза	гла́за	нервам 	
глаза	гла́за	нервам его 	
глаза	гла́за	нервам моего 	
глаза	гла́за	нервами 	
глаза	гла́за	нервами его 	
глаза	гла́за	нервами моего 	
глаза	гла́за	нервах 	
глаза	гла́за	нервах его 	
глаза	гла́за	нервах моего 	
глаза	гла́за	нерве 	
глаза	гла́за	нерве его 	
глаза	гла́за	нерве моего 	
глаза	гла́за	нервов 	
глаза	гла́за	нервов его 	
глаза	гла́за	нервов моего 	
глаза	гла́за	нервом 	
глаза	гла́за	нервом его 	
глаза	гла́за	нервом моего 	
глаза	гла́за	нерву 	
глаза	гла́за	нерву его 	
глаза	гла́за	нерву моего 	
глаза	гла́за	нервы 	
глаза	гла́за	нервы его 	
глаза	гла́за	нервы моего 	
глаза	гла́за	нерпичьих 	
глаза	гла́за	нерпичьих его 	
глаза	гла́за	нерпичьих их 	
глаза	гла́за	нерповых их 	
глаза	гла́за	несмелых 	
глаза	гла́за	несмелых его 	
глаза	гла́за	несмелых их 	
глаза	гла́за	несхожих 	
глаза	гла́за	несхожих его 	
глаза	гла́за	несхожих их 	
глаза	гла́за	несчастливых его 	
глаза	гла́за	несчастливых их 	
глаза	гла́за	несчастнейших 	
глаза	гла́за	несчастнейших его 	
глаза	гла́за	несчастнейших их 	
глаза	гла́за	нет 	
глаза	гла́за	нехитрых 	
глаза	гла́за	нехитрых его 	
глаза	гла́за	нехитрых их 	
глаза	гла́за	нехороших 	
глаза	гла́за	нехороших его 	
глаза	гла́за	нехороших их 	
глаза	гла́за	нечестивых его 	
глаза	гла́за	нечестивых их 	
глаза	гла́за	нечистых 	
глаза	гла́за	нечистых его 	
глаза	гла́за	нечистых их 	
глаза	гла́за	ни 	
глаза	гла́за	ничьих 	
глаза	гла́за	ничьих его 	
глаза	гла́за	ничьих их 	
глаза	гла́за	оба 	
глаза	гла́за	оба его 	
глаза	гла́за	оба их 	
глаза	гла́за	оба моих 	
глаза	гла́за	обезьяньих 	
глаза	гла́за	обезьяньих их 	
глаза	гла́за	овечьих 	
глаза	гла́за	овечьих их 	
глаза	гла́за	одного-единственного 	
глаза	гла́за	одуревших 	
глаза	гла́за	одуревших его 	
глаза	гла́за	одуревших их 	
глаза	гла́за	одурелых 	
глаза	гла́за	одурелых его 	
глаза	гла́за	одурелых их 	
глаза	гла́за	озверелых 	
глаза	гла́за	озверелых его 	
глаза	гла́за	озверелых их 	
глаза	гла́за	около 	
глаза	гла́за	орбит его 	
глаза	гла́за	орбит моего 	
глаза	гла́за	орбита 	
глаза	гла́за	орбита его 	
глаза	гла́за	орбита моего 	
глаза	гла́за	орбитам 	
глаза	гла́за	орбитам его 	
глаза	гла́за	орбитам моего 	
глаза	гла́за	орбитами 	
глаза	гла́за	орбитами его 	
глаза	гла́за	орбитами моего 	
глаза	гла́за	орбитах 	
глаза	гла́за	орбитах его 	
глаза	гла́за	орбитах моего 	
глаза	гла́за	орбите 	
глаза	гла́за	орбите его 	
глаза	гла́за	орбите моего 	
глаза	гла́за	орбитой 	
глаза	гла́за	орбитой его 	
глаза	гла́за	орбитой моего 	
глаза	гла́за	орбитою 	
глаза	гла́за	орбитою его 	
глаза	гла́за	орбитою моего 	
глаза	гла́за	орбиту 	
глаза	гла́за	орбиту его 	
глаза	гла́за	орбиту моего 	
глаза	гла́за	орбиты 	
глаза	гла́за	орбиты его 	
глаза	гла́за	орбиты моего 	
глаза	гла́за	осатанелых 	
глаза	гла́за	осатанелых его 	
глаза	гла́за	осатанелых их 	
глаза	гла́за	оси 	
глаза	гла́за	оси его 	
глаза	гла́за	оси моего 	
глаза	гла́за	ось 	
глаза	гла́за	ось его 	
глаза	гла́за	ось моего 	
глаза	гла́за	осью 	
глаза	гла́за	осью его 	
глаза	гла́за	осью моего 	
глаза	гла́за	от 	
глаза	гла́за	от его 	
глаза	гла́за	от их 	
глаза	гла́за	от моих 	
глаза	гла́за	отекавших 	
глаза	гла́за	отекавших его 	
глаза	гла́за	отекавших их 	
глаза	гла́за	отекающих 	
глаза	гла́за	отекающих его 	
глаза	гла́за	отекающих их 	
глаза	гла́за	открытых 	
глаза	гла́за	открытых его 	
глаза	гла́за	открытых их 	
глаза	гла́за	оторопевших 	
глаза	гла́за	оторопевших его 	
глаза	гла́за	оторопевших их 	
глаза	гла́за	оторопелых 	
глаза	гла́за	оторопелых его 	
глаза	гла́за	оторопелых их 	
глаза	гла́за	отцовых его 	
глаза	гла́за	отцовых их 	
глаза	гла́за	отчих 	
глаза	гла́за	отчих его 	
глаза	гла́за	отчих их 	
глаза	гла́за	павьих 	
глаза	гла́за	павьих их 	
глаза	гла́за	паршивых его 	
глаза	гла́за	паршивых их 	
глаза	гла́за	паучьих 	
глаза	гла́за	паучьих их 	
глаза	гла́за	песцовых их 	
глаза	гла́за	петушьих 	
глаза	гла́за	петушьих их 	
глаза	гла́за	плохих 	
глаза	гла́за	плохих его 	
глаза	гла́за	плохих их 	
глаза	гла́за	плоховатых 	
глаза	гла́за	плоховатых его 	
глаза	гла́за	плоховатых их 	
глаза	гла́за	плутоватых 	
глаза	гла́за	плутоватых его 	
глаза	гла́за	плутоватых их 	
глаза	гла́за	побитых 	
глаза	гла́за	побитых его 	
глаза	гла́за	побитых их 	
глаза	гла́за	подбитых 	
глаза	гла́за	подбитых его 	
глаза	гла́за	подбитых их 	
глаза	гла́за	пол 	
глаза	гла́за	постороннего 	
глаза	гла́за	пошловатых 	
глаза	гла́за	пошловатых его 	
глаза	гла́за	пошловатых их 	
глаза	гла́за	пошлых 	
глаза	гла́за	пошлых его 	
глаза	гла́за	пошлых их 	
глаза	гла́за	правнучьих 	
глаза	гла́за	правнучьих его 	
глаза	гла́за	правнучьих их 	
глаза	гла́за	прадедовых его 	
глаза	гла́за	прадедовых их 	
глаза	гла́за	прелестнейших 	
глаза	гла́за	прелестнейших его 	
глаза	гла́за	прелестнейших их 	
глаза	гла́за	премилых 	
глаза	гла́за	премилых его 	
глаза	гла́за	премилых их 	
глаза	гла́за	премудрых 	
глаза	гла́за	премудрых его 	
глаза	гла́за	премудрых их 	
глаза	гла́за	пригожих 	
глаза	гла́за	пригожих его 	
глаза	гла́за	пригожих их 	
глаза	гла́за	пробитых 	
глаза	гла́за	пробитых его 	
глаза	гла́за	пробитых их 	
глаза	гла́за	прожигающих 	
глаза	гла́за	прожигающих его 	
глаза	гла́за	прожигающих их 	
глаза	гла́за	против 	
глаза	гла́за	радужек 	
глаза	гла́за	радужек его 	
глаза	гла́за	радужек моего 	
глаза	гла́за	радужка 	
глаза	гла́за	радужка его 	
глаза	гла́за	радужка моего 	
глаза	гла́за	радужкам 	
глаза	гла́за	радужкам его 	
глаза	гла́за	радужкам моего 	
глаза	гла́за	радужками 	
глаза	гла́за	радужками его 	
глаза	гла́за	радужками моего 	
глаза	гла́за	радужках 	
глаза	гла́за	радужках его 	
глаза	гла́за	радужках моего 	
глаза	гла́за	радужке 	
глаза	гла́за	радужке его 	
глаза	гла́за	радужке моего 	
глаза	гла́за	радужки 	
глаза	гла́за	радужки его 	
глаза	гла́за	радужки моего 	
глаза	гла́за	радужкой 	
глаза	гла́за	радужкой его 	
глаза	гла́за	радужкой моего 	
глаза	гла́за	радужкою 	
глаза	гла́за	радужкою его 	
глаза	гла́за	радужкою моего 	
глаза	гла́за	радужку 	
глаза	гла́за	радужку его 	
глаза	гла́за	радужку моего 	
глаза	гла́за	разбитых 	
глаза	гла́за	разбитых его 	
глаза	гла́за	разбитых их 	
глаза	гла́за	разбойничьих 	
глаза	гла́за	разбойничьих его 	
глаза	гла́за	разбойничьих их 	
глаза	гла́за	рачьих 	
глаза	гла́за	рачьих их 	
глаза	гла́за	ребячьих 	
глаза	гла́за	ребячьих их 	
глаза	гла́за	ревнивых его 	
глаза	гла́за	ревнивых их 	
глаза	гла́за	резвых его 	
глаза	гла́за	резвых их 	
глаза	гла́за	русалочьих 	
глаза	гла́за	русалочьих их 	
глаза	гла́за	русачьих 	
глаза	гла́за	русачьих их 	
глаза	гла́за	рыбьих 	
глаза	гла́за	рыбьих их 	
глаза	гла́за	рысьих 	
глаза	гла́за	рысьих их 	
глаза	гла́за	с 	
глаза	гла́за	сазаньих 	
глаза	гла́за	сазаньих их 	
глаза	гла́за	сайгачьих 	
глаза	гла́за	сайгачьих их 	
глаза	гла́за	сбитых 	
глаза	гла́за	сбитых его 	
глаза	гла́за	сбитых их 	
глаза	гла́за	сверкающих 	
глаза	гла́за	светловатых 	
глаза	гла́за	светловатых его 	
глаза	гла́за	светловатых их 	
глаза	гла́за	светлоглазых 	
глаза	гла́за	светлоглазых его 	
глаза	гла́за	светлоглазых их 	
глаза	гла́за	светлых 	
глаза	гла́за	светлых его 	
глаза	гла́за	светлых их 	
глаза	гла́за	светящих 	
глаза	гла́за	светящих его 	
глаза	гла́за	светящих их 	
глаза	гла́за	свинячьих 	
глаза	гла́за	свинячьих их 	
глаза	гла́за	свирепых 	
глаза	гла́за	свирепых его 	
глаза	гла́за	свирепых их 	
глаза	гла́за	своего 	
глаза	гла́за	своих 	
глаза	гла́за	севрюжьих 	
глаза	гла́за	севрюжьих их 	
глаза	гла́за	серых 	
глаза	гла́за	серых его 	
глаза	гла́за	серых их 	
глаза	гла́за	сетчатка 	
глаза	гла́за	сетчатка его 	
глаза	гла́за	сетчатка моего 	
глаза	гла́за	сетчаткам 	
глаза	гла́за	сетчаткам его 	
глаза	гла́за	сетчаткам моего 	
глаза	гла́за	сетчатками 	
глаза	гла́за	сетчатками его 	
глаза	гла́за	сетчатками моего 	
глаза	гла́за	сетчатках 	
глаза	гла́за	сетчатках его 	
глаза	гла́за	сетчатках моего 	
глаза	гла́за	сетчатке 	
глаза	гла́за	сетчатке его 	
глаза	гла́за	сетчатке моего 	
глаза	гла́за	сетчатки 	
глаза	гла́за	сетчатки его 	
глаза	гла́за	сетчатки моего 	
глаза	гла́за	сетчаткой 	
глаза	гла́за	сетчаткой его 	
глаза	гла́за	сетчаткой моего 	
глаза	гла́за	сетчаткою 	
глаза	гла́за	сетчаткою его 	
глаза	гла́за	сетчаткою моего 	
глаза	гла́за	сетчатку 	
глаза	гла́за	сетчатку его 	
глаза	гла́за	сетчатку моего 	
глаза	гла́за	сетчаток 	
глаза	гла́за	сетчаток его 	
глаза	гла́за	сетчаток моего 	
глаза	гла́за	сивучьих 	
глаза	гла́за	сивучьих их 	
глаза	гла́за	синеватых 	
глаза	гла́за	синеватых его 	
глаза	гла́за	синеватых их 	
глаза	гла́за	синеглазых 	
глаза	гла́за	синеглазых его 	
глаза	гла́за	синеглазых их 	
глаза	гла́за	синих 	
глаза	гла́за	синих его 	
глаза	гла́за	синих их 	
глаза	гла́за	сих 	
глаза	гла́за	слеза 	
глаза	гла́за	слеза его 	
глаза	гла́за	слеза моего 	
глаза	гла́за	слезам 	
глаза	гла́за	слезам его 	
глаза	гла́за	слезами 	
глаза	гла́за	слезами его 	
глаза	гла́за	слезах 	
глаза	гла́за	слезах его 	
глаза	гла́за	слезах моего 	
глаза	гла́за	слезе 	
глаза	гла́за	слезе его 	
глаза	гла́за	слезе моего 	
глаза	гла́за	слезливых его 	
глаза	гла́за	слезливых их 	
глаза	гла́за	слезоточащих 	
глаза	гла́за	слезоточащих его 	
глаза	гла́за	слезоточащих их 	
глаза	гла́за	слезоточивших 	
глаза	гла́за	слезоточивших его 	
глаза	гла́за	слезоточивших их 	
глаза	гла́за	слезу из 	
глаза	гла́за	слепимых 	
глаза	гла́за	слепимых его 	
глаза	гла́за	слепимых их 	
глаза	гла́за	слепнувших 	
глаза	гла́за	слепнувших его 	
глаза	гла́за	слепнувших их 	
глаза	гла́за	слепнущих 	
глаза	гла́за	слепнущих его 	
глаза	гла́за	слепнущих их 	
глаза	гла́за	слеповатых 	
глаза	гла́за	слеповатых его 	
глаза	гла́за	слеповатых их 	
глаза	гла́за	слепших 	
глаза	гла́за	слепших его 	
глаза	гла́за	слепших их 	
глаза	гла́за	слепых 	
глаза	гла́за	слепых его 	
глаза	гла́за	слепых их 	
глаза	гла́за	собачьих 	
глаза	гла́за	собачьих их 	
глаза	гла́за	собольих 	
глаза	гла́за	собольих их 	
глаза	гла́за	совьих 	
глаза	гла́за	совьих их 	
глаза	гла́за	сомовьих 	
глаза	гла́за	сомовьих их 	
глаза	гла́за	сонливых его 	
глаза	гла́за	сонливых их 	
глаза	гла́за	старушечьих 	
глаза	гла́за	старушечьих его 	
глаза	гла́за	старушечьих их 	
глаза	гла́за	строгих 	
глаза	гла́за	строгих его 	
глаза	гла́за	строгих их 	
глаза	гла́за	судачьих 	
глаза	гла́за	судачьих их 	
глаза	гла́за	сурковых их 	
глаза	гла́за	суровевших 	
глаза	гла́за	суровевших его 	
глаза	гла́за	суровевших их 	
глаза	гла́за	суровеющих 	
глаза	гла́за	суровеющих его 	
глаза	гла́за	суровеющих их 	
глаза	гла́за	суровых его 	
глаза	гла́за	суровых их 	
глаза	гла́за	сурочьих 	
глаза	гла́за	сурочьих их 	
глаза	гла́за	сусличьих 	
глаза	гла́за	сусличьих их 	
глаза	гла́за	сухих 	
глаза	гла́за	сухих его 	
глаза	гла́за	сухих их 	
глаза	гла́за	суховатых 	
глаза	гла́за	суховатых его 	
глаза	гла́за	суховатых их 	
глаза	гла́за	сучьих 	
глаза	гла́за	сучьих его 	
глаза	гла́за	сучьих их 	
глаза	гла́за	счастливейших 	
глаза	гла́за	счастливейших его 	
глаза	гла́за	счастливейших их 	
глаза	гла́за	счастливых его 	
глаза	гла́за	счастливых их 	
глаза	гла́за	сыновних 	
глаза	гла́за	сыновних его 	
глаза	гла́за	сыновних их 	
глаза	гла́за	твоего 	
глаза	гла́за	твоих 	
глаза	гла́за	телячьих 	
глаза	гла́за	телячьих их 	
глаза	гла́за	темнейших 	
глаза	гла́за	темнейших его 	
глаза	гла́за	темнейших их 	
глаза	гла́за	темноватых 	
глаза	гла́за	темноватых его 	
глаза	гла́за	темноватых их 	
глаза	гла́за	темноглазых 	
глаза	гла́за	темноглазых его 	
глаза	гла́за	темноглазых их 	
глаза	гла́за	тех 	
глаза	гла́за	точность 	 и руки
глаза	гла́за	трезвых его 	
глаза	гла́за	трезвых их 	
глаза	гла́за	третьего 	
глаза	гла́за	три 	
глаза	гла́за	три его 	
глаза	гла́за	три их 	
глаза	гла́за	три моих 	
глаза	гла́за	тупых 	
глаза	гла́за	тупых его 	
глаза	гла́за	тупых их 	
глаза	гла́за	у 	
глаза	гла́за	угасших 	
глаза	гла́за	угасших его 	
глаза	гла́за	угасших их 	
глаза	гла́за	уголка 	
глаза	гла́за	уголка его 	
глаза	гла́за	уголка моего 	
глаза	гла́за	уголкам 	
глаза	гла́за	уголкам его 	
глаза	гла́за	уголкам моего 	
глаза	гла́за	уголками 	
глаза	гла́за	уголками его 	
глаза	гла́за	уголками моего 	
глаза	гла́за	уголках 	
глаза	гла́за	уголках его 	
глаза	гла́за	уголках моего 	
глаза	гла́за	уголке 	
глаза	гла́за	уголке его 	
глаза	гла́за	уголке моего 	
глаза	гла́за	уголки 	
глаза	гла́за	уголки его 	
глаза	гла́за	уголки моего 	
глаза	гла́за	уголков 	
глаза	гла́за	уголков его 	
глаза	гла́за	уголков моего 	
глаза	гла́за	уголком 	
глаза	гла́за	уголком его 	
глаза	гла́за	уголком моего 	
глаза	гла́за	уголку 	
глаза	гла́за	уголку его 	
глаза	гла́за	уголку моего 	
глаза	гла́за	уголок 	
глаза	гла́за	уголок его 	
глаза	гла́за	уголок их 	
глаза	гла́за	уголок моего 	
глаза	гла́за	угрюмых 	
глаза	гла́за	угрюмых его 	
глаза	гла́за	угрюмых их 	
глаза	гла́за	удаление 	
глаза	гла́за	удаление его 	
глаза	гла́за	удаление моего 	
глаза	гла́за	удалением 	
глаза	гла́за	удалением его 	
глаза	гла́за	удалением моего 	
глаза	гла́за	удалении 	
глаза	гла́за	удалении его 	
глаза	гла́за	удалении моего 	
глаза	гла́за	удалений 	
глаза	гла́за	удалений его 	
глаза	гла́за	удалений моего 	
глаза	гла́за	удалению 	
глаза	гла́за	удалению его 	
глаза	гла́за	удалению моего 	
глаза	гла́за	удаления 	
глаза	гла́за	удаления его 	
глаза	гла́за	удаления моего 	
глаза	гла́за	удалениям 	
глаза	гла́за	удалениям его 	
глаза	гла́за	удалениям моего 	
глаза	гла́за	удалениями 	
глаза	гла́за	удалениями его 	
глаза	гла́за	удалениями моего 	
глаза	гла́за	удалениях 	
глаза	гла́за	удалениях его 	
глаза	гла́за	удалениях моего 	
глаза	гла́за	умнющих 	
глаза	гла́за	умнющих его 	
глаза	гла́за	умнющих их 	
глаза	гла́за	умытых 	
глаза	гла́за	умытых его 	
глаза	гла́за	умытых их 	
глаза	гла́за	унылых 	
глаза	гла́за	унылых его 	
глаза	гла́за	унылых их 	
глаза	гла́за	упрямых 	
глаза	гла́за	упрямых его 	
глаза	гла́за	упрямых их 	
глаза	гла́за	уродливых его 	
глаза	гла́за	уродливых их 	
глаза	гла́за	усталых 	
глаза	гла́за	усталых его 	
глаза	гла́за	усталых их 	
глаза	гла́за	устающих 	
глаза	гла́за	устающих его 	
глаза	гла́за	устающих их 	
глаза	гла́за	уцелевшего 	
глаза	гла́за	учтивых его 	
глаза	гла́за	учтивых их 	
глаза	гла́за	фазаньих 	
глаза	гла́за	фазаньих их 	
глаза	гла́за	фасетчатых 	
глаза	гла́за	физического 	
глаза	гла́за	хамоватых 	
глаза	гла́за	хамоватых его 	
глаза	гла́за	хамоватых их 	
глаза	гла́за	хамовых его 	
глаза	гла́за	хамовых их 	
глаза	гла́за	хитрых 	
глаза	гла́за	хитрых его 	
глаза	гла́за	хитрых их 	
глаза	гла́за	хитрющих 	
глаза	гла́за	хитрющих его 	
глаза	гла́за	хитрющих их 	
глаза	гла́за	хмуроватых 	
глаза	гла́за	хмуроватых его 	
глаза	гла́за	хмуроватых их 	
глаза	гла́за	хмурых 	
глаза	гла́за	хмурых его 	
глаза	гла́за	хмурых их 	
глаза	гла́за	хозяйского 	
глаза	гла́за	холодноватых 	
глаза	гла́за	холодноватых его 	
глаза	гла́за	холодноватых их 	
глаза	гла́за	хомячьих 	
глаза	гла́за	хомячьих их 	
глаза	гла́за	хорьковых их 	
глаза	гла́за	хохочущих 	
глаза	гла́за	хохочущих его 	
глаза	гла́за	хохочущих их 	
глаза	гла́за	храбрых 	
глаза	гла́за	храбрых его 	
глаза	гла́за	храбрых их 	
глаза	гла́за	хрусталик 	
глаза	гла́за	хрусталик его 	
глаза	гла́за	хрусталик моего 	
глаза	гла́за	хрусталика 	
глаза	гла́за	хрусталика его 	
глаза	гла́за	хрусталика моего 	
глаза	гла́за	хрусталикам 	
глаза	гла́за	хрусталикам его 	
глаза	гла́за	хрусталикам моего 	
глаза	гла́за	хрусталиками 	
глаза	гла́за	хрусталиками его 	
глаза	гла́за	хрусталиками моего 	
глаза	гла́за	хрусталиках 	
глаза	гла́за	хрусталиках его 	
глаза	гла́за	хрусталиках моего 	
глаза	гла́за	хрусталике 	
глаза	гла́за	хрусталике его 	
глаза	гла́за	хрусталике моего 	
глаза	гла́за	хрусталики 	
глаза	гла́за	хрусталики его 	
глаза	гла́за	хрусталики моего 	
глаза	гла́за	хрусталиков 	
глаза	гла́за	хрусталиков его 	
глаза	гла́за	хрусталиков моего 	
глаза	гла́за	хрусталиком 	
глаза	гла́за	хрусталиком его 	
глаза	гла́за	хрусталиком моего 	
глаза	гла́за	хрусталику 	
глаза	гла́за	хрусталику его 	
глаза	гла́за	хрусталику моего 	
глаза	гла́за	худых 	
глаза	гла́за	худых его 	
глаза	гла́за	худых их 	
глаза	гла́за	цыганистых 	
глаза	гла́за	цыганистых его 	
глаза	гла́за	цыганистых их 	
глаза	гла́за	части 	
глаза	гла́за	чахлых 	
глаза	гла́за	чахлых его 	
глаза	гла́за	чахлых их 	
глаза	гла́за	человеческого 	
глаза	гла́за	черноватых 	
глаза	гла́за	черноватых его 	
глаза	гла́за	черноватых их 	
глаза	гла́за	черноглазых 	
глаза	гла́за	черноглазых его 	
глаза	гла́за	черноглазых их 	
глаза	гла́за	честнейших 	
глаза	гла́за	честнейших его 	
глаза	гла́за	честнейших их 	
глаза	гла́за	честолюбивых его 	
глаза	гла́за	честолюбивых их 	
глаза	гла́за	четыре 	
глаза	гла́за	четыре его 	
глаза	гла́за	четыре их 	
глаза	гла́за	четыре моих 	
глаза	гла́за	чистых 	
глаза	гла́за	чистых его 	
глаза	гла́за	чистых их 	
глаза	гла́за	чудеснейших 	
глаза	гла́за	чудеснейших его 	
глаза	гла́за	чудеснейших их 	
глаза	гла́за	чужих 	
глаза	гла́за	чужих его 	
глаза	гла́за	чужих их 	
глаза	гла́за	чуть ниже 	
глаза	гла́за	шустрых 	
глаза	гла́за	шустрых его 	
глаза	гла́за	шустрых их 	
глаза	гла́за	шутливых его 	
глаза	гла́за	шутливых их 	
глаза	гла́за	щучьих 	
глаза	гла́за	щучьих их 	
глаза	гла́за	этого 	
глаза	гла́за	ядовитых 	
глаза	гла́за	ядовитых его 	
глаза	гла́за	ядовитых их 	
глаза	гла́за	язвящих 	
глаза	гла́за	язвящих его 	
глаза	гла́за	язвящих их 	
глаза	гла́за	ярчайших 	
глаза	гла́за	ярчайших его 	
глаза	гла́за	ярчайших их 	
глаза	гла́за	ясновидящих 	
глаза	гла́за	ясновидящих его 	
глаза	гла́за	ясновидящих их 	
глаза	гла́за	ясноглазых 	
глаза	гла́за	ясноглазых его 	
глаза	гла́за	ясноглазых их 	
глаза	глаза́		 - это
глаза	глаза́		 были
глаза	глаза́		 в [homo] глаза [/homo]
глаза	глаза́		 веками
глаза	глаза́		 велики
глаза	глаза́		 вылезли из орбит
глаза	глаза́		 директора
глаза	глаза́		 доктора
глаза	глаза́		 его забегали
глаза	глаза́		 его на миг
глаза	глаза́		 его широко
глаза	глаза́		 жены
глаза	глаза́		 забегали
глаза	глаза́		 звезды
глаза	глаза́		 змеи
глаза	глаза́		 и брови
глаза	глаза́		 и груди
глаза	глаза́		 и губы
глаза	глаза́		 к небу
глаза	глаза́		 начал
глаза	глаза́		 начало
глаза	глаза́		 не вылезли из орбит
глаза	глаза́		 не выражали
глаза	глаза́		 окна
глаза	глаза́		 пошло
глаза	глаза́		 профессора
глаза	глаза́		 пустые
глаза	глаза́		 разбегались
глаза	глаза́		 руки смерти
глаза	глаза́		 сестры
глаза	глаза́		 слезы
глаза	глаза́		 слуги
глаза	глаза́		 уже не [homo] глаза [/homo]
глаза	глаза́		 учителя
глаза	глаза́		 цвета
глаза	глаза́		 черепа
глаза	глаза́		 чуть не вылезли из орбит
глаза	глаза́		 широко
глаза	глаза́	а у самой 	
глаза	глаза́	аж 	
глаза	глаза́	берегите 	
глаза	глаза́	бисеринки 	
глаза	глаза́	близко 	
глаза	глаза́	большие 	
глаза	глаза́	бросился в 	
глаза	глаза́	в 	
глаза	глаза́	везде 	
глаза	глаза́	веками 	
глаза	глаза́	видящие 	
глаза	глаза́	виски и 	
глаза	глаза́	вновь открыла 	
глаза	глаза́	возвела 	
глаза	глаза́	возвращал 	
глаза	глаза́	волосы и 	
глаза	глаза́	вскинул 	
глаза	глаза́	вскинула 	
глаза	глаза́	вспыхивали 	
глаза	глаза́	выдадут 	
глаза	глаза́	выкалывать 	
глаза	глаза́	вылезающие из орбит 	
глаза	глаза́	вылезающие из орбит 	 друга
глаза	глаза́	вылупив 	
глаза	глаза́	вылупил 	
глаза	глаза́	вылупила 	
глаза	глаза́	выпучев 	
глаза	глаза́	выпучил 	
глаза	глаза́	вытаращив 	
глаза	глаза́	вытаращил 	
глаза	глаза́	вытаращила 	
глаза	глаза́	вытереть 	
глаза	глаза́	горели 	
глаза	глаза́	держите 	
глаза	глаза́	его 	 слез
глаза	глаза́	закрытые 	
глаза	глаза́	закрыть 	
глаза	глаза́	машины 	
глаза	глаза́	на 	
глаза	глаза́	на 	 слезы
глаза	глаза́	на его 	
глаза	глаза́	на ее 	
глаза	глаза́	на их 	
глаза	глаза́	на них 	
глаза	глаза́	ноги и 	
глаза	глаза́	ноздри и 	
глаза	глаза́	поднял 	
глаза	глаза́	полные грусти 	
глаза	глаза́	попадали в 	
глаза	глаза́	потом 	 на лоб
глаза	глаза́	прикрыл 	 веками
глаза	глаза́	промокнув 	
глаза	глаза́	разбегались 	
глаза	глаза́	разбегаются 	
глаза	глаза́	руки и 	
глаза	глаза́	сделав круглые 	
глаза	глаза́	сделав круглыми 	
глаза	глаза́	сделал круглые 	
глаза	глаза́	слез 	
глаза	глаза́	слезы на 	
глаза	глаза́	стекла и 	
глаза	глаза́	сузились его 	
глаза	глаза́	сузились их 	
глаза	глаза́	у обоих 	 круглые,
глаза	глаза́	у самого 	
глаза	глаза́	у самого 	 в кучу
глаза	глаза́	у самого 	 чуть не вылезли из орбит
глаза	глаза́	фиолетовые 	
глаза	глаза́	чем серые, 	
глаза	глаза́	щеки и 	
глаза	глаза́	щипал 	
глаза	глаза́	щуря 	
глаза	глаза́	яростные 	
глазками	гла́зками	блестящими 	
глазками	гла́зками	выпуклыми 	
глазками	гла́зками	добрыми голубыми 	
глазками	гла́зками	злобными 	
глазками	гла́зками	изумрудными 	
глазками	гла́зками	карими 	
глазками	гла́зками	маневрируя 	
глазками	гла́зками	осоловевшими 	
глазками	гла́зками	поросячьими 	
глазками	гла́зками	стрельнула 	
глазками	гла́зками	тусклыми 	
глазками	глазка́ми		 видеокамер
глазками	глазка́ми		 сажать
глазками	глазка́ми	картофеля 	
глазки	гла́зки		 забегали
глазки	гла́зки	его 	
глазки	гла́зки	забегали 	
глазки	гла́зки	маленькие 	
глазки	гла́зки	потупив 	
глазу	гла́зу		 не за что
глазу	гла́зу		 стрекозы
глазу	гла́зу	без 	
глазу	гла́зу	невидимые 	
глазу	глазу́		 бревна
глазу	глазу́	в 	
глазу	глазу́	на 	
глазу	глазу́	ни в одном 	
глотка	гло́тка	а 	
глотка	гло́тка	чудовищная 	
глотка	глотка́		 виски
глотка	глотка́		 воды
глотка	глотка́		 из первой
глотка	глотка́		 судьбы
глотка	глотка́	вдоль 	
глотка	глотка́	не успел сделать даже 	
глотка	глотка́	не успела сделать даже 	
глотка	глотка́	хорошего 	
глотка	глотка́	четыре 	
глотками	гло́тками	перерезанными 	
глотками	гло́тками	пропитыми 	
глотками	гло́тками	разорванными 	
глотками	глотка́ми		 вина
глотками	глотка́ми	большими 	
глотке	глотке́		 воды
глотке	глотке́		 воздуха
глотке	глотке́	каждом 	
глотки	гло́тки	в 	
глотки	гло́тки	из 	
глотки	гло́тки	мускулы и 	
глотки	гло́тки	резали 	
глотки	глотки́		 были жадными
глотки	глотки́		 воды
глотки	глотки́		 из чашки
глотки	глотки́	считай большие 	
глотку	гло́тку	в 	
глотку	гло́тку	вино в 	
глотку	гло́тку	всем в 	
глотку	гло́тку	всю 	
глотку	гло́тку	ей в 	
глотку	гло́тку	ему в 	
глотку	гло́тку	за 	 берет
глотку	гло́тку	им в 	
глотку	гло́тку	их в 	
глотку	гло́тку	кому угодно 	
глотку	гло́тку	любому 	 порвать
глотку	гло́тку	мне в 	
глотку	гло́тку	мою 	
глотку	гло́тку	он перерезал 	
глотку	гло́тку	она в 	
глотку	гло́тку	оно в 	
глотку	гло́тку	перерезал бы 	
глотку	гло́тку	перерезал ей 	
глотку	гло́тку	перерезать 	
глотку	гло́тку	перерезать человеку 	
глотку	гло́тку	полость и 	
глотку	гло́тку	прямо в 	
глотку	гло́тку	самую 	
глотку	гло́тку	себе в 	
глотку	гло́тку	тебе в 	
глотку	гло́тку	язык и 	
глотку	глотку́		 воды
глотку	глотку́		 рома
глотку	глотку́	каждому по 	 бодрящей
глотку	глотку́	по 	
глотку	глотку́	по 	 виски
глотку	глотку́	хорошему 	
глоток	гло́ток		 перерезал
глоток	гло́ток		 сих было
глоток	гло́ток	грубых 	
глоток	гло́ток	из тысяч 	
глоток	гло́ток	маленьких 	
глоток	гло́ток	множество 	
глоток	гло́ток	на сотню 	
глоток	гло́ток	не жалея 	
глоток	гло́ток	неумолкающих 	
глоток	гло́ток	пару 	
глоток	гло́ток	рвались из 	
глоток	гло́ток	сколько 	
глоток	гло́ток	сотни 	
глоток	гло́ток	тысячи 	
глоток	гло́ток	хриплых 	
глоток	гло́ток	чужих 	
глоток	гло́ток	шести 	
глоток	гло́ток	шесть 	
глоток	глото́к		 вина
глоток	глото́к		 виски
глоток	глото́к		 воды
глоток	глото́к		 из кружки
глоток	глото́к		 колы
глоток	глото́к		 судьбы
глоток	глото́к	большой 	
глоток	глото́к	в 	
глоток	глото́к	выпей 	
глоток	глото́к	дали 	
глоток	глото́к	кружки 	
глоток	глото́к	хотя бы 	
глоток	глото́к	этот 	
глубины	глуби́ны		 большие
глубины	глуби́ны		 исторгли
глубины	глуби́ны		 леска
глубины	глуби́ны		 под килем
глубины	глуби́ны		 под ней
глубины	глуби́ны		 там
глубины	глуби́ны		 ущелья
глубины	глуби́ны	большие 	
глубины	глуби́ны	в 	
глубины	глуби́ны	в 	 земли
глубины	глуби́ны	неведомые 	
глубины	глуби́ны	с воздуха 	
глубины	глубины́		 борозды
глубины	глубины́		 дома
глубины	глубины́		 души
глубины	глубины́		 его души
глубины	глубины́		 земли
глубины	глубины́		 и остроты
глубины	глубины́		 леса
глубины	глубины́		 материала
глубины	глубины́		 страны
глубины	глубины́	бездонной 	
глубины	глубины́	бирюзовой 	
глубины	глубины́	большой 	
глубины	глубины́	видеоматической 	
глубины	глубины́	длины, 	
глубины	глубины́	до 	
глубины	глубины́	до 	 души
глубины	глубины́	до 	 сердца
глубины	глубины́	до самой 	
глубины	глубины́	до самой 	 души
глубины	глубины́	из 	
глубины	глубины́	из 	 дома
глубины	глубины́	из 	 души
глубины	глубины́	из 	 зеркала
глубины	глубины́	из 	 острова
глубины	глубины́	из 	 толпы
глубины	глубины́	из за 	
глубины	глубины́	из самой 	
глубины	глубины́	из самой 	 души
глубины	глубины́	огромной 	
глубины	глубины́	от 	
глубины	глубины́	от 	 души
глубины	глубины́	ошеломляющей 	
глубины	глубины́	с 	
глубины	глубины́	сияющей 	
глубины	глубины́	сколько 	
глубины	глубины́	сумрачной 	
глубины	глубины́	такой 	
глубины	глубины́	температуры и 	
глубины	глубины́	успокоительной 	
гнезда	гнезда́	вдоль 	
гнезда	гнезда́	вороньего 	
гнезда	гнезда́	высоты 	
гнезда	гнезда́	два три 	
гнезда	гнезда́	из 	
гнезда	гнезда́	края 	
гнезда	гнезда́	ликвидации, ммм, 	
гнезда	гнезда́	на краю 	
гнезда	гнезда́	с 	
гнезда	гнезда́	удалении 	
гнезда	гнё́зда		 ворон
гнезда	гнё́зда	в 	
гнезда	гнё́зда	ваши 	
гнезда	гнё́зда	вить 	
гнезда	гнё́зда	все 	
гнезда	гнё́зда	да 	
гнезда	гнё́зда	его 	
гнезда	гнё́зда	ей 	
гнезда	гнё́зда	за 	
гнезда	гнё́зда	им 	
гнезда	гнё́зда	их 	
гнезда	гнё́зда	как 	
гнезда	гнё́зда	на 	
гнезда	гнё́зда	них 	
гнезда	гнё́зда	птицы небесные 	
гнезда	гнё́зда	птичьи 	
гнезда	гнё́зда	свои 	
гнезда	гнё́зда	себе 	
гнезда	гнё́зда	твои 	
гнезда	гнё́зда	через 	
гнезда	гнё́зда	эти 	
гнезда	гнё́зда	яркие 	
гнилью	гни́лью		 и сыростью
гнилью	гни́лью		 разложения
гнилью	гни́лью	воняло 	
гнилью	гни́лью	с 	
года	го́да	больше 	
года	го́да	в течение 	
года	го́да	полтора 	
года	го́да	со следующего 	
года	года́		 без
года	года́		 стоят
года	года́	в 	
года	года́	в ваши 	
года	года́	в его 	
года	года́	в твои 	
года	года́	ваши 	
года	года́	войдут в 	
года	года́	жилые 	
года	года́	минули 	
года	года́	минут 	
года	года́	мои 	
года	года́	на 	
года	года́	наши 	
года	года́	прошли 	
года	года́	свои 	
года	года́	сквозь 	
года	года́	твои 	
года	года́	те 	
года	года́	чьи та 	
года	года́	эти 	
году	го́ду	без 	
году	го́ду	год от 	
году	го́ду	к 	
году	го́ду	к одному 	
году	го́ду	к следующему 	
году	го́ду	от 	
году	го́ду	от года к 	
году	го́ду	по 	
году	го́ду	учебному 	
году	году́	в 	
году	году́	в прошлом 	
году	году́	в этом 	
году	году́	восемнадцатом 	
году	году́	восьмидесятом 	
году	году́	восьмисотом 	
году	году́	восьмом 	
году	году́	втором 	
году	году́	данном 	
году	году́	двадцатом 	
году	году́	двенадцатом 	
году	году́	двухсотом 	
году	году́	девяностом 	
году	году́	девятисотом 	
году	году́	девятнадцатом 	
году	году́	девятом 	
году	году́	девятьсотом 	
году	году́	десятом 	
году	году́	каком 	
году	году́	нашем 	
году	году́	нынешнем 	
году	году́	одиннадцатом 	
году	году́	первом 	
году	году́	прошлом 	
году	году́	пятидесятом 	
году	году́	пятисотом 	
году	году́	пятнадцатом 	
году	году́	пятом 	
году	году́	седьмом 	
году	году́	семидесятом 	
году	году́	семисотом 	
году	году́	семнадцатом 	
году	году́	следующем 	
году	году́	сороковом 	
году	году́	сотом 	
году	году́	том 	
году	году́	том же 	
году	году́	третьем 	
году	году́	тридцатом 	
году	году́	тринадцатом 	
году	году́	тысячном 	
году	году́	учебном 	
году	году́	четырнадцатом 	
году	году́	шестидесятом 	
году	году́	шестисотом 	
году	году́	шестнадцатом 	
году	году́	шестом 	
году	году́	этом 	
головы	го́ловы		 были
головы	го́ловы		 виновных
головы	го́ловы		 всем
головы	го́ловы		 всех
головы	го́ловы		 вскружить
головы	го́ловы		 высоко подняты
головы	го́ловы		 дурит
головы	го́ловы		 его дурные
головы	го́ловы		 забить
головы	го́ловы		 закружились
головы	го́ловы		 их мало чем
головы	го́ловы		 на пиках
головы	го́ловы		 окружающих
головы	го́ловы		 он резал
головы	го́ловы		 от детских
головы	го́ловы		 поверженных
головы	го́ловы		 под
головы	го́ловы		 полностью закрывали
головы	го́ловы		 поотрываю
головы	го́ловы		 превратились
головы	го́ловы		 с высокими
головы	го́ловы		 свои
головы	го́ловы		 срывать
головы	го́ловы		 стали поворачиваться
головы	го́ловы		 тех
головы	го́ловы		 троих
головы	го́ловы		 у вас,
головы	го́ловы		 у всех
головы	го́ловы		 у них в
головы	го́ловы		 упали
головы	го́ловы		 хозяек
головы	го́ловы		 этих
головы	го́ловы	безобразные 	
головы	го́ловы	болят 	
головы	го́ловы	бреют 	
головы	го́ловы	брил 	
головы	го́ловы	бритые 	
головы	го́ловы	были 	
головы	го́ловы	в 	
головы	го́ловы	в ваши 	
головы	го́ловы	ваши 	
головы	го́ловы	вверх 	
головы	го́ловы	вжали 	
головы	го́ловы	видел 	
головы	го́ловы	возникли 	
головы	го́ловы	врагам 	
головы	го́ловы	всем 	
головы	го́ловы	вскружило им 	
головы	го́ловы	втянуть 	
головы	го́ловы	высунем 	
головы	го́ловы	горячие 	
головы	го́ловы	дурил 	
головы	го́ловы	дурила 	
головы	го́ловы	дурить 	
головы	го́ловы	его и моя 	
головы	го́ловы	жирные 	
головы	го́ловы	забивали себе 	
головы	го́ловы	забивать 	
головы	го́ловы	задирать 	
головы	го́ловы	задирают 	
головы	го́ловы	задрав 	
головы	го́ловы	задрали 	
головы	го́ловы	задрать 	
головы	го́ловы	закинув 	
головы	го́ловы	заняты 	
головы	го́ловы	запрокинув 	
головы	го́ловы	защищавшие 	
головы	го́ловы	и 	 их
головы	го́ловы	и 	 повернуть
головы	го́ловы	их 	
головы	го́ловы	их спины и 	
головы	го́ловы	как 	 змей
головы	го́ловы	кверху 	
головы	го́ловы	класть 	
головы	го́ловы	копья и 	
головы	го́ловы	кости, 	
головы	го́ловы	кости, 	 и куски мяса
головы	го́ловы	кружить 	
головы	го́ловы	крушить 	
головы	го́ловы	ломаем себе 	
головы	го́ловы	ломали 	
головы	го́ловы	ломать 	
головы	го́ловы	ломают 	
головы	го́ловы	ломающие 	
головы	го́ловы	ломающие 	 над
головы	го́ловы	миновав 	
головы	го́ловы	мои 	
головы	го́ловы	морочил 	
головы	го́ловы	морочите нам 	
головы	го́ловы	морочить 	
головы	го́ловы	морочить людям 	
головы	го́ловы	на 	
головы	го́ловы	на наши 	
головы	го́ловы	на стенах 	
головы	го́ловы	наклонив 	
головы	го́ловы	наклонили 	
головы	го́ловы	нам на 	
головы	го́ловы	нанизаны 	
головы	го́ловы	наполняет народные 	
головы	го́ловы	народ повернул 	
головы	го́ловы	наши 	
головы	го́ловы	ноги и 	
головы	го́ловы	обмотали 	
головы	го́ловы	обривая 	
головы	го́ловы	обхватив 	
головы	го́ловы	опускает 	
головы	го́ловы	опустив 	
головы	го́ловы	остриженные 	
головы	го́ловы	оторвала 	
головы	го́ловы	отрезать 	
головы	го́ловы	отрубит 	
головы	го́ловы	отрубит нам 	
головы	го́ловы	отрывая уклейкам 	
головы	го́ловы	отуманит 	
головы	го́ловы	пересчитать 	
головы	го́ловы	плоские 	
головы	го́ловы	повернув 	
головы	го́ловы	повернув в его сторону 	
головы	го́ловы	повернули 	
головы	го́ловы	повесив 	
головы	го́ловы	повесили 	
головы	го́ловы	поворачивали 	
головы	го́ловы	под 	
головы	го́ловы	поднимите 	
головы	го́ловы	подняли 	
головы	го́ловы	поднять 	
головы	го́ловы	подставлять 	
головы	го́ловы	полетят 	
головы	го́ловы	понурив 	
головы	го́ловы	послал ему 	
головы	го́ловы	пригибают 	
головы	го́ловы	пригните 	
головы	го́ловы	пригнув 	
головы	го́ловы	прикрыв 	
головы	го́ловы	приподнять 	
головы	го́ловы	пустые 	
головы	го́ловы	рубил 	
головы	го́ловы	рубит 	
головы	го́ловы	рубить 	
головы	го́ловы	руки и 	
головы	го́ловы	руки, ноги и 	
головы	го́ловы	руки, ноги, 	
головы	го́ловы	сбивая 	
головы	го́ловы	сблизив 	
головы	го́ловы	свои 	
головы	го́ловы	себе 	
головы	го́ловы	сечь 	
головы	го́ловы	склонив 	
головы	го́ловы	склонили 	
головы	го́ловы	склоните 	
головы	го́ловы	сложивших 	
головы	го́ловы	собирается сносить 	
головы	го́ловы	сокрушил 	
головы	го́ловы	сохранить 	
головы	го́ловы	там 	 на
головы	го́ловы	твои 	
головы	го́ловы	те 	
головы	го́ловы	тела и 	
головы	го́ловы	у которых 	
головы	го́ловы	у них тоже 	
головы	го́ловы	увидел 	
головы	го́ловы	через 	
головы	го́ловы	через 	 толпы
головы	го́ловы	четыре 	
головы	го́ловы	что 	 змея
головы	го́ловы	чьи та 	
головы	го́ловы	шлемо 	
головы	го́ловы	эти 	
головы	го́ловы	этом 	
головы	головы́		 дракона
головы	головы́		 змеи
головы	головы́		 и груди
головы	головы́		 и страны
головы	головы́		 и тела
головы	головы́		 мастера
головы	головы́		 на плечах нет
головы	головы́		 не видно
головы	головы́		 профессора
головы	головы́		 хозяина
головы	головы́	аж до 	
головы	головы́	без 	
головы	головы́	благородной 	
головы	головы́	бокам 	
головы	головы́	больной 	
головы	головы́	больше 	
головы	головы́	бросали выше 	
головы	головы́	быстрее 	
головы	головы́	в виде 	
головы	головы́	в наклоне 	
головы	головы́	в пасти 	 змея
головы	головы́	вашей 	
головы	головы́	верх 	
головы	головы́	взлетали выше 	
головы	головы́	взмах 	
головы	головы́	вместо 	
головы	головы́	внутри 	
головы	головы́	внутрь 	
головы	головы́	возле 	
головы	головы́	вокруг 	
головы	головы́	вокруг его 	 и бороды
головы	головы́	волос 	
головы	головы́	волос с 	
головы	головы́	всякой 	
головы	головы́	второй 	
головы	головы́	даже не подняв 	
головы	головы́	для 	
головы	головы́	до 	 мукой
головы	головы́	его 	
головы	головы́	из 	
головы	головы́	изгиб 	
головы	головы́	кивком 	
головы	головы́	кивку 	
головы	головы́	кивок 	
головы	головы́	костей и 	
головы	головы́	который даже 	
головы	головы́	лишившись сперва 	
головы	головы́	львиной 	
головы	головы́	моей 	
головы	головы́	мощной 	
головы	головы́	мужской 	
головы	головы́	не поворачивая 	
головы	головы́	он не терял 	
головы	головы́	она не теряла 	
головы	головы́	от 	
головы	головы́	от самой 	
головы	головы́	посадке 	
головы	головы́	посередине 	
головы	головы́	при болезнях 	
головы	головы́	размеров тела и 	
головы	головы́	руки от 	
головы	головы́	с 	
головы	головы́	с 	 берет
головы	головы́	с 	 до ног
головы	головы́	с ног до 	
головы	головы́	своей 	
головы	головы́	сердца и 	
головы	головы́	сносить мне 	
головы	головы́	сторонам 	
головы	головы́	стороне 	
головы	головы́	твоей 	
головы	головы́	три 	
головы	головы́	украшения 	
головы	головы́	форма 	
головы	головы́	хвоста и 	
головы	головы́	центру 	
головы	головы́	часть 	
головы	головы́	часть 	 и лица
головы	головы́	частью 	
головы	головы́	чьей то 	
головы	головы́	чьей тоъ 	
головы	головы́	ясной 	
голоса	го́лоса		 божия
голоса	го́лоса		 брата
голоса	го́лоса		 не повышал
голоса	го́лоса		 никто не узнал
голоса	го́лоса		 он не повышал
голоса	го́лоса		 у него
голоса	го́лоса	а 	 у
голоса	го́лоса	без моего 	
голоса	го́лоса	в два 	
голоса	го́лоса	вашего 	
голоса	го́лоса	вдоль 	
голоса	го́лоса	визгливого 	
голоса	го́лоса	властности 	
голоса	го́лоса	влиянию 	
голоса	го́лоса	вместо 	
голоса	го́лоса	внутреннего 	
голоса	го́лоса	волшебного 	
голоса	го́лоса	громкость 	
голоса	го́лоса	данных и 	
голоса	го́лоса	два 	
голоса	го́лоса	два других 	
голоса	го́лоса	до 	 и лица
голоса	го́лоса	досягаемости 	
голоса	го́лоса	дрожания 	
голоса	го́лоса	его 	
голоса	го́лоса	женских 	
голоса	го́лоса	женского 	
голоса	го́лоса	записанного ранее 	
голоса	го́лоса	запись 	
голоса	го́лоса	звук 	
голоса	го́лоса	звук его 	
голоса	го́лоса	звуками своего 	
голоса	го́лоса	звуки 	
голоса	го́лоса	звучанием 	
голоса	го́лоса	знакомого 	
голоса	го́лоса	зова 	
голоса	го́лоса	из 	
голоса	го́лоса	изменение 	
голоса	го́лоса	имеет права 	
голоса	го́лоса	интонации 	
голоса	го́лоса	интонация 	
голоса	го́лоса	качество 	
голоса	го́лоса	кроме 	 земли
голоса	го́лоса	любимого 	
голоса	го́лоса	материнского 	
голоса	го́лоса	модуляциями 	
голоса	го́лоса	моего 	
голоса	го́лоса	молящего 	
голоса	го́лоса	мощного 	
голоса	го́лоса	на расстоянии 	
голоса	го́лоса	на фоне 	
голоса	го́лоса	направлении 	
голоса	го́лоса	не издают 	
голоса	го́лоса	не повышая 	
голоса	го́лоса	не подавали 	
голоса	го́лоса	не слышит 	
голоса	го́лоса	нежностью 	
голоса	го́лоса	неотличимым от 	
голоса	го́лоса	несравненного 	
голоса	го́лоса	нюансы 	
голоса	го́лоса	оба 	
голоса	го́лоса	от 	
голоса	го́лоса	от слуха и 	
голоса	го́лоса	передача 	
голоса	го́лоса	передаче 	
голоса	го́лоса	передачу 	
голоса	го́лоса	понижением 	
голоса	го́лоса	послушался 	
голоса	го́лоса	послушаться 	
голоса	го́лоса	потерю 	
голоса	го́лоса	права 	
голоса	го́лоса	праве 	
голоса	го́лоса	право 	
голоса	го́лоса	приближающихся 	
голоса	го́лоса	призыв 	
голоса	го́лоса	проклятого 	
голоса	го́лоса	против 	
голоса	го́лоса	раскатами 	
голоса	го́лоса	родного 	
голоса	го́лоса	с записью 	
голоса	го́лоса	своего 	
голоса	го́лоса	сила 	
голоса	го́лоса	системой изменения 	
голоса	го́лоса	следуя указаниям 	
голоса	го́лоса	слушаются 	
голоса	го́лоса	собственного 	
голоса	го́лоса	срывом 	
голоса	го́лоса	страстного 	
голоса	го́лоса	сухого от безводицы 	
голоса	го́лоса	тайнами 	
голоса	го́лоса	тембре 	
голоса	го́лоса	тихого 	
голоса	го́лоса	тон 	
голоса	го́лоса	тона 	
голоса	го́лоса	три 	
голоса	го́лоса	узнаю 	
голоса	го́лоса	хватает только 	
голоса	го́лоса	хватило и 	
голоса	го́лоса	хитростей 	
голоса	го́лоса	хриплого 	
голоса	го́лоса	человеческого 	
голоса	го́лоса	четыре 	
голоса	го́лоса	чистого 	
голоса	го́лоса	чудесного 	
голоса	го́лоса	чудовищного 	
голоса	го́лоса	чужим 	
голоса	го́лоса	шепчущего 	
голоса	го́лоса	этого 	
голоса	го́лоса	эхо 	
голоса	го́лоса	юношеского 	
голоса	голоса́		 - глуше
голоса	голоса́		 волков
голоса	голоса́		 и видения
голоса	голоса́		 слышу
голоса	голоса́	были 	
голоса	голоса́	в 	
голоса	голоса́	ваши 	
голоса	голоса́	ведь 	 -
голоса	голоса́	взволнованные 	
голоса	голоса́	внимание привлекли 	
голоса	голоса́	до него 	
голоса	голоса́	и 	 их
голоса	голоса́	крыльев и 	
голоса	голоса́	лучше уж 	 в
голоса	голоса́	на 	
голоса	голоса́	начали подавать 	
голоса	голоса́	не 	 это
голоса	голоса́	пока 	 в
голоса	голоса́	постепенно повышая 	
голоса	голоса́	потом 	 -
голоса	голоса́	прорезал их 	
голоса	голоса́	умильные 	
голоса	голоса́	чьи 	
голоса	голоса́	чьи то 	
голоса	голоса́	чьи тоъ 	
голоса	голоса́	шаги и 	
голоса	голоса́	шум и 	
голоса	голоса́	эти 	
голубка	голубка́	оба 	
голубками	голубка́ми	этими 	
голубки	голу́бки	грудка 	
голубки	голубки́		 ударились
голубки	голубки́	эй, 	
гоните	го́ните	вы 	
гоните	го́ните	кого то 	
гоните	го́ните	кого тоъ 	
гоните	го́ните	куда 	
гоните	го́ните	чего 	
гоните	гони́те		 прочь
гоните	гони́те	назад 	
горе	го́ре		 -
горе	го́ре		 в питье
горе	го́ре		 воров.
горе	го́ре		 егеря
горе	го́ре		 и вечная вина
горе	го́ре		 и муки
горе	го́ре		 и от дурости
горе	го́ре		 и слезы
горе	го́ре		 не [homo] горе [/homo]
горе	го́ре		 стрелка
горе	го́ре		 стрелок
горе	го́ре		 тебе
горе	го́ре	беда и 	
горе	го́ре	безудержном 	
горе	го́ре	боль и 	
горе	го́ре	большое 	
горе	го́ре	большом 	
горе	го́ре	в 	 и в радости
горе	го́ре	в 	 и в радость
горе	го́ре	в 	 и отрицании
горе	го́ре	в 	 и радости
горе	го́ре	в 	 и страдании
горе	го́ре	в радости и в 	
горе	го́ре	в радости или 	
горе	го́ре	в том то и 	
горе	го́ре	в том тоъ и 	
горе	го́ре	вами и в 	
горе	го́ре	ваше 	
горе	го́ре	великое 	
горе	го́ре	возводя сердца своего 	
горе	го́ре	вот 	
горе	го́ре	всеобщее 	
горе	го́ре	глубоком 	
горе	го́ре	глядя на 	
горе	го́ре	друга не в 	
горе	го́ре	есть и 	
горе	го́ре	земном 	
горе	го́ре	и 	 ему
горе	го́ре	каждое 	
горе	го́ре	моем 	
горе	го́ре	может быть 	
горе	го́ре	на 	 нарывается
горе	го́ре	наше 	
горе	го́ре	нужда и 	
горе	го́ре	нужде и 	
горе	го́ре	о 	 [homo] горе [/homo]
горе	го́ре	о, 	
горе	го́ре	огромное 	
горе	го́ре	однако 	 тебе
горе	го́ре	охватывало 	
горе	го́ре	поэтому 	 тебе
горе	го́ре	принесло бы ей 	
горе	го́ре	приносите 	
горе	го́ре	простертию души 	
горе	го́ре	прямо 	
горе	го́ре	пургу о 	
горе	го́ре	радости, и в 	
горе	го́ре	радость ли, на 	
горе	го́ре	руки 	
горе	го́ре	себе же на 	
горе	го́ре	семьи 	
горе	го́ре	смотришь на 	 с земли
горе	го́ре	создали себе тьму и с ней 	
горе	го́ре	стократное 	
горе	го́ре	счастье или 	
горе	го́ре	счастье или на 	
горе	го́ре	узнаешь 	
горе	го́ре	человеческом 	
горе	го́ре	чем 	
горе	го́ре	через 	
горе	го́ре	что такое пороки и 	
горе	го́ре	чужое 	
горе	го́ре	чужом 	
горе	го́ре	это 	
горе	го́ре	этом 	
горе	го́ре	этот 	
горе	горе́		 артефактов
горе	горе́		 железа
горе	горе́		 стоят
горе	горе́		 фаворе
горе	горе́	бесформенной 	
горе	горе́	в его 	
горе	горе́	в самой 	
горе	горе́	велел 	
горе	горе́	великой 	
горе	горе́	владимирской 	
горе	горе́	восходит 	
горе	горе́	замка на 	
горе	горе́	замку на 	
горе	горе́	замок на 	
горе	горе́	из замка на 	
горе	горе́	информацию о 	
горе	горе́	ихней 	
горе	горе́	к 	
горе	горе́	моей 	
горе	горе́	на 	
горе	горе́	на 	 шелковых подушек
горе	горе́	на своей 	
горе	горе́	нашей 	
горе	горе́	отверстие в 	
горе	горе́	пещеру в 	
горе	горе́	своей 	
горе	горе́	сей 	
горе	горе́	скажет 	 сей
горе	горе́	там на 	 та
горе	горе́	там на 	 то
горе	горе́	там на 	 тоъ
горе	горе́	твоей 	
горе	горе́	той 	
горе	горе́	той же 	
горе	горе́	храм стоит на 	
горе	горе́	целой 	
горе	горе́	чудовищной 	
горе	горе́	чьей та 	
горе	горе́	этой 	
горе	горе́	этой же 	
города	го́рода		 бишофсверда
города	го́рода		 или замка
города	го́рода		 они совсем не знали
города	го́рода	а 	 поблизости нет
города	го́рода	архив 	
города	го́рода	архиве 	
города	го́рода	аэропорту 	
города	го́рода	безымянного 	
города	го́рода	бело-золотого 	
города	го́рода	белого 	
города	го́рода	ближайшего 	
города	го́рода	большого 	
города	го́рода	в планировке 	
города	го́рода	в центре 	
города	го́рода	в черте 	
города	го́рода	великого 	
города	го́рода	весь свет 	
города	го́рода	вне 	
города	го́рода	вокруг 	
города	го́рода	ворот 	
города	го́рода	ворота 	
города	го́рода	воротам 	
города	го́рода	воротами 	
города	го́рода	восстановлении 	
города	го́рода	восьмая 	
города	го́рода	все дамы 	
города	го́рода	герб 	
города	го́рода	гербом 	
города	го́рода	гибельного 	
города	го́рода	гости 	
города	го́рода	данного 	
города	го́рода	два 	
города	го́рода	дворцового 	
города	го́рода	для 	
города	го́рода	дома 	
города	го́рода	достигла 	
города	го́рода	достигли 	
города	го́рода	другого 	
города	го́рода	душа 	
города	го́рода	жителей 	
города	го́рода	жительства 	
города	го́рода	за чертой 	
города	го́рода	за черту 	
города	го́рода	закоулки 	
города	го́рода	замка и 	
города	го́рода	из 	
города	го́рода	из ворот 	
города	го́рода	историю 	
города	го́рода	к краю 	
города	го́рода	карту 	
города	го́рода	книге 	
города	го́рода	колокол 	 призраков
города	го́рода	конце 	
города	го́рода	коробка 	
города	го́рода	коробке 	
города	го́рода	края 	
города	го́рода	купола 	
города	го́рода	летописи 	
города	го́рода	мастеров 	
города	го́рода	места 	
города	го́рода	мы 	 не знаем.
города	го́рода	мэром 	
города	го́рода	на благо 	
города	го́рода	на краю 	
города	го́рода	на раскопках 	
города	го́рода	на самом краю 	
города	го́рода	названия 	
города	го́рода	обетованного 	
города	го́рода	обитатели 	
города	го́рода	облик 	
города	го́рода	общества 	
города	го́рода	одного 	
города	го́рода	он 	 не знает.
города	го́рода	они 	 не знают.
города	го́рода	основания 	
города	го́рода	от 	
города	го́рода	передача 	
города	го́рода	плана 	
города	го́рода	плану 	
города	го́рода	площадью 	
города	го́рода	посреди 	
города	го́рода	правителем 	
города	го́рода	пределами 	
города	го́рода	пределах 	
города	го́рода	пределов 	
города	го́рода	пределы 	
города	го́рода	пустого 	
города	го́рода	разрушение 	
города	го́рода	разрушения 	
города	го́рода	районе 	
города	го́рода	расположен на юге 	
города	го́рода	расположенного 	
города	го́рода	родного 	
города	го́рода	рождения 	
города	го́рода	самого 	
города	го́рода	сверкающего 	
города	го́рода	северного 	
города	го́рода	сектор 	
города	го́рода	сердцем 	
города	го́рода	сияющего 	
города	го́рода	смычка 	 и деревни
города	го́рода	со стороны 	
города	го́рода	среда 	
города	го́рода	стены 	
города	го́рода	сторону 	
города	го́рода	судьбы 	
города	го́рода	так как бюджет 	
города	го́рода	такого 	
города	го́рода	твоего 	
города	го́рода	территории 	
города	го́рода	топографию 	
города	го́рода	треть 	
города	го́рода	улицам 	
города	го́рода	улицы 	
города	го́рода	улочкам 	
города	го́рода	хозяев 	
города	го́рода	храмах 	
города	го́рода	цветущего 	
города	го́рода	целого 	
города	го́рода	центр 	
города	го́рода	центра 	
города	го́рода	центре 	
города	го́рода	центром 	
города	го́рода	центру 	
города	го́рода	частей 	
города	го́рода	части 	
города	го́рода	часть 	
города	го́рода	частях 	
города	го́рода	черте 	
города	го́рода	черту 	
города	го́рода	четверть 	
города	го́рода	четыре 	
города	го́рода	чиновников 	
города	го́рода	чистки 	
города	го́рода	что 	 он не знает
города	го́рода	что 	 она не знает
города	го́рода	что 	 они не знают
города	го́рода	что 	 оно не знает
города	го́рода	что края? - 	
города	го́рода	чужого 	
города	го́рода	шум 	
города	го́рода	эмблема 	
города	го́рода	этого 	
города	го́рода	ярусе 	
города	го́рода	ярусы 	
города	города́		 - строить
города	города́		 берет
города	города́		 дома
города	города́		 заморские,
города	города́		 и горы
города	города́		 и деревни
города	города́		 и замки
города	города́		 и земли
города	города́		 и лагеря
города	города́		 и леса
города	города́		 и люди
города	города́		 и села
города	города́		 или села
города	города́		 им нужны
города	города́		 лежат в руинах
города	города́		 на луне
города	города́		 остроги
города	города́		 под собою
города	города́		 связывал
города	города́		 стояли покинутые
города	города́		 страны
города	города́		 такого типа
города	города́		 этой страны
города	города́	авалонского 	
города	города́	армии и 	
города	города́	берет 	
города	города́	бессмысленные 	
города	города́	благополучные 	
города	города́	богатые 	
города	города́	большие 	
города	города́	бомбить 	
города	города́	брал 	
города	города́	были 	
города	города́	в 	
города	города́	в эти сутки 	
города	города́	ваши 	
города	города́	ввысь 	
города	города́	величественные 	
города	города́	вечного 	
города	города́	взорванные 	
города	города́	вольного 	
города	города́	вольные 	
города	города́	все, 	
города	города́	второго 	
города	города́	выжигала 	
города	города́	вымывая 	
города	города́	грязные они, 	
города	города́	деревни и 	
города	города́	дома и 	
города	города́	дороги и 	
города	города́	другие 	
города	города́	другие 	 земли
города	города́	есть на свете 	
города	города́	замки и 	
города	города́	занимает 	
города	города́	затерянные 	
города	города́	земли и 	
города	города́	и 	 земли
города	города́	какие 	 и села
города	города́	лагеря и 	
города	города́	леса и 	
города	города́	между нами 	
города	города́	мимо 	 и реки
города	города́	мои 	
города	города́	моря, 	
города	города́	на 	
города	города́	наши 	
города	города́	ненавидел 	
города	города́	обезьяньи 	
города	города́	одни 	
города	города́	они все, 	
города	города́	острова и 	
города	города́	плавучие 	
города	города́	платформы и 	
города	города́	поля и 	
города	города́	построены 	
города	города́	потом 	
города	города́	проезжая 	
города	города́	просто 	 -
города	города́	прочие 	
города	города́	разбросаны 	
города	города́	разорят 	 и села
города	города́	разоряющих 	
города	города́	разрушенные 	
города	города́	реки и 	
города	города́	россии, 	
города	города́	с лица земли 	
города	города́	свои 	
города	города́	села в 	
города	города́	села и 	
города	города́	села или 	
города	города́	села, 	 есть
города	города́	сжигал 	
города	города́	сжигая 	 и села
города	города́	смыв 	
города	города́	соседние 	
города	города́	средние 	
города	города́	стали появляться 	
города	города́	стоят 	
города	города́	строить 	
города	города́	такие вот 	
города	города́	там появились 	
города	города́	твои 	
города	города́	те 	
города	города́	только 	 и села
города	города́	увидеть 	
города	города́	укорять 	
города	города́	уничтожать 	
города	города́	флорентийские 	
города	города́	хрустальные 	
города	города́	целые 	
города	города́	цивилизации - 	
города	города́	через 	
города	города́	что 	 - это
города	города́	что 	 это
города	города́	чужие 	
города	города́	чьи 	
города	города́	чьи та 	
города	города́	штурмовали 	
города	города́	эти 	
города	города́	это не 	 со
городите	городи́те	не 	
горы	го́ры		 - не [homo] горы [/homo]
горы	го́ры		 - не такие
горы	го́ры		 в тех краях
горы	го́ры		 да леса
горы	го́ры		 земли
горы	го́ры		 и [homo] горы [/homo]
горы	го́ры		 и леса
горы	го́ры		 и леса,
горы	го́ры		 и моря
горы	го́ры		 и облака
горы	го́ры		 и озера
горы	го́ры		 и поля
горы	го́ры		 и реки
горы	го́ры		 мусора
горы	го́ры		 начали
горы	го́ры		 стоят на
горы	го́ры		 то
горы	го́ры		 тоъ
горы	го́ры		, [homo] горы [/homo], [homo] горы [/homo]
горы	го́ры	- 	 стояли
горы	го́ры	а 	 в
горы	го́ры	а 	 впереди
горы	го́ры	в 	
горы	го́ры	ваши 	
горы	го́ры	вдали 	
горы	го́ры	виднеются 	
горы	го́ры	видны 	
горы	го́ры	вижу 	
горы	го́ры	возникли 	
горы	го́ры	вокруг - 	
горы	го́ры	вот 	 с
горы	го́ры	впереди 	
горы	го́ры	все 	
горы	го́ры	вырывать 	
горы	го́ры	высотой с 	
горы	го́ры	гномьи 	
горы	го́ры	города и 	
горы	го́ры	дома, 	
горы	го́ры	звезды и 	
горы	го́ры	леса и 	
горы	го́ры	леса, 	
горы	го́ры	море и 	
горы	го́ры	моря и 	
горы	го́ры	моря, 	
горы	го́ры	пагоды, дома, 	
горы	го́ры	поля и 	
горы	го́ры	помеха даже 	
горы	го́ры	равнины, 	
горы	го́ры	размером с 	
горы	го́ры	река, 	
горы	го́ры	реки и 	
горы	го́ры	сгружают и 	 добычи
горы	го́ры	слова 	
горы	го́ры	степи и 	
горы	го́ры	стихия, 	
горы	го́ры	стоят 	
горы	го́ры	ущелья и 	
горы	го́ры	холмы и 	
горы	го́ры	хребты и 	
горы	го́ры	чащобы, 	
горы	го́ры	чем тут 	
горы	го́ры	через 	
горы	го́ры	эти 	
горы	го́ры	это 	
горы	го́ры	это - 	
горы	го́ры	это же 	
горы	го́ры	это не 	
горы	горы́		 нет
горы	горы́		 раков
горы	горы́	ангела 	
горы	горы́	ангелу 	
горы	горы́	безвоздушной 	
горы	горы́	ближайшей 	
горы	горы́	ближайшей к нам 	
горы	горы́	богу 	
горы	горы́	в склоне 	
горы	горы́	в тело 	
горы	горы́	вблизи 	
горы	горы́	вглубь 	
горы	горы́	вершина 	
горы	горы́	вершине 	
горы	горы́	вершиной 	
горы	горы́	вершину 	
горы	горы́	взрыв 	
горы	горы́	владимирской 	
горы	горы́	внутри 	 с
горы	горы́	внутрь 	
горы	горы́	высокой 	
горы	горы́	две 	
горы	горы́	две несокрушимые 	
горы	горы́	две поросшие лесом 	
горы	горы́	до 	
горы	горы́	из 	
горы	горы́	из под 	
горы	горы́	из склона 	
горы	горы́	ихней 	
горы	горы́	какой та 	
горы	горы́	какой-то 	
горы	горы́	кратера 	
горы	горы́	крутой 	
горы	горы́	масличной 	
горы	горы́	моей 	
горы	горы́	на верху 	
горы	горы́	на вершине 	
горы	горы́	на склонах 	
горы	горы́	на террасе 	
горы	горы́	на фоне 	
горы	горы́	нашей 	
горы	горы́	недр 	
горы	горы́	обитателей 	
горы	горы́	овершье 	
горы	горы́	огромной 	
горы	горы́	одной 	
горы	горы́	от 	
горы	горы́	от имени 	
горы	горы́	откоса 	
горы	горы́	пик 	
горы	горы́	пике 	
горы	горы́	площадке 	
горы	горы́	по склонам 	
горы	горы́	подножию 	
горы	горы́	подножия 	
горы	горы́	подножье 	
горы	горы́	подножью 	
горы	горы́	подножья 	
горы	горы́	покой 	
горы	горы́	расселин 	
горы	горы́	руководство 	
горы	горы́	с 	
горы	горы́	с вершины 	
горы	горы́	своей 	
горы	горы́	середины 	
горы	горы́	скалистой 	
горы	горы́	скате 	
горы	горы́	склон 	
горы	горы́	склоне 	
горы	горы́	склонов 	
горы	горы́	склону 	
горы	горы́	слоя 	
горы	горы́	сочетая идею 	
горы	горы́	стороне 	
горы	горы́	сторону 	
горы	горы́	страха 	
горы	горы́	твоей 	
горы	горы́	той 	
горы	горы́	той же 	
горы	горы́	толще 	
горы	горы́	толщи 	
горы	горы́	три 	
горы	горы́	у 	
горы	горы́	у подошвы 	
горы	горы́	устранении 	
горы	горы́	уступ 	
горы	горы́	уступе 	
горы	горы́	царь 	
горы	горы́	целлофановой 	
горы	горы́	целой 	
горы	горы́	часть 	
горы	горы́	частью 	
горы	горы́	четыре 	
горы	горы́	чреве 	
горы	горы́	чьей та 	
горы	горы́	этой 	
горю	го́рю	вашему 	
горю	го́рю	земному 	
горю	горю́	что 	
горю	горю́	я весь 	
горя	го́ря	больше 	
горя	го́ря	вдоль 	
горя	го́ря	выражения 	
горя	го́ря	земного 	
горя	го́ря	много 	
горя	го́ря	не знает ни 	
горя	го́ря	огромного 	
горя	го́ря	ожидать 	
горя	го́ря	от 	
горя	го́ря	от 	 и слез
горя	го́ря	полна 	
горя	го́ря	своего 	
горя	го́ря	сильного 	
горя	го́ря	ужасного 	
горя	го́ря	человеческого 	
горя	горя́	как жар 	
горя	горя́	не 	
горячее	горя́чее	красное и 	
горячее	горя́чее	маленькое, - 	
горячее	горя́чее	на 	
горячее	горя́чее	самое 	
горячее	горяче́е		 и [homo] горячее [/homo]
горячее	горяче́е	куда 	
горячее	горяче́е	становятся 	
горячее	горяче́е	тем 	
горячее	горяче́е	чем 	 спор
горячей	горя́чей		 воды
горячей	горя́чей		 крови
горячей	горя́чей		 руки
горячей	горя́чей		 скачки
горячей	горя́чей		 точке
горячей	горя́чей		 щеки
горячей	горя́чей	более 	
горячей	горя́чей	в пасть 	
горячей	горя́чей	вполне 	
горячей	горя́чей	запах 	 смолы
горячей	горя́чей	на 	 линии
горячей	горя́чей	самой 	
горячей	горяче́й	был 	 их
господа	го́спода		 бога
господа	го́спода		 и церкви
господа	го́спода		 иисуса христа
господа	го́спода		 нашего
господа	го́спода		 своего
господа	го́спода	ангелы 	
господа	го́спода	апостол 	
господа	го́спода	благодари за это 	
господа	го́спода	благодарил 	
господа	го́спода	благодарить 	
господа	го́спода	благодарю 	
господа	го́спода	благодать 	
господа	го́спода	благосклонности 	
господа	го́спода	в 	
господа	го́спода	в имени 	
господа	го́спода	вдоль 	
господа	го́спода	вера в 	
господа	го́спода	вере 	
господа	го́спода	весах 	
господа	го́спода	во имя 	
господа	го́спода	во славу того же 	
господа	го́спода	возблагодари 	
господа	го́спода	возблагодарив 	
господа	го́спода	возблагодарил 	
господа	го́спода	возблагодарим 	
господа	го́спода	возблагодарим за это 	
господа	го́спода	возблагодарить 	
господа	го́спода	возлюби 	
господа	го́спода	возлюбившего 	
господа	го́спода	воин 	
господа	го́спода	воле 	
господа	го́спода	волею 	
господа	го́спода	воли 	
господа	го́спода	волю 	
господа	го́спода	воля 	
господа	го́спода	восславим 	
господа	го́спода	всеведущего 	
господа	го́спода	всемогущего 	
господа	го́спода	всемогущество 	
господа	го́спода	два 	
господа	го́спода	дела 	
господа	го́спода	деснице 	
господа	го́спода	имя 	
господа	го́спода	искательству 	
господа	го́спода	ихнего 	
господа	го́спода	лицезрению 	
господа	го́спода	лицом 	
господа	го́спода	мать 	
господа	го́спода	мафией 	
господа	го́спода	моего 	
господа	го́спода	молит 	
господа	го́спода	молить за вас 	
господа	го́спода	молю 	
господа	го́спода	муки 	
господа	го́спода	на самого 	
господа	го́спода	наместник 	
господа	го́спода	нашего 	
господа	го́спода	обзывал 	
господа	го́спода	обитель 	
господа	го́спода	орден от 	
господа	го́спода	от 	
господа	го́спода	от имени 	
господа	го́спода	отмечены печатью 	
господа	го́спода	отринул 	
господа	го́спода	очами 	
господа	го́спода	персонифицированного 	
господа	го́спода	поверил в 	
господа	го́спода	порождение 	
господа	го́спода	преданных делу 	
господа	го́спода	предупреждение от 	
господа	го́спода	пророк 	
господа	го́спода	пророков 	
господа	го́спода	против 	
господа	го́спода	против церкви и 	
господа	го́спода	прямо от 	
господа	го́спода	рабов 	
господа	го́спода	ради 	
господа	го́спода	самого 	
господа	го́спода	свобода 	 становится
господа	го́спода	своего 	
господа	го́спода	святаго, 	
господа	го́спода	святого, 	
господа	го́спода	славу 	
господа	го́спода	слез 	
господа	го́спода	слова 	
господа	го́спода	слуга 	
господа	го́спода	слугой 	
господа	го́спода	служитель 	
господа	го́спода	служителям 	
господа	го́спода	сподобившись от 	
господа	го́спода	стремление 	
господа	го́спода	твоего 	
господа	го́спода	творения 	
господа	го́спода	у 	
господа	го́спода	удар от 	
господа	го́спода	умолить 	
господа	го́спода	хвалите 	
господа	го́спода	хоть 	
господа	го́спода	хулите 	
господа	го́спода	хулу на 	
господа	го́спода	через 	 нашего
господа	го́спода	чтишь 	
господа	го́спода	чьего та 	
господа	го́спода	этого 	
господа	господа́	вас, 	
господа	господа́	дамы и 	
господа	господа́	здравствуйте, 	
господа	господа́	печально, 	
господа	господа́	прошу, 	
господа	господа́	с вашего позволения 	
господа	господа́	такие дела 	
господа	господа́	традиции, 	
господа	господа́	эти 	
гости	го́сти		 города
гости	го́сти		 поднялись
гости	го́сти	в 	
гости	го́сти	другие 	
гости	го́сти	заходите в 	
гостя	го́стя	в 	
гостя	го́стя	лица 	
гостя	го́стя	личного 	
гостя	го́стя	руке 	
гостя	го́стя	узнав 	
готов	го́тов		 и викингов
готов	го́тов	всадников 	
готов	го́тов	набеги 	
готов	го́тов	нападение 	
готов	го́тов	нападению 	
готов	го́тов	нападения 	
готов	го́тов	племена 	
готов	го́тов	полчищ 	
готов	го́тов	полчища 	
готов	гото́в		 чаек
готов	гото́в	чаек 	
графа	гра́фа		 и земли
графа	гра́фа	для 	
графа	гра́фа	замка 	
графа	гра́фа	замке 	
графа	гра́фа	просит 	
графа	графа́	была 	
графе	графе́	в 	
графе	графе́	этой 	
графу	гра́фу		 хазимиру
графу	гра́фу	к 	
графу	графу́	в 	
графу	графу́	вызвавшую сомнения 	
графы	графы́	вместо 	
гребли	гре́бли	для 	
гребли	гре́бли	от 	
гребли	гре́бли	ритм 	
гребли	гребли́		 за него
гребли	гребли́		 назад
гребли	гребли́	лодках 	
гребли	гребли́	люди 	
гребли	гребли́	отчаянно 	
гребли	гребли́	пока 	
гребли	гребли́	торопливо 	
гребли	гребли́	усиленно 	
гробу	гробу́	в 	
гробу	гробу́	в его 	
гробу	гробу́	на 	
грозы	гро́зы		 и бури
грозы	гро́зы	ветер 	
грозы	грозы́	без 	
грозы	грозы́	бога 	
грозы	грозы́	боялись 	
грозы	грозы́	время 	
грозы	грозы́	грохот 	
грозы	грозы́	до 	
грозы	грозы́	дождаться 	
грозы	грозы́	ждали 	
грозы	грозы́	запах 	
грозы	грозы́	капли 	
грозы	грозы́	надвигающейся 	
грозы	грозы́	начале 	
грозы	грозы́	очереди из 	
грозы	грозы́	очистительной 	
грозы	грозы́	первой 	
грозы	грозы́	после 	
грозы	грозы́	предчувствие 	
грозы	грозы́	приклад 	
грозы	грозы́	пугались 	
грозы	грозы́	разгар 	
грозы	грозы́	сильной 	
грозы	грозы́	ужаснее 	
грозы	грозы́	четыре 	
груди	гру́ди		 и снова бедра
груди	гру́ди		 кругом
груди	гру́ди		 не отвисли
груди	гру́ди	бледные 	
груди	гру́ди	глаза и 	
груди	гру́ди	круглые 	
груди	гру́ди	мои 	
груди	гру́ди	накладные 	
груди	гру́ди	наши 	
груди	гру́ди	по самые 	
груди	гру́ди	пояса 	
груди	гру́ди	свои 	
груди	гру́ди	твои 	
груди	гру́ди	те 	
груди	гру́ди	упругие 	
груди	гру́ди	чьи та 	
груди	гру́ди	эти 	
груди	гру́ди	юные 	
груди	груди́		 - бешено
груди	груди́		 змею
груди	груди́		 и руки
груди	груди́		 руки
груди	груди́		 стало пусто
груди	груди́	а ордена на 	
груди	груди́	ампутация 	
груди	груди́	безволосой 	
груди	груди́	белой 	
груди	груди́	богатырской 	
груди	груди́	болевшей 	
груди	груди́	бочкообразной 	
груди	груди́	в 	
груди	груди́	в 	 у
груди	груди́	в горле и 	
груди	груди́	в его 	
груди	груди́	в моей 	
груди	груди́	в области 	
груди	груди́	в районе 	
груди	груди́	вздыманиями 	
груди	груди́	вниз 	
груди	груди́	возле 	
груди	груди́	волосатой 	
груди	груди́	волосы на 	
груди	груди́	ворот на 	
груди	груди́	воспаление 	
груди	груди́	впалой 	
груди	груди́	выпяченной 	
груди	груди́	высокой 	
груди	груди́	высоте 	
груди	груди́	головы и 	
груди	груди́	до самой 	
груди	груди́	его 	
груди	груди́	ивановой 	
груди	груди́	из 	
груди	груди́	их 	
груди	груди́	к 	
груди	груди́	к 	 руки
груди	груди́	моей 	
груди	груди́	на 	
груди	груди́	на 	 змею
груди	груди́	на 	 кожаная
груди	груди́	на 	 красовались
груди	груди́	на 	 руки
груди	груди́	на месте 	
груди	груди́	ниже 	
груди	груди́	о 	
груди	груди́	обе руки к 	
груди	груди́	по его руке, 	
груди	груди́	поводу их 	
груди	груди́	руки к 	
груди	груди́	с 	
груди	груди́	самой 	
груди	груди́	своей 	
груди	груди́	скрестив на 	 руки
груди	груди́	скрестила руки на 	
груди	груди́	сложил руки на 	
груди	груди́	спрятанный на 	
груди	груди́	стороне 	
груди	груди́	стороны 	
груди	груди́	твоей 	
груди	груди́	у самой 	
груди	груди́	форма 	
груди	груди́	формы 	
груди	груди́	центре 	
груди	груди́	центром 	
груди	груди́	части 	
груди	груди́	часть 	
груди	груди́	человеческой 	
груди	груди́	четыре 	
груди	груди́	чешуйчатой 	
груди	груди́	что в 	
груди	груди́	чуть ниже 	
груди	груди́	шее, 	
груди	груди́	шеи и 	
груди	груди́	широкой 	
груди	груди́	шлеме и 	
грудки	гру́дки	девичьи 	
грудки	гру́дки	острые 	
грудки	гру́дки	призывно торчащей 	
грудки	грудки́	за 	
грузите	грузи́те		 их
грусти	гру́сти	возвышенной 	
грусти	гру́сти	долей 	
грусти	гру́сти	не было 	
грусти	гру́сти	немного 	
грусти	гру́сти	подвержен 	
грусти	гру́сти	полные 	 глаза
грусти	гру́сти	сладострастной 	
грусти	гру́сти	тени 	
грусти	гру́сти	тихой 	
грусти	гру́сти	толику 	
грусти	грусти́	не 	
гряды	гря́ды	облачные 	
гряды	гря́ды	обтекая 	
гряды	гря́ды	одинаковые 	
гряды	гряды́	горной 	
гряды	гряды́	гребень 	
гряды	гряды́	две 	
гряды	гряды́	три 	
гряды	гряды́	четыре 	
грязи	грязи́	барахтаются в 	
грязи	грязи́	в 	
грязи	грязи́	в крови и 	
грязи	грязи́	в мокрой 	
грязи	грязи́	весь в 	
грязи	грязи́	вымазаться в 	
грязи	грязи́	купаются в 	
грязи	грязи́	на 	
грязи	грязи́	у 	
губите	губи́те	не 	
давите	да́вите	вы 	
давите	да́вите	же 	
давите	дави́те	не 	
давите	дави́те	сильно не 	
дали	да́ли		 глоток
дали	да́ли		 деру
дали	да́ли		 жару
дали	да́ли		 же нам жару
дали	да́ли	в туманной 	
дали	да́ли	воды не 	
дали	дали́	в 	
дали	дали́	в той 	
дали	дали́	сальвадор 	
дали	дали́	стоящий в 	
дана	да́на	третьего 	
дана	дана́		 тебе
двери	две́ри		 аптеки были
двери	две́ри		 дома
двери	две́ри		 души
двери	две́ри		 замка
двери	две́ри		 замками
двери	две́ри		 заросли
двери	две́ри		 и даже стены
двери	две́ри		 и колеса
двери	две́ри		 и окна
двери	две́ри		 и стены
двери	две́ри		 кузова
двери	две́ри		 купола
двери	две́ри		 на замке
двери	две́ри		 окна
двери	две́ри		 храмины замыкаются
двери	две́ри		 цеха
двери	две́ри	атласом 	
двери	две́ри	бросилась в 	
двери	две́ри	в одни 	
двери	две́ри	вода 	
двери	две́ри	ворота 	
двери	две́ри	выходили 	
двери	две́ри	глазом на 	
двери	две́ри	закрытые 	
двери	две́ри	замки 	
двери	две́ри	затворите 	
двери	две́ри	и 	 бункера
двери	две́ри	иллюминаторы, 	
двери	две́ри	наложу на 	
двери	две́ри	окна 	
двери	две́ри	окна и 	
двери	две́ри	окна или 	
двери	две́ри	окна, 	
двери	две́ри	почему 	 то
двери	две́ри	почему 	 тоъ
двери	две́ри	стены 	
двери	две́ри	сунул голову в 	
двери	две́ри	счету 	
двери	две́ри	ходы и 	
двери	две́ри	через эти 	 попадали
двери	две́ри	что 	 в
двери	двери́		 замка не имелось
двери	двери́		 не было
двери	двери́	балконной 	
двери	двери́	ближайшей 	
двери	двери́	боковой 	
двери	двери́	был в 	
двери	двери́	в 	
двери	двери́	в 	 замка нет
двери	двери́	в 	 появились
двери	двери́	в сторону 	
двери	двери́	вашей 	
двери	двери́	вдоль 	
двери	двери́	верх 	
двери	двери́	взлома 	
двери	двери́	висевший на 	
двери	двери́	внешней 	
двери	двери́	возле 	
двери	двери́	возле правой 	
двери	двери́	встав у 	
двери	двери́	входной 	
двери	двери́	выбитой 	
двери	двери́	выбором 	
двери	двери́	высоты 	
двери	двери́	глазок 	
двери	двери́	глазок в 	
двери	двери́	глазок на 	
двери	двери́	глубины 	
двери	двери́	данной 	
двери	двери́	до 	
двери	двери́	до самой 	
двери	двери́	доски 	
двери	двери́	дубовой 	 курятника
двери	двери́	дырку вверху 	
двери	двери́	дыры в 	
двери	двери́	за руку к 	
двери	двери́	за ручку 	
двери	двери́	закрытой 	
двери	двери́	замка 	
двери	двери́	замка в 	
двери	двери́	замка в этой 	
двери	двери́	замка на 	
двери	двери́	замке 	
двери	двери́	замков на 	
двери	двери́	замком на 	
двери	двери́	замок 	
двери	двери́	замок в 	
двери	двери́	замок на 	
двери	двери́	замок на его 	
двери	двери́	замок на моей 	
двери	двери́	замок на этой 	
двери	двери́	запечатанной 	
двери	двери́	звонок входной 	
двери	двери́	значилось на 	
двери	двери́	из 	
двери	двери́	из за 	
двери	двери́	ихней 	
двери	двери́	к 	
двери	двери́	к 	 гроба
двери	двери́	к 	 номера
двери	двери́	к бронированной 	
двери	двери́	к небольшой 	
двери	двери́	к следующей 	
двери	двери́	кнопку на 	
двери	двери́	косяка 	
двери	двери́	косяку 	
двери	двери́	края 	
двери	двери́	кухонной 	
двери	двери́	моей 	
двери	двери́	на 	
двери	двери́	на 	 висел
двери	двери́	на 	 висела
двери	двери́	на парадной 	
двери	двери́	напротив 	
двери	двери́	нашей 	
двери	двери́	нет ключа от 	
двери	двери́	обе половинки 	
двери	двери́	обе стороны 	
двери	двери́	окошко в 	
двери	двери́	от 	
двери	двери́	от 	 гроба
двери	двери́	от каждой 	
двери	двери́	от этой 	
двери	двери́	отворившейся 	
двери	двери́	парадной 	
двери	двери́	парадной 	 дома
двери	двери́	передней 	
двери	двери́	по полу, 	
двери	двери́	подкрался к 	
двери	двери́	прежней 	
двери	двери́	примостился впереди 	
двери	двери́	проем 	
двери	двери́	прошли мимо 	
двери	двери́	прямо напротив 	
двери	двери́	распахнутой 	
двери	двери́	резьба на 	
двери	двери́	самой 	
двери	двери́	сбоку от 	
двери	двери́	своей 	
двери	двери́	слева от 	
двери	двери́	следующей железной 	
двери	двери́	со стороны 	
двери	двери́	соседней 	
двери	двери́	створка 	
двери	двери́	стоял напротив 	
двери	двери́	стоял у 	
двери	двери́	стоящего у 	
двери	двери́	табличка на 	
двери	двери́	твоей 	
двери	двери́	той 	
двери	двери́	у 	
двери	двери́	у 	 сердца
двери	двери́	у железной 	
двери	двери́	у самой 	
двери	двери́	узоры на 	
двери	двери́	хлопок 	
двери	двери́	часть 	
двери	двери́	четыре 	
двери	двери́	чьей та 	
двери	двери́	этой 	
дела	де́ла		 важного не было
дела	де́ла		 до беглецов
дела	де́ла		 настолько важного
дела	де́ла		 не меняет
дела	де́ла		 не меняло
дела	де́ла		 не открыли
дела	де́ла		 нет
дела	де́ла		 никому нет
дела	де́ла		 точно не будет
дела	де́ла	архивного 	
дела	де́ла	банковского 	
дела	де́ла	без 	
дела	де́ла	без 	 стоит
дела	де́ла	благого 	
дела	де́ла	благородного 	
дела	де́ла	богоугодного 	
дела	де́ла	божьего 	
дела	де́ла	большого 	
дела	де́ла	было 	
дела	де́ла	было бы 	
дела	де́ла	в курс 	
дела	де́ла	в курсе 	
дела	де́ла	важного 	
дела	де́ла	важность 	
дела	де́ла	вверенного им 	
дела	де́ла	вдоль 	
дела	де́ла	ведении 	
дела	де́ла	великого 	
дела	де́ла	величественного 	
дела	де́ла	вместо 	
дела	де́ла	военного 	
дела	де́ла	возбуждении 	
дела	де́ла	воровского 	
дела	де́ла	враждебного богу 	
дела	де́ла	все нити 	
дела	де́ла	всего 	
дела	де́ла	всякого 	
дела	де́ла	выхожу из 	
дела	де́ла	главного 	
дела	де́ла	гостиничного 	
дела	де́ла	данного 	
дела	де́ла	два 	
дела	де́ла	две трети 	
дела	де́ла	для 	
дела	де́ла	для пользы 	
дела	де́ла	для разбирательства 	
дела	де́ла	для этого 	
дела	де́ла	до 	
дела	де́ла	знанием 	
дела	де́ла	из 	 вышел
дела	де́ла	из 	 вышла
дела	де́ла	интересах 	
дела	де́ла	интересы 	
дела	де́ла	исход 	
дела	де́ла	каждого 	
дела	де́ла	какого либо 	
дела	де́ла	какого нибудь 	
дела	де́ла	касается 	
дела	де́ла	ксерокопию 	
дела	де́ла	куда 	
дела	де́ла	куда пленника 	
дела	де́ла	куда это я 	 целую
дела	де́ла	курс 	
дела	де́ла	люди 	
дела	де́ла	мало имела 	
дела	де́ла	моего 	
дела	де́ла	на изнанку 	
дела	де́ла	наследственного 	
дела	де́ла	начало 	
дела	де́ла	не было 	
дела	де́ла	не имел 	
дела	де́ла	не имеют 	
дела	де́ла	непонимания 	
дела	де́ла	нет 	
дела	де́ла	нет до нас 	
дела	де́ла	нет до него 	
дела	де́ла	нет ей 	
дела	де́ла	нет тела - нет 	
дела	де́ла	нет тела нет 	
дела	де́ла	нет тела, нет 	
дела	де́ла	никакого 	
дела	де́ла	номер 	
дела	де́ла	нюансы 	
дела	де́ла	обстоятельства этого 	
дела	де́ла	оградить себя от этого 	
дела	де́ла	одного 	
дела	де́ла	освещения 	
дела	де́ла	от 	
дела	де́ла	по сути 	
дела	де́ла	по ходу 	
дела	де́ла	повторением 	
дела	де́ла	подобным оборотом 	
дела	де́ла	половина 	
дела	де́ла	пользы 	
дела	де́ла	помимо 	
дела	де́ла	после 	
дела	де́ла	после раскрытия 	
дела	де́ла	после раскрытия 	 о
дела	де́ла	продвижения 	
дела	де́ла	продолжателем 	
дела	де́ла	процветающего 	
дела	де́ла	публичного разбирательства 	
дела	де́ла	ради 	
дела	де́ла	разбором 	
дела	де́ла	рассмотрении 	
дела	де́ла	речи и 	
дела	де́ла	самого 	
дела	де́ла	своего 	
дела	де́ла	святого 	
дела	де́ла	священного 	
дела	де́ла	скучного 	
дела	де́ла	слушание 	
дела	де́ла	со знанием 	
дела	де́ла	стоит без 	
дела	де́ла	столярного 	
дела	де́ла	сторона 	
дела	де́ла	стороне 	
дела	де́ла	стоящего 	
дела	де́ла	страхов, чем 	
дела	де́ла	строительного 	
дела	де́ла	сути 	
дела	де́ла	суть 	
дела	де́ла	существо 	
дела	де́ла	уголовного 	
дела	де́ла	успеха 	
дела	де́ла	ход 	
дела	де́ла	христова 	
дела	де́ла	церковного 	
дела	де́ла	частей их 	
дела	де́ла	человек 	
дела	де́ла	четверть 	
дела	де́ла	четыре 	
дела	де́ла	шаконьесского 	
дела	де́ла	шарлатанского 	
дела	де́ла	щекотливого 	
дела	де́ла	это не решает 	
дела	де́ла	этого 	
дела	де́ла	этого мало 	
дела	де́ла	эту сторону 	
дела	дела́		 - деньги
дела	дела́		 - это
дела	дела́		 быстро пошли
дела	дела́		 вести
дела	дела́		 господа
дела	дела́		 давно минувших дней
дела	дела́		 задержали в
дела	дела́		 идут
дела	дела́		 именно так
дела	дела́		 не очень.
дела	дела́		 не так уж
дела	дела́		 не торопят
дела	дела́		 потихоньку идут
дела	дела́		 с предстоящей
дела	дела́		 у него во дворце
дела	дела́		 хуже некуда
дела	дела́		 этого дома
дела	дела́		 явно шли
дела	дела́	а 	 -
дела	дела́	а 	 там
дела	дела́	а вот 	 - нет
дела	дела́	а вот 	 -нет
дела	дела́	большие 	
дела	дела́	были 	
дела	дела́	было до меня 	
дела	дела́	в 	
дела	дела́	в городе 	
дела	дела́	в его 	
дела	дела́	в сторону 	
дела	дела́	в том то и 	
дела	дела́	в том тоъ и 	
дела	дела́	в том числе 	
дела	дела́	важны 	
дела	дела́	важные 	
дела	дела́	ваши 	
дела	дела́	веду 	
дела	дела́	велики 	
дела	дела́	вера и 	
дела	дела́	вести 	
дела	дела́	вести здесь 	
дела	дела́	вести свои 	
дела	дела́	вечером 	
дела	дела́	вмешиваться в 	
дела	дела́	вот так 	
дела	дела́	все 	
дела	дела́	всегда 	
дела	дела́	его 	 успешнее
дела	дела́	если 	 у
дела	дела́	за день 	
дела	дела́	забудет 	 вашего
дела	дела́	закрутим мы с тобой 	
дела	дела́	закрутим мы тут с тобой 	
дела	дела́	и 	 их
дела	дела́	и 	 с
дела	дела́	идут 	
дела	дела́	иметь 	
дела	дела́	как 	
дела	дела́	как 	 дома
дела	дела́	как обычно 	
дела	дела́	как у него 	
дела	дела́	как у них 	
дела	дела́	как у тебя 	
дела	дела́	какие нибудь 	
дела	дела́	когда 	 приятеля
дела	дела́	меня тоже 	
дела	дела́	на утро 	
дела	дела́	насколько 	 важнее
дела	дела́	не откладывая 	 в долгий
дела	дела́	повести 	
дела	дела́	покажет ему 	
дела	дела́	полки и 	
дела	дела́	потом 	
дела	дела́	рода 	
дела	дела́	слова и 	
дела	дела́	стоящие 	
дела	дела́	текущие 	
дела	дела́	у меня здесь 	
дела	дела́	узнаю как 	
дела	дела́	человеческие 	
дела	дела́	через 	
дела	дела́	чрез 	
дела	дела́	что 	 гораздо
дела	дела́	что 	 их
дела	дела́	эти 	
дели	де́ли	вы его 	
дели	де́ли	куда 	
дели	де́ли	куда вы 	
дели	де́ли	куда его 	
дели	де́ли	куда нибудь 	
дели	де́ли	лошадей 	
дели	де́ли	мы 	
дели	дели́		 на
делите	де́лите		 прибыль
делите	де́лите	что то 	
делите	де́лите	что тоъ 	
делите	дели́те	то 	
делите	дели́те	тоъ 	
делитесь	де́литесь	вы 	
делитесь	де́литесь	не 	
дельца	де́льца	одного 	
дельца	дельца́	на этого 	
дельца	дельца́	прогорающего 	
дерева	дерева́		 плодоносные
держите	де́ржите		 за верблюда
держите	де́ржите	вообще 	
держите	де́ржите	вы 	
держите	де́ржите	вы меня 	
держите	де́ржите	где вы 	
держите	де́ржите	которую вы 	
держите	де́ржите	который вы 	
держите	де́ржите	орангутангов 	
держите	де́ржите	почему вы их 	
держите	де́ржите	сейчас 	 в руках
держите	де́ржите	что вы 	
держите	держи́те		 в курсе
держите	держи́те		 ваши советы при себе
держите	держи́те		 глаза
держите	держи́те		 его
держите	держи́те		 его крепче
держите	держи́те		 за спиной руки
держите	держи́те		 их
держите	держи́те		 меня в курсе
держите	держи́те		 меня семеро
держите	держи́те		 на
держите	держи́те		 подальше
держите	держи́те		 руки
держите	держи́те		 себя
держите	держи́те		 штаны сухими
держите	держи́те		 язык
держите	держи́те	а вы 	
держите	держи́те	вот, 	
держите	держи́те	крепче 	
держите	держи́те	не 	 в себе
держите	держи́те	не 	 на меня
держите	держи́те	сердца не 	
держитесь	де́ржитесь	вы 	
держитесь	де́ржитесь	вы хорошо 	
держитесь	де́ржитесь	едва 	 на ногах
держитесь	де́ржитесь	хорошо 	
держитесь	де́ржитесь	что 	
держитесь	держи́тесь		 ближе
держитесь	держи́тесь		 дороги
держитесь	держи́тесь		 за
держитесь	держи́тесь		 крепче
держитесь	держи́тесь		 от
держитесь	держи́тесь	крепче 	
держитесь	держи́тесь	теперь 	
десны	десны́	обе 	
десны	дё́сны		 и губы
десны	дё́сны	беззубые 	
десны	дё́сны	губы и 	
десны	дё́сны	на 	 давили
десны	дё́сны	розовые 	
десны	дё́сны	сгнившие 	
директора	дире́ктора		 компании
директора	дире́ктора	глаза 	
директора	дире́ктора	голову 	
директора	дире́ктора	должность 	
директора	дире́ктора	жены 	
директора	дире́ктора	место 	
директора	дире́ктора	наименование 	
директора	дире́ктора	одного 	
директора	дире́ктора	поста 	
директора	дире́ктора	самого 	
директора	дире́ктора	слова 	
директора	дире́ктора	щеки 	 покрылись
директора	директора́		 были обеспокоены
директора	директора́		 и педагоги
директора	директора́		 кивали
директора	директора́		 слушали
директора	директора́		 собрались
директора	директора́		 таубман и хендерсон
директора	директора́		 чувствовали
директора	директора́	в 	
директора	директора́	ваши 	
директора	директора́	возможны 	
директора	директора́	другие 	
директора	директора́	почтенные 	
директора	директора́	уважаемые 	
директора	директора́	эти 	
длины	длины́	кроме 	
длины	длины́	меры 	
длины	длины́	метровой 	
длины	длины́	равной 	
длины	длины́	различной 	
длины	длины́	средней 	
длины	длины́	ширины и 	
добрела	добрела́		 до
добрели	добрели́		 до
добрели	добрели́	когда мы 	
добро	до́бро		 приветствовал
добро	до́бро		 улыбались
добро	до́бро		 улыбнулся
добро	до́бро	очень 	
добро	до́бро	смотрели удивительно 	
добро	добро́		 пожаловать
добро	добро́		м на [homo] добро [/homo]
добро	добро́	дал 	
добро	добро́	делать 	
добро	добро́	земли и 	
добро	добро́	на 	 просите
добро	добро́	что есть 	
добром	до́бром		 волении
добром	до́бром		 желании
добром	до́бром		 провидении
добром	до́бром		 человеческом
добром	до́бром	в 	
добром	до́бром	в его 	
добром	до́бром	в особо 	
добром	до́бром	моем 	
добром	до́бром	на 	 слове
добром	до́бром	о 	
добром	до́бром	при 	
добром	до́бром	при 	 сердце
добром	до́бром	самом 	
добром	добро́м		 на добро
добром	добро́м		 тебя прошу
добром	добро́м	а 	
добром	добро́м	зло 	
добром	добро́м	компенсацию 	
добром	добро́м	кончится 	
добром	добро́м	называет 	
добром	добро́м	платить 	
добром	добро́м	побеждать 	
добром	добро́м	помогите нам 	
добром	добро́м	представляющемуся 	
добром	добро́м	с миром и 	
добром	добро́м	этим 	
доводите	дово́дите	вы 	
доводите	доводи́те	не 	
догоните	дого́ните	авось 	
догоните	дого́ните	вы 	
догоните	дого́ните	что 	
доктора	до́ктора		 вызвать
доктора	до́ктора		 здесь нет
доктора	до́ктора		 и убил
доктора	до́ктора		 пригласить
доктора	до́ктора		 прислать
доктора	до́ктора	аппарат 	
доктора	до́ктора	брови 	
доктора	до́ктора	в 	
доктора	до́ктора	взором 	
доктора	до́ктора	включая 	
доктора	до́ктора	вокруг 	
доктора	до́ктора	воспоминания 	
доктора	до́ктора	встретило 	
доктора	до́ктора	глаза 	
доктора	до́ктора	господина 	
доктора	до́ктора	губы 	
доктора	до́ктора	дипломированного 	
доктора	до́ктора	для 	
доктора	до́ктора	задачу 	
доктора	до́ктора	идею 	
доктора	до́ктора	из дома 	
доктора	до́ктора	из лап 	
доктора	до́ктора	к дому 	
доктора	до́ктора	как бы 	
доктора	до́ктора	лица 	
доктора	до́ктора	можно и 	
доктора	до́ктора	на 	
доктора	до́ктора	обвинил бы 	
доктора	до́ктора	отношения 	
доктора	до́ктора	отыскала 	
доктора	до́ктора	пациентов 	
доктора	до́ктора	позвала 	
доктора	до́ктора	попросил 	
доктора	до́ктора	посланием 	
доктора	до́ктора	поставило 	
доктора	до́ктора	председателя, 	
доктора	до́ктора	представлял себе 	
доктора	до́ктора	предупредить 	
доктора	до́ктора	рук 	
доктора	до́ктора	рукописи 	
доктора	до́ктора	слова 	
доктора	до́ктора	советника 	
доктора	до́ктора	спины 	
доктора	до́ктора	спросил 	
доктора	до́ктора	телефона 	
доктора	до́ктора	у 	
доктора	до́ктора	указанию 	
доктора	до́ктора	усилия 	
доктора	до́ктора	ученика 	
доктора	до́ктора	эксперименты 	
доктора	до́ктора	этого 	
доктора	доктора́		 заявили
доктора	доктора́		 наук и академики
доктора	доктора́		 никак не могли
доктора	доктора́		 они и есть [homo] доктора [/homo]
доктора	доктора́		 пишут
доктора	доктора́		 предсказывают
доктора	доктора́	ваши 	
доктора	доктора́	какие нибудь 	
доктора	доктора́	мои 	
доктора	доктора́	наши 	
доктора	доктора́	описывают 	 церкви
доктора	доктора́	свои 	
доктора	доктора́	твои 	
доктора	доктора́	те 	
доктора	доктора́	чьи та 	
доктора	доктора́	эти 	
долга	до́лга	шевронами 	
долгу	до́лгу	верности 	
долгу	до́лгу	верность 	
долгу	до́лгу	верными 	
долгу	до́лгу	обязанности и 	
долгу	до́лгу	по 	
долгу	до́лгу	покоряясь 	
долгу	до́лгу	присяге, 	
долгу	долгу́		 перед
долгу	долгу́	в 	
долгу	долгу́	в огромном 	
долгу	долгу́	неоплатном 	
долей	до́лей		 в добыче
долей	до́лей		 грусти
долей	до́лей		 земли
долей	до́лей	большой 	
долей	до́лей	девяти 	
долей	до́лей	необходимой 	
долей	до́лей	своей 	
должно	до́лжно	воспитан как 	
должно	до́лжно	как 	 знать
доложите	доло́жите	вы 	
доложите	доло́жите	не 	
доложите	доло́жите	сегодня вы 	
доложите	доложи́те		 обстановку
доложите	доложи́те		 по команде
доложите	доложи́те		 результаты
доложите	доложи́те	- 	 ситуацию.
дома	до́ма		 буду сидеть
дома	до́ма		 всегда лучше
дома	до́ма		 его ожидало
дома	до́ма		 ей не нравится
дома	до́ма		 ели
дома	до́ма		 есть
дома	до́ма		 и на работе
дома	до́ма		 и не появляется
дома	до́ма		 и стены помогают
дома	до́ма		 к примеру,
дома	до́ма		 лежало
дома	до́ма		 одевал
дома	до́ма		 проанализировать
дома	до́ма		 продолжила
дома	до́ма		 ружья
дома	до́ма		 уже стоят
дома	до́ма		 шаром покати
дома	до́ма	а 	 или как
дома	до́ма	а жены и 	
дома	до́ма	а петьку 	 выходить
дома	до́ма	автомат оставьте 	
дома	до́ма	адресу 	
дома	до́ма	арендатор 	
дома	до́ма	аренде 	
дома	до́ма	атмосфера 	
дома	до́ма	баре или 	
дома	до́ма	без 	
дома	до́ма	без его 	
дома	до́ма	без их 	
дома	до́ма	белого 	
дома	до́ма	ближайшего 	
дома	до́ма	ближайшего 	 свиданий
дома	до́ма	богатого 	
дома	до́ма	божьего 	
дома	до́ма	большого 	
дома	до́ма	будем 	
дома	до́ма	будет 	
дома	до́ма	будешь 	
дома	до́ма	буду 	
дома	до́ма	буду сидеть 	
дома	до́ма	будут 	
дома	до́ма	бывал 	
дома	до́ма	бывала 	
дома	до́ма	бывали 	
дома	до́ма	бывая 	
дома	до́ма	был 	
дома	до́ма	была 	
дома	до́ма	были бы 	
дома	до́ма	были уже 	
дома	до́ма	быть 	
дома	до́ма	в качестве 	
дома	до́ма	в подвале 	
дома	до́ма	в тени 	
дома	до́ма	в школе или 	
дома	до́ма	вас 	
дома	до́ма	вассалы 	
дома	до́ма	вашего 	
дома	до́ма	ваших 	
дома	до́ма	вглубь 	
дома	до́ма	вдоль 	
дома	до́ма	везде 	
дома	до́ма	вечер 	
дома	до́ма	вечера 	
дома	до́ма	владелец 	
дома	до́ма	владельцами 	
дома	до́ма	владельцем 	
дома	до́ма	вне 	
дома	до́ма	внешней стене 	
дома	до́ма	внутри 	
дома	до́ма	внутрь 	
дома	до́ма	внушительного 	
дома	до́ма	во дворе 	
дома	до́ма	возле 	
дома	до́ма	возле его 	
дома	до́ма	возле их 	
дома	до́ма	возле стены 	
дома	до́ма	возле того 	
дома	до́ма	вокруг 	
дома	до́ма	вообще то 	
дома	до́ма	вообще тоъ 	
дома	до́ма	ворот 	
дома	до́ма	ворота одного 	
дома	до́ма	ворота этого 	
дома	до́ма	вот я и 	
дома	до́ма	вроде бы 	
дома	до́ма	всего 	
дома	до́ма	вы 	
дома	до́ма	высотного 	
дома	до́ма	выше 	
дома	до́ма	выше его 	
дома	до́ма	выше их 	
дома	до́ма	главы 	
дома	до́ма	глубины 	
дома	до́ма	глубь 	
дома	до́ма	госпожи 	
дома	до́ма	гостевого 	
дома	до́ма	два 	
дома	до́ма	дверей 	
дома	до́ма	двери 	
дома	до́ма	дверь 	
дома	до́ма	дверью 	
дома	до́ма	дверями 	
дома	до́ма	дверях 	
дома	до́ма	дела этого 	
дома	до́ма	деревянного 	
дома	до́ма	держаться 	
дома	до́ма	детского 	
дома	до́ма	для 	
дома	до́ма	для его 	
дома	до́ма	для их 	
дома	до́ма	до 	
дома	до́ма	до его 	
дома	до́ма	до их 	
дома	до́ма	до окна 	
дома	до́ма	до самого 	
дома	до́ма	до стены 	
дома	до́ма	достигла 	
дома	до́ма	достигли 	
дома	до́ма	его самого 	
дома	до́ма	едим 	
дома	до́ма	ел 	
дома	до́ма	есть кто 	
дома	до́ма	жилого 	
дома	до́ма	жители 	
дома	до́ма	жительница 	
дома	до́ма	за ворота 	
дома	до́ма	завершения 	
дома	до́ма	задач 	
дома	до́ма	зала 	
дома	до́ма	зале 	
дома	до́ма	запершись 	
дома	до́ма	и 	 у него
дома	до́ма	из 	
дома	до́ма	из 	 доктора
дома	до́ма	из глубины 	
дома	до́ма	из за 	
дома	до́ма	из их 	
дома	до́ма	из окна 	
дома	до́ма	из отчего 	
дома	до́ма	из под 	
дома	до́ма	излучения 	
дома	до́ма	изображением 	
дома	до́ма	интерьера 	
дома	до́ма	их 	 одних
дома	до́ма	как 	
дома	до́ма	как бы 	
дома	до́ма	как дела 	
дома	до́ма	как там, 	
дома	до́ма	каменного 	
дома	до́ма	кварцевого 	
дома	до́ма	колоннами 	
дома	до́ма	комната 	
дома	до́ма	комнате 	
дома	до́ма	комнаты 	
дома	до́ма	комфорта 	
дома	до́ма	костюмы, 	
дома	до́ма	крещение 	
дома	до́ма	крышу самого 	
дома	до́ма	кто 	 есть
дома	до́ма	лучше бы 	 сидели
дома	до́ма	мазура, 	
дома	до́ма	маленького 	
дома	до́ма	меня 	
дома	до́ма	мимо 	
дома	до́ма	мне 	 запрещали
дома	до́ма	моего 	
дома	до́ма	мы 	
дома	до́ма	мы были 	
дома	до́ма	мы уже 	
дома	до́ма	наверное, 	
дома	до́ма	направлении 	 или номера
дома	до́ма	настоящего 	
дома	до́ма	начала 	
дома	до́ма	нашего 	
дома	до́ма	не 	
дома	до́ма	не было 	
дома	до́ма	не все 	
дома	до́ма	не держат 	
дома	до́ма	не переходите из 	
дома	до́ма	не так, как 	
дома	до́ма	нет 	
дома	до́ма	нет сейчас 	
дома	до́ма	нечто вроде 	
дома	до́ма	ни 	
дома	до́ма	никакого 	
дома	до́ма	нитей 	
дома	до́ма	но 	 она
дома	до́ма	но здесь, 	
дома	до́ма	нового 	
дома	до́ма	номер 	
дома	до́ма	оба 	
дома	до́ма	оба ваши 	
дома	до́ма	оба его 	
дома	до́ма	оба их 	
дома	до́ма	оба эти 	
дома	до́ма	обитатели 	
дома	до́ма	обитателями 	
дома	до́ма	обустройства 	
дома	до́ма	один 	
дома	до́ма	одна 	
дома	до́ма	одних 	
дома	до́ма	одного 	
дома	до́ма	озера или 	
дома	до́ма	окна 	
дома	до́ма	около 	
дома	до́ма	около его 	
дома	до́ма	около их 	
дома	до́ма	он 	
дома	до́ма	она 	
дома	до́ма	они 	
дома	до́ма	осмотра 	
дома	до́ма	осмотреть все 	
дома	до́ма	остававшимся 	
дома	до́ма	оставался 	
дома	до́ма	остался 	
дома	до́ма	останетесь 	
дома	до́ма	останусь 	
дома	до́ма	остаться 	
дома	до́ма	от 	
дома	до́ма	от 	 стоит
дома	до́ма	от его 	
дома	до́ма	от их 	
дома	до́ма	от начала дороги 	
дома	до́ма	от окна 	
дома	до́ма	от отчего 	
дома	до́ма	от стены 	
дома	до́ма	парадной двери 	
дома	до́ма	пару часов 	
дома	до́ма	парящего 	
дома	до́ма	позади 	
дома	до́ма	помещение 	
дома	до́ма	помещения 	
дома	до́ма	понятие 	
дома	до́ма	порог 	
дома	до́ма	порога 	
дома	до́ма	посаженное 	
дома	до́ма	посещение 	
дома	до́ма	посещении 	
дома	до́ма	посещениям 	
дома	до́ма	постелите 	
дома	до́ма	потерей 	
дома	до́ма	появились у них 	
дома	до́ма	правителя 	
дома	до́ма	прежнего 	
дома	до́ма	при строительстве 	
дома	до́ма	приходского 	
дома	до́ма	проблемы останутся 	
дома	до́ма	продажа 	
дома	до́ма	против 	
дома	до́ма	пятого 	
дома	до́ма	размеры 	
дома	до́ма	редко бывали 	
дома	до́ма	ремонтом 	
дома	до́ма	родительского 	
дома	до́ма	родного 	
дома	до́ма	рядного 	
дома	до́ма	с 	
дома	до́ма	с его 	
дома	до́ма	с их 	
дома	до́ма	сад 	
дома	до́ма	самого 	
дома	до́ма	своего 	
дома	до́ма	свои все 	
дома	до́ма	святого 	
дома	до́ма	себя 	
дома	до́ма	себя как 	
дома	до́ма	себя, 	
дома	до́ма	северных 	
дома	до́ма	сегодня едим 	
дома	до́ма	сегодня не едим 	
дома	до́ма	сейчас 	
дома	до́ма	сзади 	
дома	до́ма	сидел 	
дома	до́ма	смотрителем 	
дома	до́ма	снова 	
дома	до́ма	снова были 	
дома	до́ма	со стороны 	
дома	до́ма	собственного 	
дома	до́ма	совместного 	
дома	до́ма	соседнего 	
дома	до́ма	стало быть, 	
дома	до́ма	старого 	
дома	до́ма	стены 	 и служб
дома	до́ма	стоит 	
дома	до́ма	сторон 	
дома	до́ма	сторона 	
дома	до́ма	стороне 	 был
дома	до́ма	стороны 	
дома	до́ма	стояла 	
дома	до́ма	строительстве 	
дома	до́ма	строительство 	
дома	до́ма	строительству 	
дома	до́ма	такой 	 стоял
дома	до́ма	твоего 	
дома	до́ма	тепло 	
дома	до́ма	теплом 	
дома	до́ма	тесноту 	
дома	до́ма	типа 	
дома	до́ма	того 	
дома	до́ма	того же 	
дома	до́ма	точки 	
дома	до́ма	три 	
дома	до́ма	ты 	
дома	до́ма	у 	
дома	до́ма	у 	 мастера
дома	до́ма	у вас 	
дома	до́ма	у всех 	 жены
дома	до́ма	у его 	
дома	до́ма	у их 	
дома	до́ма	у каждого 	
дома	до́ма	у меня 	
дома	до́ма	у нас 	
дома	до́ма	у него 	
дома	до́ма	у них 	
дома	до́ма	у самого 	
дома	до́ма	у себя 	
дома	до́ма	у тебя 	
дома	до́ма	угла 	
дома	до́ма	угол 	
дома	до́ма	украшение 	
дома	до́ма	украшением 	
дома	до́ма	умение 	 всегда
дома	до́ма	управительницы 	
дома	до́ма	учиться 	
дома	до́ма	фундаменте 	
дома	до́ма	ходил 	
дома	до́ма	хозяева 	
дома	до́ма	хозяевами 	
дома	до́ма	хозяин 	
дома	до́ма	хозяина 	
дома	до́ма	хозяине 	
дома	до́ма	хозяином 	
дома	до́ма	хозяину 	
дома	до́ма	хозяйка 	
дома	до́ма	хозяйки 	
дома	до́ма	хозяйкой 	
дома	до́ма	хозяйку 	
дома	до́ма	хозяйства 	
дома	до́ма	храме или 	
дома	до́ма	хранит это 	
дома	до́ма	хранители 	
дома	до́ма	хранитель 	
дома	до́ма	царского 	
дома	до́ма	царствующего 	
дома	до́ма	цвета 	
дома	до́ма	центр 	
дома	до́ма	части 	
дома	до́ма	часть 	
дома	до́ма	частью 	
дома	до́ма	частях 	
дома	до́ма	четыре 	
дома	до́ма	что 	 неблагополучно
дома	до́ма	чтоб 	 была
дома	до́ма	чужого 	
дома	до́ма	чума на оба ихних 	
дома	до́ма	чьего то 	
дома	до́ма	чьего тоъ 	
дома	до́ма	швейцарского 	
дома	до́ма	эльфы 	
дома	до́ма	этаже 	
дома	до́ма	это 	 можно
дома	до́ма	этого 	
дома	до́ма	этой ночью 	
дома	до́ма	южных 	
дома	до́ма	я 	
дома	дома́		 башни
дома	дома́		 без дверей
дома	дома́		 были переполнены
дома	дома́		 были похожи
дома	дома́		 в городе
дома	дома́		 в три
дома	дома́		 в три четыре этажа
дома	дома́		 в этом
дома	дома́		 ваши,
дома	дома́		 ваши.
дома	дома́		 ветшают
дома	дома́		 возводят,
дома	дома́		 возводят.
дома	дома́		 вокруг
дома	дома́		 вокруг почти скрылись
дома	дома́		 выглядели
дома	дома́		 выглядят
дома	дома́		 вырастают
дома	дома́		 высокие
дома	дома́		 выстроились
дома	дома́		 города
дома	дома́		 городка
дома	дома́		 гороскопа
дома	дома́		 горят.
дома	дома́		 гражданских
дома	дома́		 дворцы
дома	дома́		 дворян
дома	дома́		 для зажиточных людей
дома	дома́		 должно быть видно
дома	дома́		 достанут
дома	дома́		 его прятались
дома	дома́		 жгут из за того
дома	дома́		 же знати
дома	дома́		 за заборами большие
дома	дома́		 за ней
дома	дома́		 забираются
дома	дома́		 занимать
дома	дома́		 заслоняли
дома	дома́		 заслоняют
дома	дома́		 затопить
дома	дома́		 здесь
дома	дома́		 зияли
дома	дома́		 и города
дома	дома́		 и дороги
дома	дома́		 и земли
дома	дома́		 и особняки
дома	дома́		 и офисы
дома	дома́		 и поля
дома	дома́		 и проспекты
дома	дома́		 и селения
дома	дома́		 и семьи
дома	дома́		 и улицы
дома	дома́		 из камня
дома	дома́		 из старого кирпича
дома	дома́		 известных
дома	дома́		 как [homo] дома [/homo]
дома	дома́		 как стояли
дома	дома́		 кончились
дома	дома́		 красят в
дома	дома́		 крохотными
дома	дома́		 медленно оседали
дома	дома́		 можно разглядеть
дома	дома́		 на окраинах
дома	дома́		 на острове
дома	дома́		 на сваях
дома	дома́		 начинают
дома	дома́		 не затопит
дома	дома́		 не похожи
дома	дома́		 норы
дома	дома́		 они потеряют
дома	дома́		 осматривали бегло
дома	дома́		 остались позади
дома	дома́		 перестанут быть
дома	дома́		 пещеры
дома	дома́		 постепенно разрушаются
дома	дома́		 разбирать нельзя
дома	дома́		 разрушены
дома	дома́		 росли как
дома	дома́		 росли, как грибы
дома	дома́		 рушат
дома	дома́		 рушить
дома	дома́		 с гражданами
дома	дома́		 с закрытыми
дома	дома́		 с хорошим ремонтом
дома	дома́		 себе и [homo] дома [/homo]
дома	дома́		 стали выше
дома	дома́		 старые,
дома	дома́		 стояли под
дома	дома́		 стоят рядами
дома	дома́		 строить
дома	дома́		 те же
дома	дома́		 у них прочные
дома	дома́		 у них хорошие
дома	дома́		 уже раза в три
дома	дома́		 эти
дома	дома́		 эти соединяла
дома	дома́	а 	 - роскошнее
дома	дома́	а 	 -роскошнее
дома	дома́	а как же 	
дома	дома́	белые 	
дома	дома́	большие 	
дома	дома́	бревенчатые 	
дома	дома́	буржуазного вида 	
дома	дома́	в 	
дома	дома́	в 	 свиданий
дома	дома́	в их 	
дома	дома́	в пыль 	
дома	дома́	в свои 	
дома	дома́	ваши 	
дома	дома́	вздымающиеся вверх 	
дома	дома́	вздымающиеся вверх под небо 	
дома	дома́	вздымающиеся вверх под облака 	
дома	дома́	виднелись 	
дома	дома́	возводили 	
дома	дома́	вокруг должны были стоять 	
дома	дома́	все 	 как близнецы
дома	дома́	всей англии 	
дома	дома́	вспыхнули 	
дома	дома́	выжигая 	
дома	дома́	выстроенные 	
дома	дома́	выстроились 	
дома	дома́	вышеупомянутые 	
дома	дома́	где 	 стояли один
дома	дома́	где были 	
дома	дома́	где расположились 	
дома	дома́	глинобитные 	
дома	дома́	глядя на 	
дома	дома́	горели 	
дома	дома́	города 	
дома	дома́	городские 	
дома	дома́	горят 	
дома	дома́	грубоватые 	
дома	дома́	да 	
дома	дома́	дальние 	
дома	дома́	деревенские 	
дома	дома́	деревья и 	
дома	дома́	деревянные 	
дома	дома́	держал 	
дома	дома́	для них 	
дома	дома́	другие 	 остались на месте
дома	дома́	его 	 были
дома	дома́	если 	 на месте
дома	дома́	за 	
дома	дома́	за ими 	
дома	дома́	за их семьи и 	
дома	дома́	зажечь 	 и подорвать
дома	дома́	замки и 	
дома	дома́	запирать 	 у них
дома	дома́	здесь тоже были 	
дома	дома́	и 	 поглощал
дома	дома́	и 	 у
дома	дома́	им 	
дома	дома́	имел 	 во
дома	дома́	их 	
дома	дома́	их 	 и их жизни
дома	дома́	их 	 и купил
дома	дома́	к ней 	
дома	дома́	как 	 обычных
дома	дома́	как эти 	
дома	дома́	какие та 	
дома	дома́	какие то 	
дома	дома́	какие тоъ 	
дома	дома́	квартиры или 	
дома	дома́	лавки, 	
дома	дома́	лачуги, 	
дома	дома́	мои 	
дома	дома́	на 	
дома	дома́	на все 	
дома	дома́	наши 	
дома	дома́	не 	 уже
дома	дома́	некоторые 	 были
дома	дома́	них 	
дома	дома́	о 	
дома	дома́	об 	
дома	дома́	обогревал ими 	
дома	дома́	обходит их 	
дома	дома́	обходя их 	
дома	дома́	обходят их 	
дома	дома́	объединив 	
дома	дома́	оглядел 	 на
дома	дома́	окружающие его 	
дома	дома́	осмотрим все 	
дома	дома́	палить 	
дома	дома́	панораму загораживали 	
дома	дома́	плавучие 	
дома	дома́	плате за 	
дома	дома́	поглощая 	
дома	дома́	покупают 	
дома	дома́	пора ставить 	
дома	дома́	последние 	 ганнибала
дома	дома́	построенные вокруг 	
дома	дома́	похожие друг на друга 	
дома	дома́	про 	
дома	дома́	проверять все 	
дома	дома́	проектируя 	
дома	дома́	пути, платформы, 	
дома	дома́	разваливают уже 	
дома	дома́	разрушив 	 и
дома	дома́	ребята 	 ставят
дома	дома́	свои 	
дома	дома́	скупал 	
дома	дома́	слева и справа 	
дома	дома́	смел 	
дома	дома́	способные накрыть 	
дома	дома́	стерегут 	
дома	дома́	стояли 	
дома	дома́	стоят бараки и 	
дома	дома́	стоящие 	
дома	дома́	стоящие за ней 	
дома	дома́	строения - 	
дома	дома́	строить 	
дома	дома́	так 	 растить
дома	дома́	такие же 	
дома	дома́	там 	
дома	дома́	твои 	
дома	дома́	те 	
дома	дома́	те же 	
дома	дома́	только 	 очень хорошие
дома	дома́	тут 	
дома	дома́	тянулись 	
дома	дома́	улицы и 	
дома	дома́	храмы и 	
дома	дома́	ценятся 	
дома	дома́	частные 	
дома	дома́	чем их 	
дома	дома́	через 	
дома	дома́	чужие 	
дома	дома́	чьи 	
дома	дома́	чьи та 	
дома	дома́	эти 	
дома	дома́	это 	
дому	до́му	ближайшем к 	
дому	до́му	из 	
дому	до́му	к 	
дому	до́му	к 	 доктора
дому	до́му	по 	
дому	дому́	на 	
дому	дому́	на вашем 	
дому	дому́	на его 	
дому	дому́	на их 	
дому	дому́	на ихнем 	
дому	дому́	на нашем 	
дому	дому́	на том 	
дому	дому́	на этом 	
допустим	допу́стим		 ради
допустим	допу́стим		 это было
допустим	допу́стим	ладно - 	
допустим	допу́стим	ладно, 	
допустим	допу́стим	ладно. 	
допустим	допу́стим	ну 	
допустим	допу́стим	ну, 	
допустим	допусти́м	разве 	
допустите	допу́стите		 свою
допустите	допу́стите	вы не 	
дорог	до́рог		 был
дорог	до́рог		 даже
дорог	до́рог		 ему
дорог	до́рог		 и сложен
дорог	до́рог		 каждый
дорог	до́рог		 каждый час
дорог	до́рог		 как память
дорог	до́рог		 оказался,
дорог	до́рог		 он ей
дорог	до́рог		 тебе
дорог	до́рог		 этот
дорог	до́рог	безумно 	
дорог	до́рог	близок и 	
дорог	до́рог	больно 	
дорог	до́рог	бы ни 	
дорог	до́рог	был 	
дорог	до́рог	был ему 	
дорог	до́рог	был ни 	
дорог	до́рог	был так 	
дорог	до́рог	был тебе 	
дорог	до́рог	вам 	
дорог	до́рог	вдвойне 	
дорог	до́рог	весьма 	
дорог	до́рог	день 	
дорог	до́рог	для меня он 	
дорог	до́рог	довольно 	
дорог	до́рог	ей 	
дорог	до́рог	ей когда то 	
дорог	до́рог	ей когда тоъ 	
дорог	до́рог	ему 	
дорог	до́рог	и 	 был
дорог	до́рог	каждый 	
дорог	до́рог	каждый человек 	
дорог	до́рог	как 	 ты
дорог	до́рог	кому 	
дорог	до́рог	кому он 	
дорог	до́рог	кому ты 	
дорог	до́рог	кому я 	
дорог	до́рог	которым ты 	
дорог	до́рог	кто 	
дорог	до́рог	кто вам 	
дорог	до́рог	кто ему 	
дорог	до́рог	кто мне 	
дорог	до́рог	кто тебе 	
дорог	до́рог	мал золотник, да 	
дорог	до́рог	менее 	
дорог	до́рог	мир 	 им
дорог	до́рог	мне 	
дорог	до́рог	мне так 	
дорог	до́рог	нам 	
дорог	до́рог	настолько 	
дорог	до́рог	не 	 ваш
дорог	до́рог	неимоверно 	
дорог	до́рог	нынче 	
дорог	до́рог	он 	 им
дорог	до́рог	он 	 мне
дорог	до́рог	он ему 	
дорог	до́рог	особенно 	
дорог	до́рог	очень 	
дорог	до́рог	по настоящему 	
дорог	до́рог	постой 	
дорог	до́рог	слишком 	
дорог	до́рог	сложен, 	
дорог	до́рог	стал 	
дорог	до́рог	так 	
дорог	до́рог	так же 	
дорог	до́рог	так уж 	
дорог	до́рог	тебе 	
дорог	до́рог	тебе так 	
дорог	до́рог	тем больше 	
дорог	до́рог	тем и 	
дорог	до́рог	ты не 	
дорог	до́рог	уж и 	
дорог	до́рог	уж он 	
дорог	до́рог	хорош и 	
дорог	до́рог	час 	
дорог	до́рог	человек 	
дорог	до́рог	чертовски 	
дорог	до́рог	я им 	
дорог	до́рог	я не 	
дорог	доро́г		 в замок
дорог	доро́г		 в ту
дорог	доро́г		 для
дорог	доро́г		 и линий
дорог	доро́г		 избегать
дорог	доро́г		 много
дорог	доро́г		 не знаете
дорог	доро́г		 не нужно
дорог	доро́г		 не оказалось
дорог	доро́г		 нет
дорог	доро́г		 нехоженых
дорог	доро́г		 с искусственным
дорог	доро́г		 сторонились
дорог	доро́г		 улиц
дорог	доро́г	американских 	
дорог	доро́г	атлас 	
дорог	доро́г	атласе 	
дорог	доро́г	атласы 	
дорог	доро́г	без 	
дорог	доро́г	безопасных 	
дорог	доро́г	больших 	
дорог	доро́г	вдаль 	
дорог	доро́г	вдоль 	
дорог	доро́г	властелин 	
дорог	доро́г	восстановление 	
дорог	доро́г	восьми 	
дорог	доро́г	грунтовых 	
дорог	доро́г	для 	
дорог	доро́г	древних 	
дорог	доро́г	древности 	
дорог	доро́г	железных 	
дорог	доро́г	жилы 	
дорог	доро́г	из 	
дорог	доро́г	избегал 	
дорог	доро́г	избегала 	
дорог	доро́г	избегали 	
дорог	доро́г	избегая 	
дорог	доро́г	инфраструктура 	
дорог	доро́г	инфраструктуре 	
дорог	доро́г	инфраструктурой 	
дорог	доро́г	инфраструктуру 	
дорог	доро́г	карта 	
дорог	доро́г	карты 	
дорог	доро́г	кожа 	
дорог	доро́г	кольцо 	
дорог	доро́г	коротких 	
дорог	доро́г	космических 	
дорог	доро́г	крошку 	
дорог	доро́г	ленты 	
дорог	доро́г	лесных 	
дорог	доро́г	линии 	
дорог	доро́г	луча 	
дорог	доро́г	мало 	
дорог	доро́г	мифических 	
дорог	доро́г	много 	
дорог	доро́г	множество 	
дорог	доро́г	на карту 	
дорог	доро́г	не разбирая 	
дорог	доро́г	недавних 	
дорог	доро́г	немало 	
дорог	доро́г	непроходимости 	
дорог	доро́г	несколько 	
дорог	доро́г	нет 	
дорог	доро́г	нет там 	
дорог	доро́г	нитки 	
дорог	доро́г	ниточек 	
дорог	доро́г	ниточки 	
дорог	доро́г	новых 	
дорог	доро́г	обочин 	
дорог	доро́г	обочинам 	
дорог	доро́г	обочинах 	
дорог	доро́г	обочине 	
дорог	доро́г	обочины 	
дорог	доро́г	окрестных 	
дорог	доро́г	опасных 	
дорог	доро́г	остатки 	
дорог	доро́г	от 	
дорог	доро́г	параллельных 	
дорог	доро́г	паре 	
дорог	доро́г	патрулирования 	
дорог	доро́г	перекрестье 	
дорог	доро́г	пересечении 	
дорог	доро́г	плохих 	
дорог	доро́г	поворот 	
дорог	доро́г	полотна 	
дорог	доро́г	постройку 	
дорог	доро́г	проблема 	
дорог	доро́г	проезжих 	
дорог	доро́г	просеками 	
дорог	доро́г	протоптанных 	
дорог	доро́г	процентов 	
дорог	доро́г	прямых 	
дорог	доро́г	пыль 	
дорог	доро́г	пяти 	
дорог	доро́г	радиальных 	
дорог	доро́г	разветвление 	
дорог	доро́г	развилке 	
дорог	доро́г	развилкой 	
дорог	доро́г	развилку 	
дорог	доро́г	развязка 	
дорог	доро́г	разделение 	
дорог	доро́г	размытых 	
дорог	доро́г	ремонт 	
дорог	доро́г	с 	
дорог	доро́г	самодвижущихся 	
дорог	доро́г	семь 	
дорог	доро́г	сеть 	
дорог	доро́г	сетью 	
дорог	доро́г	система 	
дорог	доро́г	соединение 	
дорог	доро́г	сотни 	
дорог	доро́г	ста 	
дорог	доро́г	старых 	
дорог	доро́г	сторона 	
дорог	доро́г	сторонам 	
дорог	доро́г	страж 	
дорог	доро́г	стрелы 	
дорог	доро́г	строительстве 	
дорог	доро́г	строительство 	
дорог	доро́г	строительству 	
дорог	доро́г	строителя 	
дорог	доро́г	таких 	
дорог	доро́г	тему 	
дорог	доро́г	торговых 	
дорог	доро́г	троп и 	
дорог	доро́г	тысячи 	
дорог	доро́г	у 	
дорог	доро́г	хозяин 	
дорог	доро́г	хороших 	
дорог	доро́г	этих 	
дорога	доро́га		 - в
дорога	доро́га		 - это
дорога	доро́га		 была
дорога	доро́га		 быстро
дорога	доро́га		 в
дорога	доро́га		 в лесу
дорога	доро́га		 ведущая
дорога	доро́га		 вела
дорога	доро́га		 вывела
дорога	доро́га		 выложена
дорога	доро́га		 дальняя
дорога	доро́га		 длинная
дорога	доро́га		 до
дорога	доро́га		 долгая
дорога	доро́га		 домой
дорога	доро́га		 живая
дорога	доро́га		 жизни
дорога	доро́га		 завораживает
дорога	доро́га		 занимала
дорога	доро́га		 запетляла
дорога	доро́га		 из
дорога	доро́га		 исчезла
дорога	доро́га		 к
дорога	доро́га		 к замку
дорога	доро́га		 к свободе
дорога	доро́га		 канатная
дорога	доро́га		 кончается
дорога	доро́га		 королей
дорога	доро́га		 лучше
дорога	доро́га		 на
дорога	доро́га		 напоминала
дорога	доро́га		 начала
дорога	доро́га		 неуклонно
дорога	доро́га		 нырнула
дорога	доро́га		 общая
дорога	доро́га		 от
дорога	доро́га		 от дома
дорога	доро́га		 отсюда
дорога	доро́га		 пару
дорога	доро́га		 пересекала
дорога	доро́га		 плавно
дорога	доро́га		 плохая
дорога	доро́га		 по
дорога	доро́га		 повернула
дорога	доро́га		 постепенно
дорога	доро́га		 постоянно шла
дорога	доро́га		 представлялась
дорога	доро́га		 предстояла
дорога	доро́га		 привела
дорога	доро́га		 причудливо
дорога	доро́га		 продолжала
дорога	доро́га		 просматривалась
дорога	доро́га		 пуста
дорога	доро́га		 расходиться
дорога	доро́га		 ровная
дорога	доро́га		 свободна
дорога	доро́га		 сквозь
дорога	доро́га		 совсем
дорога	доро́га		 становилась
дорога	доро́га		 старая
дорога	доро́га		 такая
дорога	доро́га		 теперь ощутимо
дорога	доро́га		 то
дорога	доро́га		 тоъ
дорога	доро́га		 туда
дорога	доро́га		 туннель
дорога	доро́га		 тянулась
дорога	доро́га		 уже
дорога	доро́га		 узкая
дорога	доро́га		 улица
дорога	доро́га		 упирается
дорога	доро́га		 упиралась
дорога	доро́га		 через
дорога	доро́га		 чистая
дорога	доро́га		 шла
дорога	доро́га		 эта
дорога	доро́га	а 	
дорога	доро́га	большая 	
дорога	доро́га	была именно 	
дорога	доро́га	вела 	
дорога	доро́га	весела 	
дорога	доро́га	вот тебе и 	
дорога	доро́га	впечатляющая 	
дорога	доро́га	вскоре 	
дорога	доро́га	вторая 	
дорога	доро́га	вымощена 	
дорога	доро́га	вырублена 	
дорога	доро́га	даже не 	
дорога	доро́га	далеко 	
дорога	доро́га	дальше 	
дорога	доро́га	действительно 	
дорога	доро́га	долгая 	
дорога	доро́га	древняя 	
дорога	доро́га	ему и 	
дорога	доро́га	если бы не 	
дорога	доро́га	есть 	
дорога	доро́га	железная 	
дорога	доро́га	и 	 перед
дорога	доро́га	как и 	
дорога	доро́га	канатная 	
дорога	доро́га	когда 	
дорога	доро́га	легка 	
дорога	доро́га	лесная 	
дорога	доро́га	мост и 	
дорога	доро́га	навстречу 	
дорога	доро́га	невезучая 	
дорога	доро́га	незнакомая 	
дорога	доро́га	ни 	
дорога	доро́га	никакая это не 	
дорога	доро́га	одна 	
дорога	доро́га	опять 	
дорога	доро́га	открывалась 	
дорога	доро́га	отсюда 	
дорога	доро́га	плитами 	
дорога	доро́га	подъездная 	
дорога	доро́га	полотно и 	
дорога	доро́га	полузаросшая 	
дорога	доро́га	правая 	
дорога	доро́га	продолжалась 	
дорога	доро́га	проезжая 	
дорога	доро́га	пропадала 	
дорога	доро́га	проходила 	
дорога	доро́га	пустынная 	
дорога	доро́га	путь 	
дорога	доро́га	пылится ли 	
дорога	доро́га	разведанная 	
дорога	доро́га	ровная 	
дорога	доро́га	самодвижущаяся 	
дорога	доро́га	серая 	
дорога	доро́га	скатертью 	
дорога	доро́га	слоновья 	
дорога	доро́га	старая 	
дорога	доро́га	там тебе и 	 откроется
дорога	доро́га	теперь 	 к
дорога	доро́га	только не 	
дорога	доро́га	торговая 	
дорога	доро́га	трудна 	
дорога	доро́га	туда 	
дорога	доро́га	туда ему и 	
дорога	доро́га	туда и 	
дорога	доро́га	туда тебе и 	
дорога	доро́га	туда, значит, тебе и 	
дорога	доро́га	тут 	
дорога	доро́га	тяготит 	
дорога	доро́га	худая 	
дорога	доро́га	хутора 	
дорога	доро́га	широкая 	
дорога	доро́га	эта 	
дорога	доро́га	ясна 	
дорога	дорога́		 была каждая
дорога	дорога́		 была каждая минута
дорога	дорога́		 вам
дорога	дорога́		 его жизнь
дорога	дорога́		 жизнь
дорога	дорога́		 и вам
дорога	дорога́		 истина
дорога	дорога́		 их честь
дорога	дорога́		 каждая
дорога	дорога́		 как память
дорога	дорога́		 ложка
дорога	дорога́		 мне
дорога	дорога́		 нашим сердцам
дорога	дорога́		 не победа
дорога	дорога́		 память
дорога	дорога́		 россия
дорога	дорога́		 собственная
дорога	дорога́		 твоя жизнь
дорога	дорога́	башка не 	
дорога	дорога́	была 	 ему
дорога	дорога́	была мне 	
дорога	дорога́	в суп и 	
дорога	дорога́	вам 	 ваша
дорога	дорога́	вещичка 	
дорога	дорога́	вещь для меня 	
дорога	дорога́	довольно 	
дорога	дорога́	достаточно 	
дорога	дорога́	душа 	
дорога	дорога́	ей особенно 	
дорога	дорога́	ему особенно 	
дорога	дорога́	если она 	
дорога	дорога́	жизнь 	
дорога	дорога́	земля 	
дорога	дорога́	как 	 ему
дорога	дорога́	как ему 	
дорога	дорога́	картина ей 	
дорога	дорога́	кому 	
дорога	дорога́	которая была 	
дорога	дорога́	минута 	
дорога	дорога́	мне 	 больше
дорога	дорога́	мне 	 моя
дорога	дорога́	мне и 	
дорога	дорога́	насколько вам 	
дорога	дорога́	невинность не 	
дорога	дорога́	нужна и 	
дорога	дорога́	она 	
дорога	дорога́	она 	 мне
дорога	дорога́	она вам 	
дорога	дорога́	она ему 	
дорога	дорога́	она мне 	
дорога	дорога́	очень 	
дорога	дорога́	пара рук 	
дорога	дорога́	по настоящему 	
дорога	дорога́	родина 	
дорога	дорога́	секунда 	
дорога	дорога́	сколько 	
дорога	дорога́	сколько нибудь 	
дорога	дорога́	слишком 	
дорога	дорога́	столь 	
дорога	дорога́	столь же 	
дорога	дорога́	так 	
дорога	дорога́	так ей 	
дорога	дорога́	так мне 	
дорога	дорога́	тебе она 	
дорога	дорога́	ты мне 	
дорога	дорога́	уж она 	
дорога	дорога́	чрезвычайно 	
дорога	дорога́	шкура 	
дорога	дорога́	шкура не 	
дорога	дорога́	штука для меня 	
дороги	до́роги		 друг другу
дороги	до́роги		 ему как
дороги	до́роги		 жизнь
дороги	до́роги		 и интересны
дороги	до́роги		 как
дороги	до́роги		 как память
дороги	до́роги		 ли?
дороги	до́роги		 мне
дороги	до́роги		 тебе
дороги	до́роги	баснословно 	
дороги	до́роги	больно 	
дороги	до́роги	были 	
дороги	до́роги	были ей 	
дороги	до́роги	были ему 	
дороги	до́роги	были им 	
дороги	до́роги	были нам 	
дороги	до́роги	вам 	 ваша
дороги	до́роги	вам 	 их
дороги	до́роги	весьма 	
дороги	до́роги	волосы 	
дороги	до́роги	востребованы и 	
дороги	до́роги	вы мне 	
дороги	до́роги	друзья ему 	
дороги	до́роги	ему особенно 	
дороги	до́роги	если вам 	 ваша
дороги	до́роги	если вам 	 их
дороги	до́роги	если им 	 их
дороги	до́роги	если они 	 вам
дороги	до́роги	им 	 их
дороги	до́роги	как 	 тебе
дороги	до́роги	кому 	
дороги	до́роги	кому мы 	
дороги	до́роги	которые ей 	
дороги	до́роги	которые ему 	
дороги	до́роги	которые и ей 	
дороги	до́роги	которые и ему 	
дороги	до́роги	которые и им 	
дороги	до́роги	которые и мне 	
дороги	до́роги	которые им 	
дороги	до́роги	которые мне 	
дороги	до́роги	которые тебе 	
дороги	до́роги	крайне 	
дороги	до́роги	люди 	
дороги	до́роги	мне 	
дороги	до́роги	настолько 	
дороги	до́роги	не так уж 	
дороги	до́роги	нежны и 	
дороги	до́роги	необычайно 	
дороги	до́роги	нынче 	
дороги	до́роги	они вам 	
дороги	до́роги	они мне обе 	
дороги	до́роги	очень 	
дороги	до́роги	патроны нынче 	
дороги	до́роги	по особенному 	
дороги	до́роги	пусть и 	
дороги	до́роги	слишком 	
дороги	до́роги	слишком мне 	
дороги	до́роги	стали 	
дороги	до́роги	столь 	
дороги	до́роги	столь же 	
дороги	до́роги	страшно 	
дороги	до́роги	так 	
дороги	доро́ги		 а не тропы
дороги	доро́ги		 были узкими
дороги	доро́ги		 в этот час
дороги	доро́ги		 возвышались
дороги	доро́ги		 выглядят
дороги	доро́ги		 выходили
дороги	доро́ги		 дрянные
дороги	доро́ги		 зарастут
дороги	доро́ги		 здесь
дороги	доро́ги		 знает
дороги	доро́ги		 и города
дороги	доро́ги		 и пути
дороги	доро́ги		 и тропы
дороги	доро́ги		 к тому
дороги	доро́ги		 можно
дороги	доро́ги		 мы начали
дороги	доро́ги		 наверх
дороги	доро́ги		 назад
дороги	доро́ги		 не было
дороги	доро́ги		 не видишь
дороги	доро́ги		 не уступал
дороги	доро́ги		 не уступит
дороги	доро́ги		 нет
дороги	доро́ги		 петляют
дороги	доро́ги		 под
дороги	доро́ги		 похуже
дороги	доро́ги		 прекрасные
дороги	доро́ги		 проложены
дороги	доро́ги		 прорицателя
дороги	доро́ги		 развезло
дороги	доро́ги		 размоет
дороги	доро́ги		 размыло
дороги	доро́ги		 снегом
дороги	доро́ги		 снегом заваливает
дороги	доро́ги		 созданы
дороги	доро́ги		 сухие
дороги	доро́ги		 то
дороги	доро́ги		 толком
дороги	доро́ги		 тоъ
дороги	доро́ги		 улицы
дороги	доро́ги		 ухаб
дороги	доро́ги		 часть
дороги	доро́ги		 этой
дороги	доро́ги	асфальту 	
дороги	доро́ги	без 	
дороги	доро́ги	бетон 	
дороги	доро́ги	большие 	
дороги	доро́ги	вдоль 	
дороги	доро́ги	вдоль 	 леса
дороги	доро́ги	видя 	
дороги	доро́ги	возле 	
дороги	доро́ги	возле края 	
дороги	доро́ги	возле самой 	
дороги	доро́ги	газон 	
дороги	доро́ги	главные 	
дороги	доро́ги	грунтовые 	
дороги	доро́ги	дальней 	
дороги	доро́ги	даю им 	
дороги	доро́ги	две 	
дороги	доро́ги	держитесь 	
дороги	доро́ги	дома и 	
дороги	доро́ги	древней 	
дороги	доро́ги	древние 	
дороги	доро́ги	другой 	
дороги	доро́ги	если бы были 	
дороги	доро́ги	железной 	
дороги	доро́ги	железную 	
дороги	доро́ги	железные 	
дороги	доро́ги	заклинанием 	
дороги	доро́ги	заросшей 	
дороги	доро́ги	здания, 	
дороги	доро́ги	знаешь 	
дороги	доро́ги	знал 	
дороги	доро́ги	извилистой 	
дороги	доро́ги	изгиба 	
дороги	доро́ги	изгибом 	
дороги	доро́ги	изгибу 	
дороги	доро́ги	к краю 	
дороги	доро́ги	какие 	
дороги	доро́ги	канатной 	
дороги	доро́ги	корабли и 	
дороги	доро́ги	коснулась подошвами 	
дороги	доро́ги	краю 	
дороги	доро́ги	края 	
дороги	доро́ги	краям 	
дороги	доро́ги	кроме 	
дороги	доро́ги	ленту 	
дороги	доро́ги	лесной 	
дороги	доро́ги	лесные 	
дороги	доро́ги	любые 	 [homo] дороги [/homo]
дороги	доро́ги	мету 	
дороги	доро́ги	мирные 	
дороги	доро́ги	мне 	 нет
дороги	доро́ги	мне 	 нету
дороги	доро́ги	на краю 	
дороги	доро́ги	назад 	
дороги	доро́ги	начала 	
дороги	доро́ги	не будет мне 	
дороги	доро́ги	не знает 	
дороги	доро́ги	не найдя 	
дороги	доро́ги	не помнишь 	
дороги	доро́ги	не разбирая 	
дороги	доро́ги	ненайдя 	
дороги	доро́ги	нет 	
дороги	доро́ги	ниточка 	
дороги	доро́ги	ниточку 	
дороги	доро́ги	новые 	
дороги	доро́ги	обочин 	
дороги	доро́ги	обратной 	
дороги	доро́ги	ограждением 	
дороги	доро́ги	описание 	
дороги	доро́ги	остальные 	
дороги	доро́ги	остаток 	
дороги	доро́ги	от начала 	 дома
дороги	доро́ги	перегораживанием 	
дороги	доро́ги	перекрыв 	
дороги	доро́ги	переправы, 	
дороги	доро́ги	песок 	
дороги	доро́ги	петля 	
дороги	доро́ги	по окончании 	
дороги	доро́ги	поверхность 	
дороги	доро́ги	поворота 	
дороги	доро́ги	поворотом 	
дороги	доро́ги	подъездной 	
дороги	доро́ги	поиски 	
дороги	доро́ги	покрытие 	
дороги	доро́ги	половины 	
дороги	доро́ги	полоса 	
дороги	доро́ги	полотно 	
дороги	доро́ги	поля и 	
дороги	доро́ги	после 	
дороги	доро́ги	посреди 	
дороги	доро́ги	почтовой 	
дороги	доро́ги	привести 	
дороги	доро́ги	придерживаясь 	
дороги	доро́ги	прокладывают 	
дороги	доро́ги	прорезали 	
дороги	доро́ги	прорубали 	
дороги	доро́ги	пути 	
дороги	доро́ги	пыль 	
дороги	доро́ги	пыльной 	
дороги	доро́ги	радость 	
дороги	доро́ги	разбирал 	
дороги	доро́ги	разбирая 	
дороги	доро́ги	разбирая от ярости 	
дороги	доро́ги	развела их 	
дороги	доро́ги	развилки 	
дороги	доро́ги	расчистить 	
дороги	доро́ги	ручьи и 	
дороги	доро́ги	с 	
дороги	доро́ги	самой 	
дороги	доро́ги	середину 	
дороги	доро́ги	середины 	
дороги	доро́ги	слева 	
дороги	доро́ги	со стороны 	
дороги	доро́ги	спуска 	
дороги	доро́ги	старой 	
дороги	доро́ги	старые 	
дороги	доро́ги	сторонам 	
дороги	доро́ги	стороне 	
дороги	доро́ги	сторону 	
дороги	доро́ги	стороны 	
дороги	доро́ги	строительства 	
дороги	доро́ги	строительство 	
дороги	доро́ги	транспорт, 	
дороги	доро́ги	тяготах 	
дороги	доро́ги	у 	
дороги	доро́ги	у края 	
дороги	доро́ги	у самой 	
дороги	доро́ги	углубление 	
дороги	доро́ги	узкие 	
дороги	доро́ги	узкой 	
дороги	доро́ги	узкоколейной 	
дороги	доро́ги	улицы 	
дороги	доро́ги	участка 	
дороги	доро́ги	участок 	
дороги	доро́ги	часть 	
дороги	доро́ги	четверть 	
дороги	доро́ги	ширине 	
дороги	доро́ги	ширину 	
дороги	доро́ги	экземпляр 	
дороги	доро́ги	электромобильные 	
дороги	доро́ги	я 	
дорогой	доро́гой		 армий
дорогой	доро́гой		 в северные
дорогой	доро́гой		 вверх и вниз
дорогой	доро́гой		 давно никто не пользуется
дорогой	доро́гой		 дальней
дорогой	доро́гой		 до места
дорогой	доро́гой		 злобы
дорогой	доро́гой		 не окольною
дорогой	доро́гой		 оказались
дорогой	доро́гой		 он вовсю
дорогой	доро́гой		 отрадной
дорогой	доро́гой		 отсюда
дорогой	доро́гой		 пользовались
дорогой	доро́гой		 рассказывал
дорогой	доро́гой		 соблюдал
дорогой	доро́гой		 тернистой
дорогой	доро́гой		 трудной
дорогой	доро́гой		 шли
дорогой	доро́гой		 этой
дорогой	доро́гой		 я
дорогой	доро́гой	безлюдной 	
дорогой	доро́гой	безопасной 	
дорогой	доро́гой	брюхом и 	
дорогой	доро́гой	были 	
дорогой	доро́гой	вымотаны 	
дорогой	доро́гой	выспаться перед 	
дорогой	доро́гой	главной 	
дорогой	доро́гой	грунтовой 	
дорогой	доро́гой	дальней 	
дорогой	доро́гой	дальше своей 	
дорогой	доро́гой	деревней и 	
дорогой	доро́гой	десятой 	
дорогой	доро́гой	долгой 	
дорогой	доро́гой	другой 	
дорогой	доро́гой	единственной 	
дорогой	доро́гой	жарой и 	
дорогой	доро́гой	железной 	
дорогой	доро́гой	за 	
дорогой	доро́гой	знакомой 	
дорогой	доро́гой	иди своей 	
дорогой	доро́гой	идите своей 	
дорогой	доро́гой	идти 	
дорогой	доро́гой	идти его 	
дорогой	доро́гой	идти своей 	
дорогой	доро́гой	идти этой 	
дорогой	доро́гой	измотанная 	
дорогой	доро́гой	измотанный 	
дорогой	доро́гой	измотанных 	
дорогой	доро́гой	измучена 	
дорогой	доро́гой	измученная 	
дорогой	доро́гой	измученный 	
дорогой	доро́гой	какой 	
дорогой	доро́гой	камнем 	
дорогой	доро́гой	канатной 	
дорогой	доро́гой	короткой 	
дорогой	доро́гой	кратчайшей 	
дорогой	доро́гой	круговой 	
дорогой	доро́гой	кружной 	
дорогой	доро́гой	лесной 	
дорогой	доро́гой	ложной 	
дорогой	доро́гой	мною 	
дорогой	доро́гой	над 	
дорогой	доро́гой	назвать это 	
дорогой	доро́гой	назначенной ему 	
дорогой	доро́гой	называлось 	
дорогой	доро́гой	наслаждайся 	
дорогой	доро́гой	наслаждайтесь 	
дорогой	доро́гой	не ошиблись ли 	
дорогой	доро́гой	недовольство 	
дорогой	доро́гой	незнакомой 	
дорогой	доро́гой	новой 	
дорогой	доро́гой	ночной 	
дорогой	доро́гой	обратной 	
дорогой	доро́гой	обрывающейся 	
дорогой	доро́гой	обычной 	
дорогой	доро́гой	ограбили 	
дорогой	доро́гой	окружной 	
дорогой	доро́гой	отставали 	
дорогой	доро́гой	ошиблись ли они 	
дорогой	доро́гой	перед 	
дорогой	доро́гой	перед путь 	
дорогой	доро́гой	перед трудной 	
дорогой	доро́гой	переносной 	
дорогой	доро́гой	плохой 	
дорогой	доро́гой	под 	
дорогой	доро́гой	подъездной 	
дорогой	доро́гой	поинтересоваться 	
дорогой	доро́гой	пойти 	
дорогой	доро́гой	построить здесь 	
дорогой	доро́гой	построить рядом 	
дорогой	доро́гой	построить тут 	
дорогой	доро́гой	прежней 	
дорогой	доро́гой	прямой 	
дорогой	доро́гой	пылит 	
дорогой	доро́гой	рядом с 	
дорогой	доро́гой	с 	 в
дорогой	доро́гой	с 	 нырнули
дорогой	доро́гой	с 	 спустились
дорогой	доро́гой	с такой 	
дорогой	доро́гой	своей 	
дорогой	доро́гой	святой 	
дорогой	доро́гой	седьмой 	
дорогой	доро́гой	скучать 	
дорогой	доро́гой	следили за 	
дорогой	доро́гой	следовать 	
дорогой	доро́гой	следуют 	
дорогой	доро́гой	сомнительной 	
дорогой	доро́гой	срединной 	
дорогой	доро́гой	старой 	
дорогой	доро́гой	столько 	
дорогой	доро́гой	страшной 	
дорогой	доро́гой	считаться 	
дорогой	доро́гой	телег 	
дорогой	доро́гой	той 	
дорогой	доро́гой	той же 	
дорогой	доро́гой	той же самой 	
дорогой	доро́гой	той самой 	
дорогой	доро́гой	тревожной 	
дорогой	доро́гой	что 	 через
дорогой	доро́гой	шли 	
дорогой	доро́гой	этой 	
дорогой	доро́гой	этой же 	
дорогой	доро́гой	этой самой 	
дорогой	дорого́й		 адмирал
дорогой	дорого́й		 амулет
дорогой	дорого́й		 бастард
дорогой	дорого́й		 безделушке
дорогой	дорого́й		 бинокль
дорогой	дорого́й		 брат
дорогой	дорого́й		 велик
дорогой	дорого́й		 винтовке
дорогой	дорого́й		 виски
дорогой	дорого́й		 вы мой
дорогой	дорого́й		 галстук
дорогой	дорого́й		 гел
дорогой	дорого́й		 геллерт
дорогой	дорого́й		 гитары
дорогой	дорого́й		 глубокоуважаемый
дорогой	дорого́й		 город
дорогой	дорого́й		 гостинице
дорогой	дорого́й		 гостье
дорогой	дорого́й		 гостьей
дорогой	дорого́й		 гостьи
дорогой	дорого́й		 граф
дорогой	дорого́й		 гунтер
дорогой	дорого́й		 дар
дорогой	дорого́й		 джонни
дорогой	дорого́й		 директор
дорогой	дорого́й		 друг
дорогой	дорого́й		 дружок
дорогой	дорого́й		 душой
дорогой	дорого́й		 жизнью
дорогой	дорого́й		 забаве
дорогой	дорого́й		 заказ
дорогой	дорого́й		 запас
дорогой	дорого́й		 и пафосный
дорогой	дорого́й		 и редкий
дорогой	дорого́й		 игрушкой
дорогой	дорого́й		 камзол
дорогой	дорого́й		 карлуша
дорогой	дорого́й		 катер
дорогой	дорого́й		 кожи
дорогой	дорого́й		 командор
дорогой	дорого́й		 корпус
дорогой	дорого́й		 красивый
дорогой	дорого́й		 куртизанки
дорогой	дорого́й		 леонардо
дорогой	дорого́й		 машины
дорогой	дорого́й		 мебели
дорогой	дорого́й		 мистер
дорогой	дорого́й		 мой
дорогой	дорого́й		 наряд
дорогой	дорого́й		 нефти
дорогой	дорого́й		 одежде
дорогой	дорого́й		 одежды
дорогой	дорого́й		 отец
дорогой	дорого́й		 офисной
дорогой	дорого́й		 панцирь
дорогой	дорого́й		 парфюм
дорогой	дорого́й		 перевязью
дорогой	дорого́й		 пиджак
дорогой	дорого́й		 подарок
дорогой	дорого́й		 подарочек
дорогой	дорого́й		 посуды
дорогой	дорого́й		 пре[homo] дорогой [/homo]
дорогой	дорого́й		 прицел
дорогой	дорого́й		 приют
дорогой	дорого́й		 проект
дорогой	дорого́й		 ремонтик
дорогой	дорого́й		 рукоятью
дорогой	дорого́й		 сердцу
дорогой	дорого́й		 серебряной
дорогой	дорого́й		 серж
дорогой	дорого́й		 способ
дорогой	дорого́й		 старший
дорогой	дорого́й		 технологии
дорогой	дорого́й		 тканью
дорогой	дорого́й		 товар
дорогой	дорого́й		 товарищ
дорогой	дорого́й		 ты мой
дорогой	дорого́й		 упряжью
дорогой	дорого́й		 фармер
дорогой	дорого́й		 хозяин
дорогой	дорого́й		 ценой
дорогой	дорого́й		 шкаф
дорогой	дорого́й		 шубе
дорогой	дорого́й		 это
дорогой	дорого́й		 ювелир
дорогой	дорого́й	баснословно 	
дорогой	дорого́й	безумно 	
дорогой	дорого́й	бесконечно 	
дорогой	дорого́й	более 	
дорогой	дорого́й	большой и 	
дорогой	дорого́й	в 	
дорогой	дорого́й	в самой 	
дорогой	дорого́й	весьма 	
дорогой	дорого́й	во франции 	
дорогой	дорого́й	гость 	
дорогой	дорого́й	джип то 	
дорогой	дорого́й	джип тоъ 	
дорогой	дорого́й	для моей 	
дорогой	дорого́й	для своей 	
дорогой	дорого́й	довольно 	
дорогой	дорого́й	достаточно 	
дорогой	дорого́й	единственный 	
дорогой	дорого́й	и 	 он
дорогой	дорого́й	из 	
дорогой	дорого́й	инструмент 	
дорогой	дорого́й	испортишь 	
дорогой	дорого́й	их 	 подруге
дорогой	дорого́й	к моей 	
дорогой	дорого́й	как 	
дорогой	дорого́й	какой он 	
дорогой	дорого́й	красивой и 	
дорогой	дорого́й	красивый и 	
дорогой	дорого́й	лежит 	
дорогой	дорого́й	марая 	
дорогой	дорого́й	модной и 	
дорогой	дорого́й	моей 	 маме
дорогой	дорого́й	мой 	
дорогой	дорого́й	мощный и 	
дорогой	дорого́й	на 	
дорогой	дорого́й	нарядный и 	
дорогой	дорого́й	наш 	
дорогой	дорого́й	не самой 	
дорогой	дорого́й	о, 	
дорогой	дорого́й	обращение 	
дорогой	дорого́й	от моей 	
дорогой	дорого́й	очень 	
дорогой	дорого́й	передайте моей 	
дорогой	дорого́й	плохой и 	
дорогой	дорого́й	поздравляю 	
дорогой	дорого́й	престижной и 	
дорогой	дорого́й	приветствую тебя 	
дорогой	дорого́й	прости 	
дорогой	дорого́й	редкий и 	
дорогой	дорого́й	с 	 душой
дорогой	дорого́й	с 	 мебелью
дорогой	дорого́й	с 	 одеждой
дорогой	дорого́й	с 	 полированной
дорогой	дорого́й	самой 	
дорогой	дорого́й	самом деле 	
дорогой	дорого́й	самый 	
дорогой	дорого́й	своей 	 половиной
дорогой	дорого́й	слишком 	
дорогой	дорого́й	со своей 	
дорогой	дорого́й	старинный и 	
дорогой	дорого́й	старый и 	
дорогой	дорого́й	столь 	
дорогой	дорого́й	такой 	
дорогой	дорого́й	товарищ 	
дорогой	дорого́й	у 	
дорогой	дорого́й	услышал 	 мне
дорогой	дорого́й	хороший 	
дорогой	дорого́й	хоть и 	
дорогой	дорого́й	черезчур 	
дорогой	дорого́й	штучный и 	
дорогой	дорого́й	это 	
дорогой	дорого́й	явно 	
дорогою	доро́гою	дальнею 	
доски	до́ски		 беззвучно
доски	до́ски		 веранды
доски	до́ски		 двери
доски	до́ски		 затлели
доски	до́ски		 и бревна
доски	до́ски		 и камни
доски	до́ски		 и парусина
доски	до́ски		 и скамьи
доски	до́ски		 из
доски	до́ски		 которой
доски	до́ски		 нависали
доски	до́ски		 не из гнилых
доски	до́ски		 пола
доски	до́ски		 пристани
доски	до́ски		 пугающе трещали
доски	до́ски		 чернели
доски	до́ски		 я буду завозить
доски	до́ски	бревна и 	
доски	до́ски	виртуалка и 	
доски	до́ски	вновь 	
доски	до́ски	грязные 	
доски	до́ски	желтоватые 	
доски	до́ски	какие то 	
доски	до́ски	какие тоъ 	
доски	до́ски	когда 	
доски	до́ски	но 	 из за
доски	до́ски	о 	
доски	до́ски	оструганные 	
доски	до́ски	пахнущие 	
доски	до́ски	побросав 	
доски	до́ски	подобные 	
доски	до́ски	пожалуйста 	
доски	до́ски	положил 	
доски	до́ски	пробило 	
доски	до́ски	разбил 	
доски	до́ски	словно 	
доски	до́ски	сплошные 	
доски	до́ски	стенные 	
доски	до́ски	трещали 	
доски	до́ски	угадывались 	
доски	до́ски	чистые 	
доски	до́ски	что 	 до
доски	до́ски	чудесные 	
доски	до́ски	широкие 	
доски	до́ски	эти 	
доски	доски́		 стены
доски	доски́	бронзовой 	
доски	доски́	вдоль 	
доски	доски́	возле 	
доски	доски́	гробовой 	
доски	доски́	две 	
доски	доски́	деловой 	
доски	доски́	деревянных 	
доски	доски́	игровой 	
доски	доски́	ихней 	
доски	доски́	коснулся 	
доски	доски́	краем 	
доски	доски́	край 	
доски	доски́	крепкой 	
доски	доски́	кусок 	
доски	доски́	мел на край 	
доски	доски́	мимо 	
доски	доски́	моей 	
доски	доски́	нашей 	
доски	доски́	нашлось 	
доски	доски́	нет 	
доски	доски́	обломок 	
доски	доски́	обрезок 	
доски	доски́	около 	
доски	доски́	от 	
доски	доски́	по клеткам 	
доски	доски́	поверхность 	
доски	доски́	пределами 	
доски	доски́	прибитой 	
доски	доски́	приборной 	
доски	доски́	распущенной вручную 	
доски	доски́	с 	
доски	доски́	самой 	
доски	доски́	своей 	
доски	доски́	сгоревшей 	
доски	доски́	твоей 	
доски	доски́	той 	
доски	доски́	три 	
доски	доски́	три такие 	
доски	доски́	у 	
доски	доски́	форме 	
доски	доски́	четыре 	
доски	доски́	четыре такие 	
доски	доски́	чьей та 	
доски	доски́	шахматной 	
доски	доски́	школьной 	
доски	доски́	этой 	
досыпали	досы́пали		 муки
досыпали	досыпа́ли	остальные либо 	
досыпать	досыпа́ть		 сон
досыпать	досыпа́ть	идти 	
досыпать	досыпа́ть	лег 	
дохнет	до́хнет		 при
дохнет	до́хнет	сразу 	
дохнуть	до́хнуть	начали 	
дохнуть	до́хнуть	стали 	
дохнуть	дохну́ть		 и удирать
дохнуть	дохну́ть	дав 	
дохнуть	дохну́ть	не 	
дразните	дразни́те	не 	
древней	дре́вней		 истории
древней	дре́вней		 рептилии
древней	дре́вней	в 	
древней	дре́вней	к 	
древней	дре́вней	самой 	
древней	древне́й	куда 	
дроби	дро́би	барабанной 	
дроби	дро́би	заряда 	
дроби	дро́би	летающей 	
дроби	дроби́		 их
дрожи	дро́жи		 в голосе
дрожи	дро́жи		 ноги
дрожи	дро́жи	без 	
дрожи	дро́жи	волнами 	
дрожи	дро́жи	до 	
дрожи	дро́жи	никакой 	
дрожи	дро́жи	от 	
дрожи	дро́жи	привычной 	
дрожи	дрожи́	не 	
другом	дру́гом		 вашего
другом	дру́гом		 врагом
другом	дру́гом		 горбуном
другом	дру́гом		 и даже больше
другом	дру́гом		 и наставником
другом	дру́гом		 и соратником
другом	дру́гом		 или врагом
другом	дру́гом		 которого
другом	дру́гом		 моего
другом	дру́гом		 мытарей
другом	дру́гом		 одноклассником
другом	дру́гом		 он
другом	дру́гом		 победителем
другом	дру́гом		 покойного
другом	дру́гом		 прикидывался
другом	дру́гом		 рода
другом	дру́гом		 своим
другом	дру́гом		 стал
другом	дру́гом		 считаешь
другом	дру́гом		 считал
другом	дру́гом		 тебе
другом	дру́гом		 товарищем
другом	дру́гом		 того самого
другом	дру́гом		 человека
другом	дру́гом		 эльфом
другом	дру́гом		 юности
другом	дру́гом	а 	
другом	дру́гом	бескорыстным 	
другом	дру́гом	близким 	
другом	дру́гом	большим 	
другом	дру́гом	будет 	
другом	дру́гом	будь 	
другом	дру́гом	бывает 	
другом	дру́гом	был 	
другом	дру́гом	был мне 	
другом	дру́гом	была 	
другом	дру́гом	была бы 	
другом	дру́гом	были 	
другом	дру́гом	быть 	
другом	дру́гом	быть 	 миру
другом	дру́гом	быть для вас 	
другом	дру́гом	быть ему 	
другом	дру́гом	вашим 	
другом	дру́гом	верным 	
другом	дру́гом	влиятельным 	
другом	дру́гом	гибким 	
другом	дру́гом	делается 	
другом	дру́гом	десятке 	
другом	дру́гом	для него 	
другом	дру́гом	для ней 	
другом	дру́гом	для них 	
другом	дру́гом	добрым 	
другом	дру́гом	дорогим 	
другом	дру́гом	друг 	
другом	дру́гом	друг 	 стороны
другом	дру́гом	друг за 	
другом	дру́гом	друг над 	
другом	дру́гом	друг перед 	
другом	дру́гом	друг пред 	
другом	дру́гом	друг с 	
другом	дру́гом	его 	
другом	дру́гом	единственным 	
другом	дру́гом	ей 	
другом	дру́гом	ему 	
другом	дру́гом	жены друг с 	
другом	дру́гом	закадычным 	
другом	дру́гом	злейшим 	
другом	дру́гом	зови меня 	
другом	дру́гом	и 	
другом	дру́гом	идеальным 	
другом	дру́гом	имени только 	
другом	дру́гом	искренним 	
другом	дру́гом	их 	
другом	дру́гом	которого я считал 	
другом	дру́гом	лишь 	
другом	дру́гом	лучшим 	
другом	дру́гом	маленьким 	
другом	дру́гом	меня 	
другом	дру́гом	мне 	
другом	дру́гом	моим 	
другом	дру́гом	мужем и 	
другом	дру́гом	над 	
другом	дру́гом	назвавшийся 	
другом	дру́гом	назвать 	
другом	дру́гом	назваться 	
другом	дру́гом	называл 	
другом	дру́гом	называют 	
другом	дру́гом	настоящим 	
другом	дру́гом	начертанный 	
другом	дру́гом	нашим 	
другом	дру́гом	не 	
другом	дру́гом	не сестрой - но 	
другом	дру́гом	не сестрой но 	
другом	дру́гом	них 	
другом	дру́гом	но не 	
другом	дру́гом	новым 	
другом	дру́гом	один за 	
другом	дру́гом	оставался 	
другом	дру́гом	оставаться 	
другом	дру́гом	официальным 	
другом	дру́гом	перед 	
другом	дру́гом	почти 	
другом	дру́гом	преданным 	
другом	дру́гом	просто 	
другом	дру́гом	с 	
другом	дру́гом	с новым 	
другом	дру́гом	своим 	
другом	дру́гом	себе 	
другом	дру́гом	сколько 	
другом	дру́гом	слова, высказанные 	
другом	дру́гом	союзником и тем более 	
другом	дру́гом	ставший 	
другом	дру́гом	стал 	
другом	дру́гом	стала 	
другом	дру́гом	стала их 	
другом	дру́гом	старинным 	
другом	дру́гом	старым 	
другом	дру́гом	стать 	
другом	дру́гом	стать его 	
другом	дру́гом	считаешь 	
другом	дру́гом	считал 	
другом	дру́гом	считался 	
другом	дру́гом	считать 	
другом	дру́гом	таким 	
другом	дру́гом	твоим 	
другом	дру́гом	тебе 	
другом	дру́гом	тебя 	
другом	дру́гом	товарищем и 	
другом	дру́гом	указанную 	
другом	дру́гом	хорошим 	
другом	дру́гом	человеческим 	
другом	дру́гом	юнным 	
другом	дру́гом	юным 	
другом	друго́м		 авторе
другом	друго́м		 берегу
другом	друго́м		 боку
другом	друго́м		 борту
другом	друго́м		 вечере
другом	друго́м		 вздоре
другом	друго́м		 виде
другом	друго́м		 войске
другом	друго́м		 вопросе
другом	друго́м		 воспитании
другом	друго́м		 герое
другом	друго́м		 городе
другом	друго́м		 городке
другом	друго́м		 государе
другом	друго́м		 государстве
другом	друго́м		 дворе
другом	друго́м		 деле
другом	друго́м		 доме
другом	друго́м		 дурном
другом	друго́м		 европейском
другом	друго́м		 его берегу
другом	друго́м		 журнале
другом	друго́м		 звуке
другом	друго́м		 значении
другом	друго́м		 издании
другом	друго́м		 издательстве
другом	друго́м		 измерении
другом	друго́м		 кармане
другом	друго́м		 качестве
другом	друго́м		 квартале
другом	друго́м		 клубе
другом	друго́м		 княжеском
другом	друго́м		 конце
другом	друго́м		 конце замка
другом	друго́м		 конце поля
другом	друго́м		 корабле
другом	друго́м		 краю
другом	друго́м		 круге
другом	друго́м		 кружке
другом	друго́м		 крупном
другом	друго́м		 лагере
другом	друго́м		 лице
другом	друго́м		 месте
другом	друго́м		 мире
другом	друго́м		 мужчине
другом	друго́м		 направлении
другом	друго́м		 народе
другом	друго́м		 настроении
другом	друго́м		 начальнике
другом	друго́м		 образе
другом	друго́м		 обществе
другом	друго́м		 общественном
другом	друго́м		 объекте
другом	друго́м		 освещении
другом	друго́м		 отделе
другом	друго́м		 отношении
другом	друго́м		 параллельном
другом	друго́м		 переводе
другом	друго́м		 периоде
другом	друго́м		 поединке
другом	друго́м		 положении
другом	друго́м		 полюсе
другом	друго́м		 помещении
другом	друго́м		 поприще
другом	друго́м		 порту
другом	друго́м		 порядке
другом	друго́м		 похождении
другом	друго́м		 предмете
другом	друго́м		 предприятии
другом	друго́м		 произведении
другом	друго́м		 пространстве
другом	друго́м		 пути
другом	друго́м		 рабочем
другом	друго́м		 районе
другом	друго́м		 раскладе
другом	друго́м		 режиме
другом	друго́м		 ресторане
другом	друго́м		 роде
другом	друго́м		 ряду
другом	друго́м		 свете
другом	друго́м		 слое
другом	друго́м		 случае
другом	друго́м		 смысле
другом	друго́м		 сне
другом	друго́м		 состоянии
другом	друго́м		 союзе
другом	друго́м		 сражении
другом	друго́м		 средстве
другом	друго́м		 стволе
другом	друго́м		 стихотворении
другом	друго́м		 столе
другом	друго́м		 суде
другом	друго́м		 судне
другом	друго́м		 существе
другом	друго́м		 сыне
другом	друго́м		 таком
другом	друго́м		 товаре
другом	друго́м		 тоне
другом	друго́м		 уголке
другом	друго́м		 уезде
другом	друго́м		 уровне
другом	друго́м		 устройстве
другом	друго́м		 формате
другом	друго́м		 фронте
другом	друго́м		 царстве
другом	друго́м		 человеке
другом	друго́м		 штате
другом	друго́м		 экипаже
другом	друго́м		 языке
другом	друго́м	автомобильном, 	
другом	друго́м	в 	
другом	друго́м	в 	 тоъ
другом	друго́м	в том 	
другом	друго́м	в том, и 	
другом	друго́м	в чем 	
другом	друго́м	всяком 	
другом	друго́м	каждом 	
другом	друго́м	каком 	
другом	друго́м	каком нибудь 	
другом	друго́м	каком то 	
другом	друго́м	каком тоъ 	
другом	друго́м	каком-нибудь 	
другом	друго́м	каком-то 	
другом	друго́м	ком 	
другом	друго́м	ком то 	
другом	друго́м	ком тоъ 	
другом	друго́м	ком-то 	
другом	друго́м	любом 	
другом	друго́м	многом 	
другом	друго́м	на 	
другом	друго́м	не о чем 	
другом	друго́м	немного 	
другом	друго́м	несколько 	
другом	друго́м	ни в каком 	
другом	друго́м	нибудь 	
другом	друго́м	о 	
другом	друго́м	о кое чем 	
другом	друго́м	о чем нибудь 	
другом	друго́м	о чем то 	
другом	друго́м	о чем тоъ 	
другом	друго́м	о чем-нибудь 	
другом	друго́м	одном 	
другом	друго́м	одном или 	
другом	друго́м	при 	
другом	друго́м	самом 	
другом	друго́м	совершенно 	
другом	друго́м	совсем 	
другом	друго́м	том 	
другом	друго́м	том и 	
другом	друго́м	том или 	
другом	друго́м	том, 	
другом	друго́м	чем нибудь 	
другом	друго́м	чем то 	
другом	друго́м	чем тоъ 	
другом	друго́м	чем-нибудь 	
другом	друго́м	этом 	
другом	друго́м	я о 	
дружке	дру́жке	друг 	
дружке	дру́жке	друг в 	
дружке	дру́жке	друг к 	
дружке	дру́жке	друг на 	
дружке	дру́жке	друг по 	
дружке	дру́жке	к 	
дружки	дру́жки	друг 	
дружки	дру́жки	друг 	 стоите
дружки	дру́жки	друг без 	
дружки	дру́жки	друг до 	
дружки	дру́жки	друг мимо 	
дружки	дру́жки	друг напротив 	
дружки	дру́жки	друг от 	
дружки	дру́жки	друг с 	
дружки	дру́жки	друг у 	
дружки	дру́жки	против 	
дружки	дру́жки	у 	
дружку	дру́жку	друг 	
дружку	дру́жку	дружка на 	
дубу	ду́бу		 бы дался
дуги	ду́ги		 и кольца
дуги	ду́ги	линии и 	
дуги	дуги́	вершины 	
дуги	дуги́	высокоразрядной 	
дуги	дуги́	две 	
дуги	дуги́	курской 	
дуги	дуги́	недлинной 	
дуги	дуги́	половину 	
дуги	дуги́	после 	
дуги	дуги́	своей 	
дуги	дуги́	три 	
дуги	дуги́	у края 	
дуги	дуги́	форму 	
дуги	дуги́	четыре 	
дуги	дуги́	электрической 	
дуги	дуги́	этой 	
дупла	ду́пла		 ваши
дупла	ду́пла		 наши
дупла	ду́пла		 сами
дупла	ду́пла	в 	
дупла	ду́пла	ваши 	
дупла	ду́пла	зияют 	
дупла	ду́пла	наши 	
дупла	ду́пла	о 	
дупла	ду́пла	об 	
дупла	ду́пла	под 	
дупла	ду́пла	сами 	
дупла	ду́пла	сквозь 	
дупла	ду́пла	такие 	
дупла	ду́пла	те 	
дупла	ду́пла	через 	
дупла	ду́пла	чернеют 	
дупла	ду́пла	что 	
дупла	ду́пла	эти 	
дупла	дупла́	в глубь 	
дупла	дупла́	возле 	
дупла	дупла́	дне 	
дупла	дупла́	из 	
дупла	дупла́	около 	
дури	ду́ри		 нахватался
дури	ду́ри		 у меня
дури	ду́ри		 у тебя
дури	ду́ри	всей 	
дури	ду́ри	всякой 	
дури	ду́ри	выхода 	
дури	ду́ри	забористой 	
дури	ду́ри	изо всей 	
дури	ду́ри	отменной 	
дури	ду́ри	простой 	
дури	ду́ри	сколько же 	
дури	дури́	не 	
дурней	ду́рней	молодых 	
дурней	ду́рней	просвети 	
дурней	ду́рней	просвещали 	
дурней	дурне́й		 нас
дурней	дурне́й		 себя
дурней	дурне́й		 тебя
дурней	дурне́й	не 	
духам	ду́хам		 моря
духам	ду́хам		 планет
духам	ду́хам		 предков
духам	ду́хам	болотным 	
духам	ду́хам	драчливым 	
духам	ду́хам	злым 	
духами	ду́хами		 и гоблинами
духами	ду́хами		 и приведениями
духами	ду́хами		 места
духами	ду́хами		 созвездий
духами	ду́хами	власть над 	
духами	ду́хами	злобными 	
духами	ду́хами	злыми 	
духами	ду́хами	контакта с 	
духами	ду́хами	нечистыми 	
духами	ду́хами	общалась с 	
духами	ду́хами	общались с 	
духами	ду́хами	общался с 	
духами	ду́хами	общаться с 	
духами	ду́хами	одержимым 	
духами	ду́хами	падшими 	
духами	ду́хами	планетарными 	
духами	ду́хами	природными 	
духами	ду́хами	с 	
духами	ду́хами	стали 	
духами	ду́хами	увешанные 	
духами	духа́ми		 в комнате пахнет
духами	духа́ми		 дамскими
духами	духа́ми		 заморскими
духами	духа́ми		 натру
духами	духа́ми		 от тебя
духами	духа́ми		 пахнет
духами	духа́ми		 побрызгали
духами	духа́ми		 провоняла
духами	духа́ми	благовониями и 	
духами	духа́ми	благоухающий 	
духами	духа́ми	ванну с 	
духами	духа́ми	вчерашними 	
духами	духа́ми	дезодорантами и 	
духами	духа́ми	диковинными 	
духами	духа́ми	дорогими 	
духами	духа́ми	женскими 	
духами	духа́ми	замешкалась с 	
духами	духа́ми	знакомыми 	
духами	духа́ми	коробку с 	
духами	духа́ми	пахло 	
духами	духа́ми	пахнет 	
духами	духа́ми	пахнет какими то 	
духами	духа́ми	пахнет какими тоъ 	
духами	духа́ми	пахнущую 	
духами	духа́ми	передаваемых 	
духами	духа́ми	побрызгает 	
духами	духа́ми	потом и чьими то 	
духами	духа́ми	потом и чьими тоъ 	
духами	духа́ми	производители не называют 	
духами	духа́ми	пропахли 	
духами	духа́ми	сладкими 	
духами	духа́ми	тонкими 	
духами	духа́ми	флакона с 	
духами	духа́ми	флаконов с 	
духами	духа́ми	чужими 	
духах	ду́хах	бродячих 	
духах	ду́хах	лесных 	
духах	ду́хах	о 	
духи	ду́хи		 вещают
духи	ду́хи		 воды
духи	ду́хи		 воздуха
духи	ду́хи		 земли
духи	ду́хи		 и демоны
духи	ду́хи		 кольца
духи	ду́хи		 леса
духи	ду́хи		 места
духи	ду́хи		 природы
духи	ду́хи		 прислужники
духи	ду́хи		 русских рек
духи	ду́хи		 сказали
духи	ду́хи		 убийцы
духи	ду́хи		 хранители
духи	ду́хи	водяные 	
духи	ду́хи	всесильные 	
духи	ду́хи	даже 	
духи	ду́хи	добрые 	
духи	ду́хи	злобные 	
духи	ду́хи	злые 	
духи	ду́хи	природные 	
духи	ду́хи	разнообразные 	
духи	ду́хи	стихийные 	
духи	духи́		 были классные
духи	духи́		 в мире
духи	духи́		 и коньяки
духи	духи́		 лесной лук
духи	духи́		 надо
духи	духи́		 следует
духи	духи́		 совсем другие
духи	духи́		 шуршат
духи	духи́	в 	
духи	духи́	дай мне 	
духи	духи́	для губ и 	
духи	духи́	дорогие 	
духи	духи́	изготовит 	
духи	духи́	косметику и 	
духи	духи́	купил 	
духи	духи́	купила 	
духи	духи́	купили 	
духи	духи́	лучшие в мире 	
духи	духи́	любишь 	
духи	духи́	мамины 	
духи	духи́	мои 	
духи	духи́	новые 	
духи	духи́	одеколон и 	
духи	духи́	отвратительные 	
духи	духи́	понюхать новые 	
духи	духи́	приятные 	
духи	духи́	смените 	
духи	духи́	создал 	
духи	духи́	создала 	
духи	духи́	создали 	
духи	духи́	составлял 	
духи	духи́	это же были мои 	
духов	ду́хов		 вовсе
духов	ду́хов		 воды
духов	ду́хов		 воздуха
духов	ду́хов		 вызывал
духов	ду́хов		 земли
духов	ду́хов		 злобы
духов	ду́хов		 и ангелов
духов	ду́хов		 и привидений
духов	ду́хов		 кольца
духов	ду́хов		 моря
духов	ду́хов		 не существует
духов	ду́хов		 некроморфов
духов	ду́хов		 перебили
духов	ду́хов		 помощников
духов	ду́хов		 связных
духов	ду́хов		 тибетской мифологии
духов	ду́хов		 хранителей
духов	ду́хов		 эфира
духов	ду́хов	бесплотных 	
духов	ду́хов	вызываете 	
духов	ду́хов	вызывали 	
духов	ду́хов	вызывания 	
духов	ду́хов	город 	
духов	ду́хов	двух 	
духов	ду́хов	добрых 	
духов	ду́хов	дозоры 	
духов	ду́хов	злых 	
духов	ду́хов	молит всех 	
духов	ду́хов	перстень 	
духов	ду́хов	пленных 	
духов	ду́хов	помощь 	
духов	ду́хов	природных 	
духов	ду́хов	просит всех 	
духов	ду́хов	свидетелей 	
духов	духо́в		 и земляничного мыла
духов	духо́в	аромат 	
духов	духо́в	аромата 	
духов	духо́в	ароматов 	
духов	духо́в	ароматом 	
духов	духо́в	ароматы 	
духов	духо́в	дозы 	
духов	духо́в	дорогих 	
духов	духо́в	драгоценных 	
духов	духо́в	его 	
духов	духо́в	запах 	
духов	духо́в	запах плохих 	
духов	духо́в	запахами 	
духов	духо́в	запахе 	
духов	духо́в	запахи 	
духов	духо́в	запахом 	
духов	духо́в	запаху 	
духов	духо́в	красивых 	
духов	духо́в	лучших 	
духов	духо́в	лучших в мире 	
духов	духо́в	не только 	
духов	духо́в	незнакомых 	
духов	духо́в	облако 	
духов	духо́в	остатки 	
духов	духо́в	пикантных 	
духов	духо́в	покупки 	
духов	духо́в	пользовалась вместо 	
духов	духо́в	приторных 	
духов	духо́в	резких 	
духов	духо́в	сезоне 	
духов	духо́в	твоих 	
духов	духо́в	употребление 	
духов	духо́в	употребления 	
духов	духо́в	флакон 	
духов	духо́в	флакона 	
духов	духо́в	флакончик 	
духов	духо́в	флакончика 	
духов	духо́в	флакончике 	
духов	духо́в	флакончики 	
духов	духо́в	флакончиком 	
духов	духо́в	флакончику 	
духов	духо́в	французских 	
духов	духо́в	чужих 	
духов	духо́в	эльфийских 	
душа	ду́ша		 и плотного завтрака
душа	ду́ша		 и санузла
душа	ду́ша		 он не признавал
душа	ду́ша		 у приятелей
душа	ду́ша	без 	
душа	ду́ша	брызги 	
душа	ду́ша	ванн! и 	 тоже!
душа	ду́ша	ванной или 	
душа	ду́ша	влажный после 	
душа	ду́ша	горячего 	
душа	ду́ша	два 	
душа	ду́ша	дверей 	
душа	ду́ша	двинулся в сторону 	
душа	ду́ша	для 	
душа	ду́ша	до 	
душа	ду́ша	занавес 	
душа	ду́ша	из 	
душа	ду́ша	из под 	
душа	ду́ша	ихнего 	
душа	ду́ша	кабина вроде 	
душа	ду́ша	кабинке 	
душа	ду́ша	контрастного 	
душа	ду́ша	ледяного 	
душа	ду́ша	моего 	
душа	ду́ша	нашего 	
душа	ду́ша	неимением 	
душа	ду́ша	но 	 у приятелей
душа	ду́ша	огненного 	
душа	ду́ша	около 	
душа	ду́ша	от 	
душа	ду́ша	под 	
душа	ду́ша	подобием 	
душа	ду́ша	полу 	
душа	ду́ша	после 	
душа	ду́ша	после 	 полезно
душа	ду́ша	принятия 	
душа	ду́ша	разминки и 	
душа	ду́ша	ржавого 	
душа	ду́ша	с 	
душа	ду́ша	своего 	
душа	ду́ша	струями 	
душа	ду́ша	твоего 	
душа	ду́ша	три 	
душа	ду́ша	у его 	
душа	ду́ша	хватает 	
душа	ду́ша	холодного 	
душа	ду́ша	чьего та 	
душа	ду́ша	шум 	
душа	ду́ша	этого 	
душа	ду́ша	эффект 	
душа	душа́		 - это
душа	душа́		 будет
душа	душа́		 в душу
душа	душа́		 в пятки
душа	душа́		 ваша
душа	душа́		 воина
душа	душа́		 гарри
душа	душа́		 горит
душа	душа́		 города
душа	душа́		 дорога
душа	душа́		 его
душа	душа́		 живая
душа	душа́		 и воля
душа	душа́		 и разум
душа	душа́		 и сердце
душа	душа́		 и тело
душа	душа́		 из тела
душа	душа́		 исчезает
душа	душа́		 к душе
душа	душа́		 каждого
душа	душа́		 моя
душа	душа́		 нежная
душа	душа́		 отдыхает
душа	душа́		 отчаянно
душа	душа́		 пела
душа	душа́		 позвала
душа	душа́		 пребывала
душа	душа́		 просит
душа	душа́		 радуется
душа	душа́		 рвалась
душа	душа́		 россии
душа	душа́		 то
душа	душа́		 тоъ
душа	душа́		 у
душа	душа́		 умершего
душа	душа́	а 	 бесполезным
душа	душа́	благородная 	
душа	душа́	ваша 	
душа	душа́	вынесет 	
душа	душа́	добрая 	
душа	душа́	дух и 	
душа	душа́	его 	
душа	душа́	есть 	
душа	душа́	женская 	
душа	душа́	живая 	
душа	душа́	жила 	 в душу
душа	душа́	загубленная 	
душа	душа́	как 	
душа	душа́	книжная 	
душа	душа́	лежала 	
душа	душа́	меня 	
душа	душа́	металась 	
душа	душа́	моя 	
душа	душа́	наша 	
душа	душа́	неприкаянная 	
душа	душа́	неугомонная 	
душа	душа́	парус и 	
душа	душа́	понеслась 	
душа	душа́	потемнела 	
душа	душа́	простая 	
душа	душа́	прямая 	
душа	душа́	своя 	
душа	душа́	святая 	
душа	душа́	сознательна 	
душа	душа́	твоя 	
душа	душа́	тело и 	
душа	душа́	техническая 	 села
душа	душа́	у каждого - 	
душа	душа́	чернильная 	
душа	душа́	чует 	
душе	ду́ше		 валяться
душе	ду́ше	был в 	
душе	ду́ше	была в 	
душе	ду́ше	в 	 воду
душе	ду́ше	в 	 помылись
душе	ду́ше	в 	 совершенно голая
душе	ду́ше	в одном 	
душе	ду́ше	вода в 	
душе	ду́ше	воду в 	
душе	ду́ше	воды в 	
душе	ду́ше	вымылись в 	
душе	ду́ше	горячем 	
душе	ду́ше	женщине в 	
душе	ду́ше	купаются в 	
душе	ду́ше	летнем 	
душе	ду́ше	моется в 	
душе	ду́ше	моюсь в 	
душе	ду́ше	мылись вместе в 	
душе	ду́ше	мыться в 	
душе	ду́ше	найденную в 	
душе	ду́ше	напор в 	
душе	ду́ше	оказались в 	
душе	ду́ше	отмыть свою мордашку в 	
душе	ду́ше	отмыть свою руку в 	
душе	ду́ше	отмыть свою спину в 	
душе	ду́ше	отмыть свою харю в 	
душе	ду́ше	плескалась в 	
душе	ду́ше	плескался в 	
душе	ду́ше	помылся в 	
душе	ду́ше	примитивном 	
душе	ду́ше	сидел в 	
душе	ду́ше	скрылась в 	
душе	ду́ше	теплом 	
душе	ду́ше	флирт в 	
душе	ду́ше	холодном 	
душе	ду́ше	шампуня в 	
душе	ду́ше	я сейчас в 	
душе	душе́		 твоей
душе	душе́		 то
душе	душе́		 тоъ
душе	душе́		 угодно
душе	душе́		 этого
душе	душе́	бабушкиной 	
душе	душе́	бело в 	
душе	душе́	было на 	
душе	душе́	в 	 поздравлял
душе	душе́	в 	 посмеялся
душе	душе́	в 	 учителя
душе	душе́	в вашей 	
душе	душе́	в своей 	
душе	душе́	в чьей 	
душе	душе́	вашей 	
душе	душе́	вызывало в 	
душе	душе́	грешной 	
душе	душе́	групповой 	
душе	душе́	гуляй 	
душе	душе́	душа к 	
душе	душе́	его 	
душе	душе́	живой 	
душе	душе́	заблудшей 	
душе	душе́	заплутавшей 	
душе	душе́	каждой 	
душе	душе́	кому то на 	
душе	душе́	кому тоъ на 	
душе	душе́	молиться о 	
душе	душе́	на 	
душе	душе́	на 	 покой
душе	душе́	на 	 станет
душе	душе́	по 	
душе	душе́	погубленной 	
душе	душе́	поможет 	
душе	душе́	своей 	
душе	душе́	сколько 	
душе	душе́	собственной 	
душе	душе́	средневековой 	
душе	душе́	твоей 	
душе	душе́	человеческой 	
души	ду́ши		 апостолов
души	ду́ши		 бы продали
души	ду́ши		 были
души	ду́ши		 ваши
души	ду́ши		 всех
души	ду́ши		 грешные
души	ду́ши		 грешных
души	ду́ши		 губили
души	ду́ши		 давно по
души	ду́ши		 должны
души	ду́ши		 жильцов
души	ду́ши		 здесь есть
души	ду́ши		 и воскрешение
души	ду́ши		 и сердца
души	ду́ши		 и ум
души	ду́ши		 их
души	ду́ши		 людей
души	ду́ши		 младенца
души	ду́ши		 многих
души	ду́ши		 наполнены
души	ду́ши		 наши
души	ду́ши		 перевозить
души	ду́ши		 перестали
души	ду́ши		 погибших
души	ду́ши		 погубим
души	ду́ши		 помягчели
души	ду́ши		 почтенных
души	ду́ши		 праведников
души	ду́ши		 разделились
души	ду́ши		 русских ребят
души	ду́ши		 русских солдат
души	ду́ши		 сами
души	ду́ши		 света
души	ду́ши		 святых
души	ду́ши		 скупает
души	ду́ши		 сцепились
души	ду́ши		 сцепляются
души	ду́ши		 торопятся
души	ду́ши		 у этих
души	ду́ши		 убиенных
души	ду́ши		 убитых
души	ду́ши		 убогих
души	ду́ши		 умерших
души	ду́ши		 упокой
души	ду́ши		 усопших
души	ду́ши		 учеников
души	ду́ши		 ушедших предков
души	ду́ши		 христианские
души	ду́ши		 человеческие
души	ду́ши	а не 	
души	ду́ши	бессмертные 	
души	ду́ши	богу 	
души	ду́ши	в 	
души	ду́ши	в их 	
души	ду́ши	в уме 	
души	ду́ши	ваши 	
души	ду́ши	вдоль 	
души	ду́ши	вечные 	
души	ду́ши	видели 	
души	ду́ши	вложила в вас 	
души	ду́ши	внеземные 	
души	ду́ши	вокруг вас 	
души	ду́ши	воплощались ли 	
души	ду́ши	врачует 	
души	ду́ши	все 	
души	ду́ши	выжгло 	
души	ду́ши	вынимают 	
души	ду́ши	высокоразвитые 	
души	ду́ши	где 	
души	ду́ши	грешные 	
души	ду́ши	двум старикам 	
души	ду́ши	детские 	
души	ду́ши	другие 	
души	ду́ши	если 	
души	ду́ши	есть 	
души	ду́ши	есть ли там 	
души	ду́ши	живые 	
души	ду́ши	жизни как 	
души	ду́ши	за их 	
души	ду́ши	заблудшие 	
души	ду́ши	заставляющие 	
души	ду́ши	здесь 	
души	ду́ши	знания как 	
души	ду́ши	из них 	
души	ду́ши	иногда 	
души	ду́ши	исцеляет 	
души	ду́ши	исцеляет 	 и тела
души	ду́ши	их 	
души	ду́ши	их 	 в
души	ду́ши	их 	 волны
души	ду́ши	их 	 и тела
души	ду́ши	их 	 наполнены
души	ду́ши	их тела и 	
души	ду́ши	калечит 	
души	ду́ши	когда 	
души	ду́ши	куда 	
души	ду́ши	людские 	
души	ду́ши	могучие 	
души	ду́ши	мои 	
души	ду́ши	молодые 	
души	ду́ши	мясо и 	
души	ду́ши	начинающие 	
души	ду́ши	нашей жизни 	
души	ду́ши	наши 	
души	ду́ши	наши ли 	
души	ду́ши	не только 	
души	ду́ши	некоторые 	
души	ду́ши	но 	 эти
души	ду́ши	но и 	
души	ду́ши	но не 	
души	ду́ши	о 	
души	ду́ши	об 	
души	ду́ши	облучатели и 	
души	ду́ши	обрели 	
души	ду́ши	обретшие бессмертие 	
души	ду́ши	одежды и 	
души	ду́ши	оживляет 	
души	ду́ши	окружающие 	
души	ду́ши	освобождает 	
души	ду́ши	ответственны ли 	
души	ду́ши	отпустили 	
души	ду́ши	отпустит 	 тех
души	ду́ши	отходили 	
души	ду́ши	павшие в этих битвах 	
души	ду́ши	перевозя 	
души	ду́ши	плотские 	
души	ду́ши	по их 	
души	ду́ши	побуждает 	
души	ду́ши	побуждать 	
души	ду́ши	под 	
души	ду́ши	пожирать 	
души	ду́ши	покажи 	
души	ду́ши	полагайте 	
души	ду́ши	попали 	
души	ду́ши	порабощающей 	
души	ду́ши	поскольку 	
души	ду́ши	послать 	
души	ду́ши	почему 	
души	ду́ши	праведные 	
души	ду́ши	прежние 	
души	ду́ши	презирает 	
души	ду́ши	привлекаю 	
души	ду́ши	продают 	
души	ду́ши	просвещаеши 	
души	ду́ши	просвещаю 	
души	ду́ши	простые 	
души	ду́ши	развитые 	
души	ду́ши	разные 	
души	ду́ши	родственные 	
души	ду́ши	сами 	
души	ду́ши	светлые 	
души	ду́ши	свои 	
души	ду́ши	сквозь 	
души	ду́ши	скупает 	
души	ду́ши	слабые 	
души	ду́ши	смущавших 	
души	ду́ши	собственные 	
души	ду́ши	солдатские 	
души	ду́ши	соседние 	
души	ду́ши	спасайте 	
души	ду́ши	спасайте 	 ваши
души	ду́ши	спасите 	 наши
души	ду́ши	старые 	
души	ду́ши	суеверные 	
души	ду́ши	твои 	
души	ду́ши	те 	
души	ду́ши	убери 	
души	ду́ши	увечит 	
души	ду́ши	умы и 	
души	ду́ши	устрашить 	
души	ду́ши	части в человеке - 	
души	ду́ши	часто 	
души	ду́ши	человеческие 	
души	ду́ши	чем 	
души	ду́ши	через 	
души	ду́ши	чистить 	
души	ду́ши	что 	
души	ду́ши	что как 	
души	ду́ши	чтобы 	
души	ду́ши	чужие 	
души	ду́ши	чьи 	
души	ду́ши	чьи нибудь 	
души	ду́ши	чьи та 	
души	ду́ши	чьи то 	
души	ду́ши	чьи тоъ 	
души	ду́ши	эти 	
души	ду́ши	это 	
души	души́		 в ней
души	души́		 в ней не чаял
души	души́		 в ней не чаяли
души	души́		 в нем
души	души́		 животного
души	души́		 и тела
души	души́		 или организма
души	души́		 моей
души	души́		 не чает
души	души́		 не чают
души	души́		 не чаял
души	души́		 не чаяли
души	души́		 нет
души	души́		 порывы
души	души́		 своей
души	души́	атом 	
души	души́	без 	
души	души́	безгрешной 	
души	души́	безжизненной 	
души	души́	беспокойной 	
души	души́	беспорочной 	
души	души́	бессмертие 	
души	души́	благородстве 	
души	души́	благородством 	
души	души́	благородству 	
души	души́	богатство 	
души	души́	борьба 	
души	души́	борьбу 	
души	души́	в глубине 	
души	души́	в ней 	
души	души́	в себе 	
души	души́	в селе ни 	
души	души́	в тайне 	
души	души́	вашей 	
души	души́	вверенной 	
души	души́	вдыхании 	
души	души́	величие 	
души	души́	величия 	
души	души́	вещественности 	
души	души́	взор 	
души	души́	вибрации 	
души	души́	вибрациях 	
души	души́	волению 	
души	души́	воплощения 	
души	души́	вопросом 	
души	души́	враг 	
души	души́	врата 	
души	души́	вратам 	
души	души́	всей 	
души	души́	вселение 	
души	души́	вселившейся 	
души	души́	выдвижение 	
души	души́	выпрямления 	
души	души́	выталкивание 	
души	души́	гармонии 	
души	души́	гармонии тела и 	
души	души́	гибели 	
души	души́	глади 	
души	души́	глазами 	
души	души́	глазом 	
души	души́	глубин 	
души	души́	глубинам 	
души	души́	глубинах 	
души	души́	глубине 	
души	души́	глубины 	
души	души́	глубины его 	
души	души́	глубочайшей ночью 	
души	души́	гномьей 	
души	души́	голодной 	
души	души́	грешной 	
души	души́	гробе 	
души	души́	групповой 	
души	души́	данной 	
души	души́	две 	
души	души́	две бесконечные 	
души	души́	двери 	
души	души́	движение 	
души	души́	движений 	
души	души́	движения 	
души	души́	движения его 	
души	души́	движениям 	
души	души́	движениях 	
души	души́	девичьей 	
души	души́	дерзость 	
души	души́	детской 	
души	души́	для 	
души	души́	для 	 и тела
души	души́	для тела и 	
души	души́	дне 	
души	души́	до глубины 	
души	души́	до самой глубины 	
души	души́	добрейшей 	
души	души́	доброй 	
души	души́	доверенной 	
души	души́	дорогу 	
души	души́	достичь 	
души	души́	его 	
души	души́	жажду 	
души	души́	жаром 	
души	души́	желаний 	
души	души́	женской 	
души	души́	живой 	
души	души́	животной 	
души	души́	жизни 	
души	души́	жизни их 	
души	души́	жизнь 	
души	души́	за упокой 	
души	души́	за упокой их 	
души	души́	заболевание 	
души	души́	задач 	
души	души́	замена 	
души	души́	замены 	
души	души́	зеркала 	
души	души́	зеркало 	
души	души́	зеркалом 	
души	души́	зрелой 	
души	души́	из 	
души	души́	из глубины 	
души	души́	из самой глубины 	
души	души́	избавления 	
души	души́	излучение 	
души	души́	излучении 	
души	души́	излучений 	
души	души́	излучения 	
души	души́	излучениями 	
души	души́	измученной 	
души	души́	израненной 	
души	души́	инкарнации 	
души	души́	инкарнация 	
души	души́	искренней 	
души	души́	исповедь 	
души	души́	испуганной 	
души	души́	исстрадавшейся 	
души	души́	истерзанной 	
души	души́	история 	
души	души́	ищущей 	
души	души́	кавказской 	
души	души́	каждой 	
души	души́	касается 	
души	души́	качества 	
души	души́	качестве 	
души	души́	конкретной 	
души	души́	крик 	
души	души́	кроме 	
души	души́	кругом - ни живой 	
души	души́	культ 	
души	души́	кусок 	
души	души́	кусочек 	
души	души́	лабиринт его 	
души	души́	лицемеры 	
души	души́	мир 	
души	души́	моей 	
души	души́	мрак 	
души	души́	муками 	
души	души́	муки тела и 	
души	души́	мысли 	
души	души́	мятущейся 	
души	души́	наличия 	
души	души́	настроя 	
души	души́	нашей 	
души	души́	не 	
души	души́	не будет 	
души	души́	не было 	
души	души́	не было ни 	
души	души́	не имеют 	
души	души́	не имеющего 	
души	души́	недрах 	
души	души́	нежной 	
души	души́	нет 	
души	души́	ни 	
души	души́	новой 	
души	души́	носителем 	
души	души́	обе 	
души	души́	оболочка 	
души	души́	оболочки 	
души	души́	огонь 	
души	души́	одной 	
души	души́	одной лишь 	
души	души́	освобождения 	
души	души́	осколков 	
души	души́	основа 	
души	души́	от 	
души	души́	от 	 и сердца
души	души́	от всей 	
души	души́	от глубины 	
души	души́	от сердца и 	
души	души́	отделение 	
души	души́	отделения 	
души	души́	отзывчивой 	
души	души́	открытой 	
души	души́	отраду 	
души	души́	отражение 	
души	души́	отсутствии 	
души	души́	очерствевшей 	
души	души́	очищением 	
души	души́	очищении 	
души	души́	очнувшейся 	
души	души́	ощущении 	
души	души́	ощущения 	
души	души́	паруса 	
души	души́	переживаний 	
души	души́	переходе 	
души	души́	пища 	
души	души́	плен 	
души	души́	пленной 	
души	души́	по зову 	 и сердца
души	души́	побуждениям 	
души	души́	погибель 	
души	души́	подвалов 	
души	души́	подневольной 	
души	души́	позыв 	
души	души́	покров 	
души	души́	половина 	
души	души́	половинкой 	
души	души́	помин 	
души	души́	понятия 	
души	души́	попытка 	
души	души́	порабощения 	
души	души́	порыв 	
души	души́	порывом 	
души	души́	порыву 	
души	души́	порывы 	
души	души́	постоянной 	
души	души́	потребность 	
души	души́	потребностями 	
души	души́	преклоняющейся 	
души	души́	пробуждение 	
души	души́	пропой 	
души	души́	простертию 	 горе
души	души́	простоте 	
души	души́	против 	
души	души́	против тела или 	
души	души́	процессах 	
души	души́	прочерствевшей 	
души	души́	путешествие 	
души	души́	путь 	
души	души́	пылающей 	
души	души́	рабство 	
души	души́	развитию 	
души	души́	разрушения 	
души	души́	разума и 	
души	души́	раковину 	
души	души́	распахнутой 	
души	души́	расставания 	
души	души́	реинкарнирующей 	
души	души́	решение 	
души	души́	родной 	
души	души́	роду 	
души	души́	русской 	
души	души́	рыцарской 	
души	души́	с 	
души	души́	самоконцентрированию 	
души	души́	самостоятельной 	
души	души́	свет 	
души	души́	своей 	
души	души́	свойства 	
души	души́	свойстве 	
души	души́	свойством 	
души	души́	связыванием 	
души	души́	силами 	
души	души́	скрытой под ней 	
души	души́	слабости 	
души	души́	смешной 	
души	души́	смятение 	
души	души́	собственной 	
души	души́	совести и 	
души	души́	сопровождения 	
души	души́	состояние 	
души	души́	состояние 	 в
души	души́	состоянием 	
души	души́	состоянии 	
души	души́	состоянию 	
души	души́	состояния 	
души	души́	сохранению 	
души	души́	сохранения 	
души	души́	спасению 	
души	души́	спасения 	
души	души́	страдание 	 или тела
души	души́	страдающей 	
души	души́	странствии 	
души	души́	струны 	
души	души́	струны его 	
души	души́	струны их 	
души	души́	сумерками 	
души	души́	сути, 	
души	души́	существование 	
души	души́	сцепление 	
души	души́	тайникам его 	
души	души́	тайники 	
души	души́	такой 	
души	души́	твоей 	
души	души́	тела 	
души	души́	тела и 	
души	души́	той 	
души	души́	трель 	
души	души́	трепыхание 	
души	души́	трепыхания 	
души	души́	три 	
души	души́	у 	
души	души́	уголка 	
души	души́	уголке 	
души	души́	уже даже 	
души	души́	ум 	
души	души́	умения и 	
души	души́	умной 	
души	души́	уровня 	
души	души́	уродование 	
души	души́	усталой 	
души	души́	фибрами 	
души	души́	форма 	
души	души́	формой 	
души	души́	форму 	
души	души́	хранитель 	
души	души́	хулиганской 	
души	души́	целителем 	
души	души́	целитель 	
души	души́	части 	
души	души́	частицу их 	
души	души́	частичка 	
души	души́	часть 	
души	души́	человеческой 	
души	души́	чистой 	
души	души́	чистоте 	
души	души́	чистоту 	
души	души́	чувствительной 	
души	души́	чужой 	
души	души́	чуть чуть 	
души	души́	шевеления 	
души	души́	щедрой 	
души	души́	щедрот 	
души	души́	эго 	
души	души́	энтропию 	
души	души́	этой 	
души	души́	юной 	
души	души́	ясности 	
душка	ду́шка	вы просто 	
душка	ду́шка	он просто 	
душка	ду́шка	она просто 	
душка	ду́шка	ты 	
душка	ду́шка	ты просто 	
душка	душка́	вы просто 	 не
душка	душка́	он просто 	 не
душка	душка́	она просто 	 не
душка	душка́	ты просто 	 не
дымка	ды́мка		 превратилась
дымка	дымка́	единого 	
дымка	дымка́	одного 	
дымка	дымка́	сизого 	
дымки	ды́мки	до самой 	
дымки	дымки́		 впереди
дымки	дымки́		 из
дымки	дымки́		 костров
дымки	дымки́		 очагов
дымки	дымки́		 походных
дымки	дымки́		 сигарет
дымки	дымки́	взвивались 	
дымки	дымки́	виднелись 	
дымки	дымки́	вспухают 	
дымки	дымки́	вьющиеся 	
дымки	дымки́	курились 	
дымки	дымки́	курятся 	
дымки	дымки́	многочисленные 	
дымки	дымки́	над домами 	
дымки	дымки́	печные 	
дымки	дымки́	пороховые 	
дымки	дымки́	потянулись 	
дымки	дымки́	появляться 	
дымки	дымки́	сизые 	
дымку	ды́мку		 леса
дымку	ды́мку		 моря
дымку	ды́мку	голубоватую 	
дымку	ды́мку	рассветную 	
дымку	ды́мку	сквозь 	
дымку	дымку́	по 	
дыму	ды́му	к небесам 	
дыму	ды́му	по 	
дыму	дыму́	белом 	
дыму	дыму́	в 	
дыму	дыму́	вьющемся 	
дыму	дыму́	густом 	
дыму	дыму́	едком 	
дыму	дыму́	колеблющемся 	
дыму	дыму́	пару и 	
дыму	дыму́	плотном 	
дыму	дыму́	пушечном 	
дыму	дыму́	этом 	
дыры	ды́ры		 в двери
дыры	ды́ры		 входы
дыры	ды́ры		 есть
дыры	ды́ры		 кое где
дыры	ды́ры		 от болтов
дыры	ды́ры		 от бронебойных
дыры	ды́ры		 проделайте
дыры	ды́ры		 сектора
дыры	ды́ры	белые 	
дыры	ды́ры	в 	
дыры	ды́ры	все 	
дыры	ды́ры	заборе - 	
дыры	ды́ры	затыкать 	
дыры	ды́ры	зашить 	
дыры	ды́ры	именно 	
дыры	ды́ры	круглые 	
дыры	ды́ры	нами 	
дыры	ды́ры	окровавленные 	
дыры	ды́ры	получились 	
дыры	ды́ры	появляются 	
дыры	ды́ры	рваные 	
дыры	ды́ры	ребра и 	
дыры	ды́ры	такие же 	
дыры	ды́ры	через 	
дыры	ды́ры	что 	 эти
дыры	ды́ры	щели и 	
дыры	ды́ры	эти 	
дыры	дыры́		 в щеке уже не
дыры	дыры́		 размером с
дыры	дыры́		 там не было
дыры	дыры́	бездне 	
дыры	дыры́	вдоль края 	
дыры	дыры́	вокруг 	
дыры	дыры́	две 	
дыры	дыры́	две рваные 	
дыры	дыры́	из 	
дыры	дыры́	из за 	
дыры	дыры́	квадратной 	
дыры	дыры́	край 	
дыры	дыры́	края 	
дыры	дыры́	мимо 	
дыры	дыры́	неровной 	
дыры	дыры́	озоновой 	
дыры	дыры́	около 	
дыры	дыры́	от 	
дыры	дыры́	по краю 	
дыры	дыры́	подземной 	
дыры	дыры́	поисках 	
дыры	дыры́	признаков 	
дыры	дыры́	размерам 	
дыры	дыры́	рваной 	
дыры	дыры́	три 	
дыры	дыры́	у 	
дыры	дыры́	у края 	
дыры	дыры́	четыре 	
дыры	дыры́	этой 	
дышите	ды́шите		 вы
дышите	ды́шите		 только потому
дышите	ды́шите	вы 	
дышите	ды́шите	которым 	
дышите	ды́шите	неровно 	
дышите	ды́шите	тут 	
дышите	дыши́те		 полно
егеря	е́геря	внимание 	
егеря	е́геря	главного 	
егеря	е́геря	два 	
егеря	е́геря	домик 	
егеря	е́геря	домике 	
егеря	е́геря	завалящего 	
егеря	е́геря	заклятие 	
егеря	е́геря	лучшего 	
егеря	е́геря	люди убили 	
егеря	е́геря	на 	
егеря	е́геря	нога 	
егеря	е́геря	оставив 	
егеря	е́геря	офицера 	
егеря	е́геря	перепугавший 	
егеря	е́геря	полесского 	
егеря	е́геря	речь 	
егеря	е́геря	ружье 	
егеря	е́геря	рука 	
егеря	е́геря	руки 	
егеря	е́геря	самово 	
егеря	е́геря	самого 	
егеря	е́геря	сержанта 	
егеря	е́геря	снайпера 	
егеря	е́геря	спятившего 	
егеря	е́геря	столб 	
егеря	е́геря	таланту 	
егеря	е́геря	уцелевшего 	
егеря	е́геря	четыре 	
егеря	егеря́		 - это
егеря	егеря́		 и батарея
егеря	егеря́		 и слуги
егеря	егеря́		 пошли
егеря	егеря́		 убили не больше
егеря	егеря́	в 	 берут
егеря	егеря́	вампиры и 	
егеря	егеря́	горе 	
егеря	егеря́	есть 	
егеря	егеря́	северные 	
егеря	егеря́	спецназ и 	
егеря	егеря́	фрицы 	
еду	е́ду		 без них
еду	е́ду		 дальше,
еду	е́ду		 дивизию формировать
еду	е́ду		 домой
еду	е́ду		 за распределением
еду	е́ду		 к
еду	е́ду		 мимо
еду	е́ду		 молча
еду	е́ду		 на запад
еду	е́ду		 навестить
еду	е́ду		 не сейчас
еду	е́ду		 позади
еду	е́ду		 пока и [homo] еду [/homo]
еду	е́ду		 с вами
еду	е́ду		 с трепетом
еду	е́ду		 туда
еду	е́ду		 через
еду	е́ду		 я [homo] еду [/homo]
еду	е́ду	домой 	
еду	е́ду	забрал деньги, 	
еду	е́ду	завтра 	
еду	е́ду	из шантарска 	
еду	е́ду	какой раз 	
еду	е́ду	котором 	
еду	е́ду	которыми 	
еду	е́ду	куда 	
еду	е́ду	куда нибудь 	
еду	е́ду	них 	 искать
еду	е́ду	потихоньку 	
еду	е́ду	прямо сейчас 	
еду	е́ду	с вами 	
еду	е́ду	слишком быстро 	
еду	е́ду	спокойно 	
еду	е́ду	туда ли 	
еду	е́ду	уже 	
еду	е́ду	что 	 домой
еду	е́ду	я 	
еду	е́ду	я 	 домой
еду	е́ду	я 	 к
еду	е́ду	я 	 к морю
еду	е́ду	я не 	
еду	е́ду	я немедля 	 с
еду	еду́		 и питье
еду	еду́		 из холодильника
еду	еду́		 ко рту
еду	еду́		 надо
еду	еду́		 обещает
еду	еду́		 по тарелкам
еду	еду́		 приготовить
еду	еду́		 со всеми,
еду	еду́		 сразу разложил
еду	еду́		 сэкономить
еду	еду́		 хорошую
еду	еду́		 экономить
еду	еду́	бегающую 	
еду	еду́	вкусную 	
еду	еду́	выбирать 	
еду	еду́	горячую 	
еду	еду́	готовить 	
еду	еду́	готовить для вас 	
еду	еду́	добывать 	
еду	еду́	ей 	
еду	еду́	ему 	
еду	еду́	за ту 	
еду	еду́	им 	
еду	еду́	ищу 	
еду	еду́	наложил 	
еду	еду́	наложила 	
еду	еду́	наложить 	
еду	еду́	отнимая у них силой 	
еду	еду́	пищу или 	
еду	еду́	поглощаю 	
еду	еду́	поискать 	
еду	еду́	поменять 	
еду	еду́	приготовить 	
еду	еду́	развешто 	 поискать
еду	еду́	разносившей 	
еду	еду́	себе 	
еду	еду́	создающими 	
еду	еду́	таскать 	
еду	еду́	твою 	
еду	еду́	у них 	
еду	еду́	эту 	
елей	е́лей		 и лиственниц
елей	е́лей		 и сосен
елей	е́лей	верхушками 	
елей	е́лей	вершинам 	
елей	е́лей	ветви 	
елей	е́лей	высоких 	
елей	е́лей	живописных 	
елей	е́лей	заснеженных 	
елей	е́лей	лапы 	
елей	е́лей	мозаике 	
елей	е́лей	молодых 	
елей	е́лей	окружающих 	
елей	е́лей	пирамиды 	
елей	е́лей	посадки 	
елей	е́лей	преобладанием 	
елей	е́лей	скопище 	
елей	е́лей	среди 	
елей	еле́й	сладостный 	
жара	жа́ра		 больше
жара	жа́ра		 искры
жара	жа́ра		 нет
жара	жа́ра		 от
жара	жа́ра		 от такого
жара	жа́ра		 у него не было
жара	жа́ра	агонии 	
жара	жа́ра	вместо 	
жара	жа́ра	внутреннего 	
жара	жа́ра	волна 	
жара	жа́ра	волной 	
жара	жа́ра	волну 	
жара	жа́ра	волны 	
жара	жа́ра	восходящего 	
жара	жа́ра	выдержала 	
жара	жа́ра	до 	
жара	жа́ра	добавляя лишь 	
жара	жа́ра	достаточно 	
жара	жа́ра	духоты и 	
жара	жа́ра	дыма и 	
жара	жа́ра	жуткого 	
жара	жа́ра	искр и 	
жара	жа́ра	колющего 	
жара	жа́ра	кроме 	
жара	жа́ра	моего 	
жара	жа́ра	нависла 	
жара	жа́ра	накопленного 	
жара	жа́ра	нахлынувшего 	
жара	жа́ра	не было 	
жара	жа́ра	не чувствуя 	
жара	жа́ра	неведомого мне 	
жара	жа́ра	невыносимого 	
жара	жа́ра	нестерпимого 	
жара	жа́ра	никакого 	
жара	жа́ра	огня и 	
жара	жа́ра	однако 	
жара	жа́ра	опаляющего 	
жара	жа́ра	от 	
жара	жа́ра	ощутил 	
жара	жа́ра	поддававшие 	
жара	жа́ра	после 	
жара	жа́ра	после 	 котельной
жара	жа́ра	потоками 	
жара	жа́ра	почувствовал 	
жара	жа́ра	почувствовала 	
жара	жа́ра	почувствовали 	
жара	жа́ра	прилив 	
жара	жа́ра	сильного 	
жара	жа́ра	слабого 	
жара	жа́ра	солнечного 	
жара	жа́ра	стена 	
жара	жа́ра	страшного 	
жара	жа́ра	сухого 	
жара	жа́ра	такого 	
жара	жа́ра	того 	
жара	жа́ра	часть 	
жара	жа́ра	чувствовал 	
жара	жа́ра	чувствовала 	
жара	жа́ра	чувствуя 	
жара	жара́		 была
жара	жара́		 и высокая влажность
жара	жара́		 и не думала
жара	жара́		 и пыль
жара	жара́		 и стрела
жара	жара́		 и толпа
жара	жара́		 казалась
жара	жара́		 как раз спала
жара	жара́		 какая стоит
жара	жара́		 настанет
жара	жара́		 невыносимая
жара	жара́		 почти не спала
жара	жара́		 продержится
жара	жара́		 сводила
жара	жара́		 сменялась
жара	жара́		 спала
жара	жара́		 становилась
жара	жара́		 стоит
жара	жара́		 стояла
жара	жара́		 такая
жара	жара́		 уже спала
жара	жара́	влажность и 	
жара	жара́	гнетущая 	
жара	жара́	летняя 	
жара	жара́	наступила 	
жара	жара́	наступит 	
жара	жара́	невыносимая 	
жара	жара́	нестерпимая 	
жара	жара́	ну и 	
жара	жара́	ох и 	
жара	жара́	полуденная 	
жара	жара́	привела его в чувство 	
жара	жара́	разморила 	
жара	жара́	сильная 	
жара	жара́	стояла 	
жара	жара́	сушь да 	
жара	жара́	такая 	
жара	жара́	такая 	 стоит
жара	жара́	там 	
жара	жара́	утомление и 	
жара	жара́	шум и 	
жаре	жа́ре		 пламени
жаре	жа́ре	калильном 	
жаре	жа́ре	опаляющем 	
жаре	жаре́	адской 	
жаре	жаре́	к 	
жаре	жаре́	лежит на 	
жаре	жаре́	одуряющей 	
жаре	жаре́	полуденной 	
жаре	жаре́	такой 	
жаре	жаре́	тропической 	
жарким	жа́рким	более 	
жарким	жа́рким	под 	
жарким	жа́рким	с 	
жарким	жарки́м		 из
жарким	жарки́м	кастрюлю с 	
жаркого	жа́ркого		 места
жаркого	жа́ркого		 пути
жаркого	жа́ркого		 солнца
жаркого	жа́ркого	его 	
жаркого	жа́ркого	от 	
жаркого	жа́ркого	самого 	
жаркого	жарко́го		 из
жаркого	жарко́го		 мне и вина
жаркого	жарко́го		 с луком
жаркого	жарко́го		 сварганю
жаркого	жарко́го	борща и 	
жаркого	жарко́го	вдоль 	
жаркого	жарко́го	вина и 	
жаркого	жарко́го	вкусом 	
жаркого	жарко́го	вылавливая из 	
жаркого	жарко́го	гибели 	
жаркого	жарко́го	запах 	
жаркого	жарко́го	кусок 	
жаркого	жарко́го	мимо 	
жаркого	жарко́го	наличие 	
жаркого	жарко́го	остатки 	
жаркого	жарко́го	порции 	
жаркого	жарко́го	порций 	
жаркого	жарко́го	порцию 	
жаркого	жарко́го	свиного 	
жаркого	жарко́го	сосисок или 	
жаркое	жа́ркое		 время
жаркое	жа́ркое		 дело
жаркое	жа́ркое		 дыхание
жаркое	жа́ркое		 июньское
жаркое	жа́ркое		 лето
жаркое	жа́ркое		 небо
жаркое	жа́ркое		 оранжевое
жаркое	жа́ркое		 пламя
жаркое	жа́ркое		 солнце
жаркое	жа́ркое	время 	
жаркое	жа́ркое	прозрачное и 	
жаркое	жа́ркое	светило 	
жаркое	жа́ркое	слишком 	
жаркое	жа́ркое	такое 	
жаркое	жа́ркое	тесное и 	
жаркое	жарко́е		 без соли
жаркое	жарко́е		 готово
жаркое	жарко́е		 его
жаркое	жарко́е		 зарумянилось
жаркое	жарко́е		 из
жаркое	жарко́е		 из руки
жаркое	жарко́е		 на плите
жаркое	жарко́е		 оленя
жаркое	жарко́е		 это
жаркое	жарко́е	делать 	
жаркое	жарко́е	дня 	
жаркое	жарко́е	доел 	
жаркое	жарко́е	ел 	
жаркое	жарко́е	ели 	
жаркое	жарко́е	изумительное 	
жаркое	жарко́е	кабанье 	
жаркое	жарко́е	ковырял 	
жаркое	жарко́е	наше 	 скоро
жаркое	жарко́е	несут 	
жаркое	жарко́е	нурийское 	
жаркое	жарко́е	подали 	
жаркое	жарко́е	попасть в 	
жаркое	жарко́е	свежее 	
жаркое	жарко́е	телятиной и 	
жаркое	жарко́е	умяли 	
жаркое	жарко́е	уплетавшую 	
жарком	жа́рком		 воздухе
жарком	жа́рком		 огне
жарком	жа́рком		 поцелуе
жарком	жа́рком	очень 	
жарком	жа́рком	тряском и 	
жарком	жа́рком	убийственно 	
жаркому	жа́ркому		 светилу
жаркому	жарко́му	должное 	
жаркому	жарко́му	приступил к 	
жару	жа́ру		 давали
жару	жа́ру		 дать
жару	жа́ру		 маловато.
жару	жа́ру		 нету
жару	жа́ру		 побольше
жару	жа́ру		 поддают
жару	жа́ру	будет 	
жару	жа́ру	давал 	
жару	жа́ру	давали 	
жару	жа́ру	дадим им 	
жару	жа́ру	дай им 	
жару	жа́ру	дал 	
жару	жа́ру	дал им 	
жару	жа́ру	дали 	
жару	жа́ру	дали же нам 	
жару	жа́ру	даст 	
жару	жа́ру	дают 	
жару	жа́ру	добавить 	
жару	жа́ру	задавал 	
жару	жа́ру	задавала 	
жару	жа́ру	зададим 	
жару	жа́ру	зададим ей 	
жару	жа́ру	зададим ему 	
жару	жа́ру	зададим им 	
жару	жа́ру	зададите 	
жару	жа́ру	зададут 	
жару	жа́ру	задай им 	
жару	жа́ру	задал 	
жару	жа́ру	задал ей 	
жару	жа́ру	задал ему 	
жару	жа́ру	задал им 	
жару	жа́ру	задал мне 	
жару	жа́ру	задал нам 	
жару	жа́ру	задала 	
жару	жа́ру	задала мне 	
жару	жа́ру	задали 	
жару	жа́ру	задали вы 	
жару	жа́ру	задаст 	
жару	жа́ру	задаст ей 	
жару	жа́ру	задаст ему 	
жару	жа́ру	задаст им 	
жару	жа́ру	задаст нам 	
жару	жа́ру	к 	
жару	жа́ру	мне 	
жару	жа́ру	много 	
жару	жа́ру	немыслимому 	
жару	жа́ру	подбавить 	
жару	жа́ру	поддавал 	
жару	жа́ру	поддавать 	
жару	жа́ру	поддавая 	
жару	жа́ру	поддай 	
жару	жа́ру	поддала 	
жару	жа́ру	с 	
жару	жа́ру	с пылу 	
жару	жа́ру	такого 	
жару	жа́ру	ты им 	
жару	жару́		 невыносимой
жару	жару́		 сменял
жару	жару́	испепеляющую 	
жару	жару́	летнюю 	
жару	жару́	лютую 	
жару	жару́	на 	
жару	жару́	невыносимую 	
жару	жару́	несмотря на 	
жару	жару́	самую 	
жару	жару́	сильную 	
жару	жару́	такую 	
жару	жару́	текучую 	
жару	жару́	тропическую 	
жару	жару́	убийственную 	
жару	жару́	удушающую 	
жару	жару́	чрезвычайную 	
жару	жару́	чудовищную 	
жару	жару́	экваториальную 	
жару	жару́	эту 	
железа	желе́за		 наложит
железа	желе́за	вместо 	
железа	желе́за	вот 	 нет
железа	желе́за	горе 	
железа	желе́за	кусок 	
железа	желе́за	кусочек 	
железа	желе́за	кусочки 	
железа	желе́за	лязг 	
железа	желе́за	полоса 	
железа	желе́за	сколько 	
железа	желе́за	содержание 	
железа	желе́за	стекла и 	
железа	желе́за	углерода и 	
железа	желе́за	цвета 	
железа	желе́за	цены 	
железа	желе́за	часть 	
железа	железа́		 внутренней
железа	железа́		 работает
железа	железа́	поджелудочная 	
железа	железа́	предстательная 	
железа	железа́	щитовидная 	
железе	желе́зе	в 	
железе	желе́зе	о 	
железе	желе́зе	сверкающем 	
железе	желе́зе	холодном 	
железе	железе́	искусственной 	
железе	железе́	поджелудочной 	
железе	железе́	щитовидной 	
железу	желе́зу	гофрированному 	
железу	желе́зу	подобно 	
железу	железу́	поджелудочную 	
железу	железу́	щитовидную 	
жемчуга	же́мчуга	вместо 	
жемчуга	же́мчуга	добычи 	
жемчуга	же́мчуга	из 	
жемчуга	же́мчуга	ловцы 	
жемчуга	же́мчуга	мерцанию 	
жемчуга	же́мчуга	нитка 	
жемчуга	же́мчуга	нитке 	
жемчуга	же́мчуга	обилия 	
жемчуга	же́мчуга	там того 	
жемчуга	жемчуга́		 и камни
жемчуга	жемчуга́	где 	
жемчуга	жемчуга́	только 	 на берегу,
женитесь	же́нитесь	вы 	
женитесь	же́нитесь	вы на ней 	
женитесь	же́нитесь	вы обязательно 	
женитесь	же́нитесь	когда 	
женитесь	же́нитесь	когда вы 	
женитесь	же́нитесь	не 	
жены	жены́		 директора
жены	жены́		 мне тут не найти
жены	жены́		 своей
жены	жены́	а 	 и дома
жены	жены́	брат 	
жены	жены́	бывшей 	
жены	жены́	было 	
жены	жены́	вашей 	
жены	жены́	глаза 	
жены	жены́	детей и 	
жены	жены́	для его 	
жены	жены́	долги 	
жены	жены́	кроме 	 и сестры
жены	жены́	любимой 	
жены	жены́	любящей 	
жены	жены́	многострадальной 	
жены	жены́	молодой 	
жены	жены́	моложе его 	
жены	жены́	мужа и 	
жены	жены́	нему 	
жены	жены́	нет 	
жены	жены́	обе - 	
жены	жены́	органы 	
жены	жены́	от 	
жены	жены́	от его 	
жены	жены́	показания 	
жены	жены́	разгильдяйки 	
жены	жены́	реакцию 	
жены	жены́	ручищи 	
жены	жены́	с 	
жены	жены́	своей 	
жены	жены́	типа 	
жены	жены́	три 	
жены	жены́	у 	
жены	жё́ны		 бы за
жены	жё́ны		 ваши
жены	жё́ны		 воительницы
жены	жё́ны		 всегда помнят
жены	жё́ны		 гениев
жены	жё́ны		 действительно так относятся
жены	жё́ны		 должны
жены	жё́ны		 друг с другом
жены	жё́ны		 и дети
жены	жё́ны		 и любовницы
жены	жё́ны		 и мужья
жены	жё́ны		 и сестры тех
жены	жё́ны		 индийских
жены	жё́ны		 меньше ворчат
жены	жё́ны		 моложе
жены	жё́ны		 моряков
жены	жё́ны		 не умирали
жены	жё́ны		 охотников
жены	жё́ны		 про
жены	жё́ны		 с военными
жены	жё́ны		 с лицами
жены	жё́ны		 у мужей
жены	жё́ны		 у них
жены	жё́ны		 узнают
жены	жё́ны		 это просто обожают
жены	жё́ны	а 	
жены	жё́ны	бедняжки 	
жены	жё́ны	будут 	
жены	жё́ны	были 	
жены	жё́ны	в 	
жены	жё́ны	ваши 	
жены	жё́ны	великолепные 	
жены	жё́ны	ворчливые 	
жены	жё́ны	все 	
жены	жё́ны	выползли 	
жены	жё́ны	девы и 	
жены	жё́ны	дети и 	
жены	жё́ны	есть 	
жены	жё́ны	законные 	
жены	жё́ны	их 	
жены	жё́ны	их подружки и 	
жены	жё́ны	любовницы и 	
жены	жё́ны	мамы, папы, 	
жены	жё́ны	миссионерские 	
жены	жё́ны	многие 	
жены	жё́ны	многие ли 	
жены	жё́ны	мои 	
жены	жё́ны	молодые 	
жены	жё́ны	наши 	
жены	жё́ны	неверные 	
жены	жё́ны	немногие 	
жены	жё́ны	немногие ли 	
жены	жё́ны	о 	
жены	жё́ны	офицерские 	
жены	жё́ны	ох, уж эти 	
жены	жё́ны	очаровательные 	
жены	жё́ны	подруги, 	
жены	жё́ны	полнотелые 	
жены	жё́ны	предупреждали нас 	
жены	жё́ны	прекрасные 	
жены	жё́ны	родственницы, 	
жены	жё́ны	таинственные 	
жены	жё́ны	твои 	
жены	жё́ны	тебя в 	
жены	жё́ны	у всех дома 	
жены	жё́ны	у нас 	
жены	жё́ны	у них 	
жены	жё́ны	хорошие 	
жены	жё́ны	это 	
жила	жи́ла		 была
жила	жи́ла		 маломощная
жила	жи́ла		 серебра
жила	жи́ла		 этого
жила	жи́ла	богатая 	
жила	жи́ла	есть 	
жила	жи́ла	золотая 	
жила	жи́ла	золотоносная 	
жила	жи́ла	серебряная 	
жила	жи́ла	тонкая 	
жила	жи́ла	эта 	
жила	жила́		 в
жила	жила́		 душа в душу
жила	жила́	в замке 	
жила	жила́	вечность 	
жила	жила́	долго 	
жила	жила́	как раз и 	
жила	жила́	которая 	
жила	жила́	она 	
жила	жила́	семья 	
жила	жила́	там 	
жилой	жи́лой	золотой 	
жилой	жило́й		 башней
жилой	жило́й		 блок
жилой	жило́й		 дом
жилой	жило́й		 единице
жилой	жило́й		 застройки
жилой	жило́й		 комнате
жилой	жило́й		 комнаты
жилой	жило́й		 комплекс
жилой	жило́й		 многоэтажки
жилой	жило́й		 палуб
жилой	жило́й		 палубе
жилой	жило́й		 палубой
жилой	жило́й		 палубы
жилой	жило́й		 площади
жилой	жило́й		 пузырь
жилой	жило́й		 район
жилой	жило́й		 сектор
жилой	жило́й		 секции
жилой	жило́й		 точки
жилой	жило́й		 уровень
жилой	жило́й	в 	
жилой	жило́й	ниже 	
жиру	жи́ру	с 	
жиру	жиру́	в 	
жучка	жучка́	аудиовидео 	
жучка	жучка́	поиски 	
жучка	жучка́	этого 	
жучки	жу́чки	без 	
жучки	жучки́	сидят 	
жучки	жучки́	спрятать 	
жучки	жучки́	установить 	
забегал	забе́гал		 вдоль
забегал	забе́гал		 вокруг
забегал	забе́гал		 кругами
забегал	забе́гал		 от меня
забегал	забе́гал		 по
забегал	забе́гал		 по кабинету
забегал	забе́гал	вновь 	
забегал	забе́гал	нервно 	
забегал	забега́л		 в
забегал	забега́л		 домой
забегал	забега́л		 к
забегал	забега́л		 каждый день
забегал	забега́л		 на минутку
забегал	забега́л		 на минуту
забегал	забега́л		 после
забегал	забега́л		 поцеловать
забегал	забега́л		 то с
забегал	забега́л		 тоъ с
забегал	забега́л	в мастерскую 	
забегал	забега́л	вообще 	
забегал	забега́л	временами 	
забегал	забега́л	время от времени 	
забегал	забега́л	иногда 	
забегал	забега́л	кто то 	
забегал	забега́л	кто тоъ 	
забегал	забега́л	не 	
забегал	забега́л	он 	 в
забегал	забега́л	то 	
забегал	забега́л	тоъ 	
забегала	забе́гала		 по
забегала	забега́ла		 к
забегала	забега́ла		 ко мне
забегала	забега́ла		 на
забегала	забега́ла		 оставить
забегала	забега́ла	время от времени 	
забегала	забега́ла	куда я 	
забегали	забе́гали		 глазки
забегали	забе́гали		 зрачки
забегали	забе́гали		 маленькие огоньки
забегали	забе́гали		 мурашки
забегали	забе́гали		 по клавишам
забегали	забе́гали		 с
забегали	забе́гали	быстро 	
забегали	забе́гали	в лагере 	
забегали	забе́гали	вокруг 	
забегали	забе́гали	выскочили и 	
забегали	забе́гали	глаза 	
забегали	забе́гали	глаза его 	
забегали	забе́гали	глазки 	
забегали	забе́гали	мурашки 	
забегали	забе́гали	мысли 	
забегали	забе́гали	по кораблю 	
забегали	забе́гали	руки 	
забегали	забега́ли		 после
забегали	забега́ли		 слуги
забегали	забега́ли	к нему 	
забегали	забега́ли	сюда 	
забегать	забега́ть		
забегать	забега́ть	будем 	
забегать	забега́ть	сюда 	
забегают	забега́ют		
забегу	забе́гу	к 	
забегу	забе́гу	к 	 за
забегу	забе́гу	по 	
забегу	забегу́		 за
забегу	забегу́		 к нему
забегу	забегу́		 на минутку
забегу	забегу́		 немного
забегу	забегу́		 по пути
заблудитесь	заблу́дитесь		 в
заблудитесь	заблу́дитесь	если 	
забрала	забра́ла	без 	
забрала	забра́ла	внутренней части 	
забрала	забра́ла	замка по ободу 	
забрала	забра́ла	замки 	
забрала	забра́ла	замков 	
забрала	забра́ла	крепкие 	
забрала	забра́ла	подобием 	
забрала	забра́ла	части 	
забрала	забра́ла	через 	
забрала	забра́ла	щели 	
забрала	забра́ла	щель 	
забрала	забрала́		
забрала	забрала́		 в
забрала	забрала́	о прошедшем периоде практики 	
забрала	забрала́	сумку я 	
завернут	заверну́т	они 	
завернут	завё́рнут		 в
завернут	завё́рнут	был 	
заводи	за́води	вдоль берега 	
заводи	за́води	дне 	
заводи	за́води	ей 	
заводи	за́води	загнивающие 	
заводи	за́води	из 	
заводи	за́води	к 	
заводи	за́води	к берегу 	
заводи	за́води	лунной 	
заводи	за́води	озера и 	
заводи	за́води	поверхность 	
заводи	заводи́		 двигатель
заводи	заводи́		 и давай
заводи	заводи́		 их
заводи	заводи́		 машину
заводи	заводи́		 мотор
заводи	заводи́		 ты
заводи	заводи́		 уже
заводи	заводи́		 шарманку
заводи	заводи́	его не 	
заводи	заводи́	не 	
заводи	заводи́	не 	 опять
заводи	заводи́	по машинам, 	
заводите	заво́дите		 знакомств
заводите	заво́дите	почему не 	
заводите	заво́дите	разговор 	
заводите	заводи́те		 свой агрегат
задвигал	задвига́л		 на
задвигалась	задви́галась	отмерла и 	
задвигалась	задви́галась	снова 	
задвигались	задви́гались		 бедра
задержите	заде́ржите	не 	
задержитесь	заде́ржитесь	вы 	
задержитесь	заде́ржитесь	если 	
задержитесь	заде́ржитесь	если вы 	
задержитесь	заде́ржитесь	коли 	
задержитесь	заде́ржитесь	не 	
задержитесь	заде́ржитесь	там 	
заду	за́ду	к 	
заду	за́ду	по 	
заду	за́ду	с 	
заду	заду́	в 	
заезжая	заезжа́я		 в
заезжая	заезжа́я		 во
заезжая	заезжа́я		 на
заем	заё́м		 у
заем	заё́м	вернуть 	
зажили	зажи́ли		
зажили	зажи́ли		 полноценной
зажили	зажи́ли	до сих пор не 	
зажили	зажи́ли	наконец та 	
зажило	зажи́ло		
займу	за́йму	к 	
займу	за́йму	по 	
займу	займу́		 вам обоим
займу	займу́		 у вас
займу	займу́	впредь не 	
закуси	за́куси	без 	
залом	за́лом	банкетным 	
залом	за́лом	над 	
залом	за́лом	обеденным 	
залом	за́лом	огромным 	
залом	за́лом	тронным 	
залом	зало́м		 и крик
залом	зало́м		 кисти
залом	зало́м		 руки
замах	зама́х	сделала 	
заменим	заме́ним		 на
замените	заме́ните	не 	
замер	за́мер	вихрь 	
замер	за́мер	вопрос 	
замер	за́мер	голос 	
замер	за́мер	испуганно 	
замер	за́мер	он 	
замер	за́мер	секунду 	
замер	заме́р	контрольный 	
заметен	заме́тен		 как
заметен	заме́тен		 на фоне
заметен	заме́тен		 след
заметен	заме́тен	более 	
заметен	заме́тен	менее 	
заметен	заме́тен	слишком 	
заметен	заме́тен	слишком 	 с
заметен	заме́тен	стал 	
заметен	заметё́н		 снегом
замка	за́мка		 амбрас
замка	за́мка		 графа
замка	за́мка		 дворца
замка	за́мка		 и города
замка	за́мка		 на горе
замка	за́мка		 птицы
замка	за́мка		 святого ангела
замка	за́мка	ворот 	
замка	за́мка	ворота 	
замка	за́мка	воротам 	
замка	за́мка	воротами 	
замка	за́мка	воротах 	
замка	за́мка	выехали из его 	
замка	за́мка	выше 	 на арджеше
замка	за́мка	города или 	
замка	за́мка	громады внутреннего 	
замка	за́мка	далеко от 	
замка	за́мка	дверей 	
замка	за́мка	двери 	
замка	за́мка	дверьми вашего 	
замка	за́мка	дверях 	
замка	за́мка	дворца 	
замка	за́мка	до 	
замка	за́мка	дорогой из 	
замка	за́мка	другом конце 	
замка	за́мка	звонок из 	
замка	за́мка	из 	 в замок
замка	за́мка	из 	 в сторону
замка	за́мка	из 	 на горе
замка	за́мка	из 	 послан
замка	за́мка	из за стены 	
замка	за́мка	к северу от 	
замка	за́мка	крыло 	
замка	за́мка	купола 	
замка	за́мка	на месте 	
замка	за́мка	нашего 	
замка	за́мка	ни 	
замка	за́мка	окна 	
замка	за́мка	от 	 далеко
замка	за́мка	от 	 к ватикану
замка	за́мка	от самого 	
замка	за́мка	отбыл из 	
замка	за́мка	по долине позади 	
замка	за́мка	подножию 	
замка	за́мка	развалин 	
замка	за́мка	сараях 	
замка	за́мка	северную сторону 	
замка	за́мка	со стороны 	
замка	за́мка	стенами 	
замка	за́мка	сторону 	
замка	за́мка	тюремного 	
замка	за́мка	увела из 	
замка	за́мка	увели из 	
замка	за́мка	упавшего 	
замка	за́мка	части 	
замка	за́мка	южную сторону 	
замка	замка́		 в двери
замка	замка́		 в этой двери
замка	замка́		 двери
замка	замка́		 на двери
замка	замка́		 по ободу забрала
замка	замка́	в двери 	 нет
замка	замка́	в ящике имелось два 	
замка	замка́	ведь кольца 	
замка	замка́	ворота без 	
замка	замка́	вывернутого с корнем 	
замка	замка́	выскользнул из под 	
замка	замка́	двери 	 не имелось
замка	замка́	дверь, которая 	 не имела
замка	замка́	кодом 	
замка	замка́	конструкция 	 в двери
замка	замка́	конструкция 	 на цепях
замка	замка́	крюк и три 	
замка	замка́	ни ручки, ни 	
замка	замка́	оба 	 закрыл
замка	замка́	оба 	 заперты
замка	замка́	отпираемого 	
замка	замка́	перенесено внутрь 	
замка	замка́	петли для 	
замка	замка́	самого 	
замка	замка́	щелчок открывающегося 	
замкам	замка́м		 не поверю
замкам	замка́м	врезным 	
замкам	замка́м	вставившая 	
замкам	замка́м	вставившая его 	
замкам	замка́м	вставившая ихним 	
замкам	замка́м	вставившая моим 	
замкам	замка́м	вставившая нашим 	
замкам	замка́м	вставившего 	
замкам	замка́м	вставившего его 	
замкам	замка́м	вставившего их 	
замкам	замка́м	вставившего ихним 	
замкам	замка́м	вставившего моим 	
замкам	замка́м	вставившего нашим 	
замкам	замка́м	вставившее 	
замкам	замка́м	вставившее его 	
замкам	замка́м	вставившее ихним 	
замкам	замка́м	вставившее моим 	
замкам	замка́м	вставившее нашим 	
замкам	замка́м	вставившей 	
замкам	замка́м	вставившей его 	
замкам	замка́м	вставившей ихним 	
замкам	замка́м	вставившей моим 	
замкам	замка́м	вставившей нашим 	
замкам	замка́м	вставившем 	
замкам	замка́м	вставившем его 	
замкам	замка́м	вставившем ихним 	
замкам	замка́м	вставившем моим 	
замкам	замка́м	вставившем нашим 	
замкам	замка́м	вставившему 	
замкам	замка́м	вставившему его 	
замкам	замка́м	вставившему их 	
замкам	замка́м	вставившему ихним 	
замкам	замка́м	вставившему моим 	
замкам	замка́м	вставившему нашим 	
замкам	замка́м	вставившею 	
замкам	замка́м	вставившею его 	
замкам	замка́м	вставившею ихним 	
замкам	замка́м	вставившею моим 	
замкам	замка́м	вставившею нашим 	
замкам	замка́м	вставившие 	
замкам	замка́м	вставившие его 	
замкам	замка́м	вставившие ихним 	
замкам	замка́м	вставившие моим 	
замкам	замка́м	вставившие нашим 	
замкам	замка́м	вставивший 	
замкам	замка́м	вставивший его 	
замкам	замка́м	вставивший ихним 	
замкам	замка́м	вставивший моим 	
замкам	замка́м	вставивший нашим 	
замкам	замка́м	вставившим 	
замкам	замка́м	вставившим его 	
замкам	замка́м	вставившим ихним 	
замкам	замка́м	вставившим моим 	
замкам	замка́м	вставившим нашим 	
замкам	замка́м	вставившими 	
замкам	замка́м	вставившими его 	
замкам	замка́м	вставившими их 	
замкам	замка́м	вставившими ихним 	
замкам	замка́м	вставившими моим 	
замкам	замка́м	вставившими нашим 	
замкам	замка́м	вставивших 	
замкам	замка́м	вставивших его 	
замкам	замка́м	вставивших ихним 	
замкам	замка́м	вставивших моим 	
замкам	замка́м	вставивших нашим 	
замкам	замка́м	вставившую 	
замкам	замка́м	вставившую его 	
замкам	замка́м	вставившую ихним 	
замкам	замка́м	вставившую моим 	
замкам	замка́м	вставившую нашим 	
замкам	замка́м	вставил 	
замкам	замка́м	вставил его 	
замкам	замка́м	вставил их 	
замкам	замка́м	вставил ихним 	
замкам	замка́м	вставил моим 	
замкам	замка́м	вставил нашим 	
замкам	замка́м	вставила 	
замкам	замка́м	вставила его 	
замкам	замка́м	вставила их 	
замкам	замка́м	вставила ихним 	
замкам	замка́м	вставила моим 	
замкам	замка́м	вставила нашим 	
замкам	замка́м	вставили 	
замкам	замка́м	вставили его 	
замкам	замка́м	вставили их 	
замкам	замка́м	вставили ихним 	
замкам	замка́м	вставили моим 	
замкам	замка́м	вставили нашим 	
замкам	замка́м	вставим 	
замкам	замка́м	вставим его 	
замкам	замка́м	вставим их 	
замкам	замка́м	вставим ихним 	
замкам	замка́м	вставим моим 	
замкам	замка́м	вставим нашим 	
замкам	замка́м	вставит 	
замкам	замка́м	вставит его 	
замкам	замка́м	вставит их 	
замкам	замка́м	вставит ихним 	
замкам	замка́м	вставит моим 	
замкам	замка́м	вставит нашим 	
замкам	замка́м	вставите 	
замкам	замка́м	вставите его 	
замкам	замка́м	вставите их 	
замкам	замка́м	вставите ихним 	
замкам	замка́м	вставите моим 	
замкам	замка́м	вставите нашим 	
замкам	замка́м	вставить 	
замкам	замка́м	вставить его 	
замкам	замка́м	вставить их 	
замкам	замка́м	вставить ихним 	
замкам	замка́м	вставить моим 	
замкам	замка́м	вставить нашим 	
замкам	замка́м	вставишь 	
замкам	замка́м	вставишь его 	
замкам	замка́м	вставишь их 	
замкам	замка́м	вставишь ихним 	
замкам	замка́м	вставишь моим 	
замкам	замка́м	вставишь нашим 	
замкам	замка́м	вставлю 	
замкам	замка́м	вставлю его 	
замкам	замка́м	вставлю их 	
замкам	замка́м	вставлю ихним 	
замкам	замка́м	вставлю моим 	
замкам	замка́м	вставлю нашим 	
замкам	замка́м	вставят 	
замкам	замка́м	вставят его 	
замкам	замка́м	вставят их 	
замкам	замка́м	вставят ихним 	
замкам	замка́м	вставят моим 	
замкам	замка́м	вставят нашим 	
замкам	замка́м	выламывавшая 	
замкам	замка́м	выламывавшая его 	
замкам	замка́м	выламывавшая их 	
замкам	замка́м	выламывавшая ихним 	
замкам	замка́м	выламывавшая моим 	
замкам	замка́м	выламывавшая нашим 	
замкам	замка́м	выламывавшего 	
замкам	замка́м	выламывавшего его 	
замкам	замка́м	выламывавшего их 	
замкам	замка́м	выламывавшего моим 	
замкам	замка́м	выламывавшее 	
замкам	замка́м	выламывавшее его 	
замкам	замка́м	выламывавшее их 	
замкам	замка́м	выламывавшее ихним 	
замкам	замка́м	выламывавшее моим 	
замкам	замка́м	выламывавшее нашим 	
замкам	замка́м	выламывавшей 	
замкам	замка́м	выламывавшей его 	
замкам	замка́м	выламывавшей их 	
замкам	замка́м	выламывавшей ихним 	
замкам	замка́м	выламывавшей моим 	
замкам	замка́м	выламывавшей нашим 	
замкам	замка́м	выламывавшем 	
замкам	замка́м	выламывавшем его 	
замкам	замка́м	выламывавшем их 	
замкам	замка́м	выламывавшем ихним 	
замкам	замка́м	выламывавшем моим 	
замкам	замка́м	выламывавшем нашим 	
замкам	замка́м	выламывавшему 	
замкам	замка́м	выламывавшему его 	
замкам	замка́м	выламывавшему их 	
замкам	замка́м	выламывавшему моим 	
замкам	замка́м	выламывавшею 	
замкам	замка́м	выламывавшею его 	
замкам	замка́м	выламывавшею их 	
замкам	замка́м	выламывавшею ихним 	
замкам	замка́м	выламывавшею моим 	
замкам	замка́м	выламывавшею нашим 	
замкам	замка́м	выламывавшие 	
замкам	замка́м	выламывавшие его 	
замкам	замка́м	выламывавшие их 	
замкам	замка́м	выламывавшие ихним 	
замкам	замка́м	выламывавшие моим 	
замкам	замка́м	выламывавшие нашим 	
замкам	замка́м	выламывавший 	
замкам	замка́м	выламывавший его 	
замкам	замка́м	выламывавший их 	
замкам	замка́м	выламывавший ихним 	
замкам	замка́м	выламывавший моим 	
замкам	замка́м	выламывавший нашим 	
замкам	замка́м	выламывавшим 	
замкам	замка́м	выламывавшим его 	
замкам	замка́м	выламывавшим их 	
замкам	замка́м	выламывавшим ихним 	
замкам	замка́м	выламывавшим моим 	
замкам	замка́м	выламывавшим нашим 	
замкам	замка́м	выламывавшими 	
замкам	замка́м	выламывавшими его 	
замкам	замка́м	выламывавшими их 	
замкам	замка́м	выламывавшими моим 	
замкам	замка́м	интеллектуальным 	
замкам	замка́м	по обычным 	
замкам	замка́м	потянулся к 	
замкам	замка́м	прошлись по 	
замками	замка́ми	врезными 	
замками	замка́ми	две цепи с 	
замками	замка́ми	двери 	
замками	замка́ми	занялся 	
замками	замка́ми	открывающимися 	
замками	замка́ми	под семью 	
замках	замка́х	ворота на 	
замках	замка́х	врезных 	
замке	за́мке		 графа
замке	за́мке		 острова
замке	за́мке	в 	 жила
замке	за́мке	в моем 	
замке	за́мке	в самом 	
замке	за́мке	ворота в 	
замке	замке́		 двери
замке	замке́		 что то хрупнуло
замке	замке́		 что тоъ хрупнуло
замке	замке́	а на 	 ли
замке	замке́	бункера на 	
замке	замке́	в 	 орудовал
замке	замке́	в 	 что то тихонько
замке	замке́	в 	 что тоъ тихонько
замке	замке́	ворота на 	
замке	замке́	врезном 	
замке	замке́	вставившая в моем 	
замке	замке́	вставившего в моем 	
замке	замке́	вставившее в моем 	
замке	замке́	вставившей в моем 	
замке	замке́	вставившем в моем 	
замке	замке́	вставившему в моем 	
замке	замке́	вставившею в моем 	
замке	замке́	вставившие в моем 	
замке	замке́	вставивший в моем 	
замке	замке́	вставившим в моем 	
замке	замке́	вставившими в моем 	
замке	замке́	вставивших в моем 	
замке	замке́	вставившую в моем 	
замке	замке́	вставила в моем 	
замке	замке́	вставили в моем 	
замке	замке́	вставим в моем 	
замке	замке́	вставит в моем 	
замке	замке́	вставите в моем 	
замке	замке́	вставить в моем 	
замке	замке́	вставишь в моем 	
замке	замке́	вставлю в моем 	
замке	замке́	вставят в моем 	
замке	замке́	выламывавшая в моем 	
замке	замке́	выламывавшее в моем 	
замке	замке́	выламывавшей в моем 	
замке	замке́	выламывавшем в моем 	
замке	замке́	выламывавшею в моем 	
замке	замке́	выламывавшие в моем 	
замке	замке́	выламывавший в моем 	
замке	замке́	выламывавшим в моем 	
замке	замке́	граница - на 	
замке	замке́	двери на 	
замке	замке́	дело не в 	
замке	замке́	пасти на 	
замке	замке́	пружинка в моем 	
замке	замке́	пружинку в моем 	
замке	замке́	рот на 	
замке	замке́	рты на 	
замке	замке́	способен забыть о 	
замке	замке́	торчащий в 	 с другой стороны
замке	замке́	уста на 	
замки	за́мки		 и города
замки	за́мки		 и дома
замки	за́мки		 и земли
замки	за́мки		 и крепости
замки	за́мки		 форты
замки	за́мки	города и 	
замки	за́мки	земли и 	
замки	за́мки	села и 	
замки	за́мки	стоят их 	
замки	замки́		 все изнутри
замки	замки́		 двери
замки	замки́		 забрала
замки	замки́		 и вскрывая сундуки
замки	замки́		 и запоры
замки	замки́		 и петли
замки	замки́		 и подача
замки	замки́		 и цепи
замки	замки́		 и цепочки
замки	замки́		 на них
замки	замки́		 переходного
замки	замки́		 пилот ложемента
замки	замки́		 проводку
замки	замки́	все 	 закрылся
замки	замки́	заклинания на 	
замки	замки́	квартиру - 	
замки	замки́	на все 	 от
замки	замки́	окна и 	
замки	замки́	отпирая все 	
замки	замки́	петли и 	
замки	замки́	самолично 	 проверил
замки	замки́	стодолларовые швейцарские 	
замкнут	за́мкнут		
замков	за́мков		 была сломана
замков	за́мков	воздушных 	
замков	за́мков	крепостей и 	
замков	замко́в		 забрала
замков	замко́в		 заедал
замков	замко́в		 на двери
замков	замко́в		 офисного
замков	замко́в		 рамы
замков	замко́в		 сейфа
замков	замко́в		 чемодана
замков	замко́в		 шкафа
замков	замко́в	в них даже 	 нет
замков	замко́в	врезных 	
замков	замко́в	запоров и 	
замков	замко́в	и 	 там нет
замков	замко́в	сбивание 	
замков	замко́в	установку 	
замков	замко́в	фабрики 	
замковой	за́мковой		 стены
замковый	замко́вый		 паз
замковым	за́мковым		 ступеням
замком	за́мком		 дворцом
замком	за́мком	всем 	
замком	за́мком	за 	 - комплекс
замком	за́мком	кирпичным 	
замком	за́мком	михайловским 	
замком	за́мком	небо над 	
замком	за́мком	перед 	
замком	за́мком	под 	 даже в
замком	замко́м		 зажигания
замком	замко́м		 на двери
замком	замко́м	врезным 	
замком	замко́м	вставившая 	
замком	замко́м	вставившая его 	
замком	замко́м	вставившая ихним 	
замком	замко́м	вставившая моим 	
замком	замко́м	вставившая нашим 	
замком	замко́м	вставившего 	
замком	замко́м	вставившего его 	
замком	замко́м	вставившего их 	
замком	замко́м	вставившего ихним 	
замком	замко́м	вставившего моим 	
замком	замко́м	вставившего нашим 	
замком	замко́м	вставившее 	
замком	замко́м	вставившее его 	
замком	замко́м	вставившее ихним 	
замком	замко́м	вставившее моим 	
замком	замко́м	вставившее нашим 	
замком	замко́м	вставившей 	
замком	замко́м	вставившей его 	
замком	замко́м	вставившей ихним 	
замком	замко́м	вставившей моим 	
замком	замко́м	вставившей нашим 	
замком	замко́м	вставившем 	
замком	замко́м	вставившем его 	
замком	замко́м	вставившем ихним 	
замком	замко́м	вставившем моим 	
замком	замко́м	вставившем нашим 	
замком	замко́м	вставившему 	
замком	замко́м	вставившему его 	
замком	замко́м	вставившему их 	
замком	замко́м	вставившему ихним 	
замком	замко́м	вставившему моим 	
замком	замко́м	вставившему нашим 	
замком	замко́м	вставившею 	
замком	замко́м	вставившею его 	
замком	замко́м	вставившею ихним 	
замком	замко́м	вставившею моим 	
замком	замко́м	вставившею нашим 	
замком	замко́м	вставившие 	
замком	замко́м	вставившие его 	
замком	замко́м	вставившие ихним 	
замком	замко́м	вставившие моим 	
замком	замко́м	вставившие нашим 	
замком	замко́м	вставивший 	
замком	замко́м	вставивший его 	
замком	замко́м	вставивший ихним 	
замком	замко́м	вставивший моим 	
замком	замко́м	вставивший нашим 	
замком	замко́м	вставившим 	
замком	замко́м	вставившим его 	
замком	замко́м	вставившим ихним 	
замком	замко́м	вставившим моим 	
замком	замко́м	вставившим нашим 	
замком	замко́м	вставившими 	
замком	замко́м	вставившими его 	
замком	замко́м	вставившими их 	
замком	замко́м	вставившими ихним 	
замком	замко́м	вставившими моим 	
замком	замко́м	вставившими нашим 	
замком	замко́м	вставивших 	
замком	замко́м	вставивших его 	
замком	замко́м	вставивших ихним 	
замком	замко́м	вставивших моим 	
замком	замко́м	вставивших нашим 	
замком	замко́м	вставившую 	
замком	замко́м	вставившую его 	
замком	замко́м	вставившую ихним 	
замком	замко́м	вставившую моим 	
замком	замко́м	вставившую нашим 	
замком	замко́м	вставил 	
замком	замко́м	вставил его 	
замком	замко́м	вставил их 	
замком	замко́м	вставил ихним 	
замком	замко́м	вставил моим 	
замком	замко́м	вставил нашим 	
замком	замко́м	вставила 	
замком	замко́м	вставила его 	
замком	замко́м	вставила их 	
замком	замко́м	вставила ихним 	
замком	замко́м	вставила моим 	
замком	замко́м	вставила нашим 	
замком	замко́м	вставили 	
замком	замко́м	вставили его 	
замком	замко́м	вставили их 	
замком	замко́м	вставили ихним 	
замком	замко́м	вставили моим 	
замком	замко́м	вставили нашим 	
замком	замко́м	вставим 	
замком	замко́м	вставим его 	
замком	замко́м	вставим их 	
замком	замко́м	вставим ихним 	
замком	замко́м	вставим моим 	
замком	замко́м	вставим нашим 	
замком	замко́м	вставит 	
замком	замко́м	вставит его 	
замком	замко́м	вставит их 	
замком	замко́м	вставит ихним 	
замком	замко́м	вставит моим 	
замком	замко́м	вставит нашим 	
замком	замко́м	вставите 	
замком	замко́м	вставите его 	
замком	замко́м	вставите их 	
замком	замко́м	вставите ихним 	
замком	замко́м	вставите моим 	
замком	замко́м	вставите нашим 	
замком	замко́м	вставить 	
замком	замко́м	вставить его 	
замком	замко́м	вставить их 	
замком	замко́м	вставить ихним 	
замком	замко́м	вставить моим 	
замком	замко́м	вставить нашим 	
замком	замко́м	вставишь 	
замком	замко́м	вставишь его 	
замком	замко́м	вставишь их 	
замком	замко́м	вставишь ихним 	
замком	замко́м	вставишь моим 	
замком	замко́м	вставишь нашим 	
замком	замко́м	вставлю 	
замком	замко́м	вставлю его 	
замком	замко́м	вставлю их 	
замком	замко́м	вставлю ихним 	
замком	замко́м	вставлю моим 	
замком	замко́м	вставлю нашим 	
замком	замко́м	вставят 	
замком	замко́м	вставят его 	
замком	замко́м	вставят их 	
замком	замко́м	вставят ихним 	
замком	замко́м	вставят моим 	
замком	замко́м	вставят нашим 	
замком	замко́м	выламывавшая 	
замком	замко́м	выламывавшая его 	
замком	замко́м	выламывавшая их 	
замком	замко́м	выламывавшая ихним 	
замком	замко́м	выламывавшая моим 	
замком	замко́м	выламывавшая нашим 	
замком	замко́м	выламывавшего 	
замком	замко́м	выламывавшего его 	
замком	замко́м	выламывавшего их 	
замком	замко́м	выламывавшего моим 	
замком	замко́м	выламывавшее 	
замком	замко́м	выламывавшее его 	
замком	замко́м	выламывавшее их 	
замком	замко́м	выламывавшее ихним 	
замком	замко́м	выламывавшее моим 	
замком	замко́м	выламывавшее нашим 	
замком	замко́м	выламывавшей 	
замком	замко́м	выламывавшей его 	
замком	замко́м	выламывавшей их 	
замком	замко́м	выламывавшей ихним 	
замком	замко́м	выламывавшей моим 	
замком	замко́м	выламывавшей нашим 	
замком	замко́м	выламывавшем 	
замком	замко́м	выламывавшем его 	
замком	замко́м	выламывавшем их 	
замком	замко́м	выламывавшем ихним 	
замком	замко́м	выламывавшем моим 	
замком	замко́м	выламывавшем нашим 	
замком	замко́м	выламывавшемся 	
замком	замко́м	выламывавшемся его 	
замком	замко́м	выламывавшемся их 	
замком	замко́м	выламывавшемся ихним 	
замком	замко́м	выламывавшемся нашим 	
замком	замко́м	выламывавшему 	
замком	замко́м	выламывавшему его 	
замком	замко́м	выламывавшему их 	
замком	замко́м	выламывавшему моим 	
замком	замко́м	выламывавшею 	
замком	замко́м	выламывавшею его 	
замком	замко́м	выламывавшею их 	
замком	замко́м	выламывавшею ихним 	
замком	замко́м	выламывавшею моим 	
замком	замко́м	выламывавшею нашим 	
замком	замко́м	выламывавшие 	
замком	замко́м	выламывавшие его 	
замком	замко́м	выламывавшие их 	
замком	замко́м	выламывавшие ихним 	
замком	замко́м	выламывавшие моим 	
замком	замко́м	выламывавшие нашим 	
замком	замко́м	выламывавший 	
замком	замко́м	выламывавший его 	
замком	замко́м	выламывавший их 	
замком	замко́м	выламывавший ихним 	
замком	замко́м	выламывавший моим 	
замком	замко́м	выламывавший нашим 	
замком	замко́м	выламывавшим 	
замком	замко́м	выламывавшим его 	
замком	замко́м	выламывавшим их 	
замком	замко́м	выламывавшим ихним 	
замком	замко́м	выламывавшим моим 	
замком	замко́м	выламывавшим нашим 	
замком	замко́м	выламывавшими 	
замком	замко́м	выламывавшими его 	
замком	замко́м	выламывавшими их 	
замком	замко́м	выламывавшими моим 	
замком	замко́м	дверью и 	
замком	замко́м	клацнув старомодным 	
замком	замко́м	лязгнула 	
замком	замко́м	поколдовать над 	
замком	замко́м	приседая над 	
замком	замко́м	с 	 справишься?
замком	замко́м	с простеньким 	
замком	замко́м	с хорошим 	
замком	замко́м	сидит под 	
замком	замко́м	склонился над 	
замком	замко́м	справился с 	
замком	замко́м	справиться с 	
замку	за́мку		 архимага
замку	за́мку		 на горе
замку	за́мку	дорога к 	
замку	замку́	врезному 	
замку	замку́	выламывавшая в моем 	
замку	замку́	выламывавшее в моем 	
замку	замку́	выламывавшей в моем 	
замку	замку́	выламывавшем в моем 	
замку	замку́	выламывавшею в моем 	
замку	замку́	выламывавшие в моем 	
замку	замку́	выламывавший в моем 	
замку	замку́	выламывавшим в моем 	
замку	замку́	дактилоскопическому 	
замку	замку́	дверному 	
замку	замку́	проводок к 	
замку	замку́	пружинка в моем 	
замку	замку́	пружинку в моем 	
замок	за́мок		 воронья
замок	за́мок		 дворец
замок	за́мок		 жизор
замок	за́мок		 змея,
замок	за́мок		 и земли
замок	за́мок		 из белого
замок	за́мок		 из песка
замок	за́мок		 или земли
замок	за́мок		 казался очень тихим
замок	за́мок		 камелот
замок	за́мок		 на горе
замок	за́мок		 ожил
замок	за́мок		 призрак
замок	за́мок		 работал отелем
замок	за́мок		 с парком
замок	за́мок	возвращайся в 	
замок	за́мок	ворота и 	
замок	за́мок	высокий 	
замок	за́мок	дверь в 	
замок	за́мок	дорог в 	
замок	за́мок	захватывая 	
замок	за́мок	из замка в 	
замок	за́мок	летящий 	
замок	за́мок	на которых стоит мой 	
замок	за́мок	поджечь 	
замок	за́мок	подожгли 	
замок	за́мок	права на 	
замок	за́мок	пробираются в 	
замок	за́мок	проникнуть в 	
замок	за́мок	проходите в 	
замок	за́мок	путь в 	
замок	за́мок	разрушивший 	
замок	за́мок	свой 	
замок	за́мок	стоял 	
замок	за́мок	уходят под 	
замок	за́мок	хогвартский 	
замок	замо́к		 в двери
замок	замо́к		 двери
замок	замо́к		 домофон
замок	замо́к		 заедает
замок	замо́к		 заедал
замок	замо́к		 и петли
замок	замо́к		 на втором складе
замок	замо́к		 на двери
замок	замо́к		 на его двери
замок	замо́к		 на моей двери
замок	замо́к		 на этой двери
замок	замо́к		 не представил
замок	замо́к		 небесного свода откроется
замок	замо́к		 оказался простым
замок	замо́к		 офисного
замок	замо́к		 перенастраивается после
замок	замо́к		 поддался с
замок	замо́к		 проиграл незатейливую
замок	замо́к		 работал
замок	замо́к		 рамы
замок	замо́к		 расстегнут
замок	замо́к		 с грохотом выпал
замок	замо́к		 с секретом
замок	замо́к		 с этой стороны
замок	замо́к		 сейфа
замок	замо́к		 там и раньше барахлил
замок	замо́к		 там проще,
замок	замо́к		 тут
замок	замо́к		 чемодана
замок	замо́к		 шкафа
замок	замо́к		 штуцера
замок	замо́к		 этот
замок	замо́к	а 	 солидный,
замок	замо́к	а 	 то новый
замок	замо́к	а 	 тоъ новый
замок	замо́к	в стол, под 	
замок	замо́к	взламываем 	
замок	замо́к	взламывал 	
замок	замо́к	взламывали 	
замок	замо́к	взламывать 	
замок	замо́к	взламывающую 	
замок	замо́к	взломаем 	
замок	замо́к	взломаете 	
замок	замо́к	взломаешь 	
замок	замо́к	взломала 	
замок	замо́к	взломаю 	
замок	замо́к	внушительного размера 	
замок	замо́к	ворота на 	
замок	замо́к	ворота огромный 	
замок	замо́к	вскрыть 	
замок	замо́к	вставляющую 	
замок	замо́к	громыхнул 	
замок	замо́к	дверь, 	
замок	замо́к	застегнул 	
замок	замо́к	застегнула 	
замок	замо́к	и 	 в порядке.
замок	замо́к	и под 	
замок	замо́к	из петли 	
замок	замо́к	ключа любой 	
замок	замо́к	крутанул 	
замок	замо́к	ломать 	 нам
замок	замо́к	ломать массивный 	
замок	замо́к	лязгнул, открываясь, 	
замок	замо́к	мельком на 	 глянул
замок	замо́к	на которых 	
замок	замо́к	на необычный 	
замок	замо́к	на обычный английский 	
замок	замо́к	на пол 	
замок	замо́к	настраивать 	
замок	замо́к	осмотрел 	
замок	замо́к	открыть 	
замок	замо́к	отстрелив 	
замок	замо́к	пневмо 	
замок	замо́к	повернул 	
замок	замо́к	рот на 	
замок	замо́к	руки в 	
замок	замо́к	сцепленные в 	
замок	замо́к	сцепленными в 	 руками
замок	замо́к	там 	 гномий
замок	замо́к	там один 	 английский
замок	замо́к	точнее -	 был,
замок	замо́к	точнее - 	 был,
замок	замо́к	устройства, отпирающего 	
замок	замо́к	что 	 должен быть
замок	замо́к	что не 	 там
замок	замо́к	чтобы 	 исправно работал
заморозка	заморо́зка		 перестанет
заморозка	заморо́зка	вся 	
заморозки	заморо́зки	из 	
заморозки	заморо́зки	мясные 	
заморозки	заморо́зки	от 	
заморозки	заморо́зки	плетение 	
заморозки	заморо́зки	процесс 	
замочите	замочи́те	не 	
занятой	за́нятой		 войсками
занятой	за́нятой		 врагом
занятой	за́нятой		 нами деревни
занятой	за́нятой		 территории
занятой	занято́й		 человек
занятой	занято́й	человек 	
занятые	заняты́е	люди 	
занятым	заняты́м	таким 	
западней	за́падней	что 	
западней	за́падней	чуть 	
запали	запа́ли		 тебе
запали	запа́ли	щеки 	
запахнуть	запа́хнуть		 жаренным
запил	запи́л		 вином
запил	запи́л		 их водой
запил	запи́л		 их энергетиком
запил	запи́л	достал фляжку и 	
заплатите	запла́тите	а 	 чем
заплатите	запла́тите	вы 	
заплатите	запла́тите	дорого 	
заплатите	запла́тите	за это 	
заплатите	запла́тите	сколько 	
заплатите	запла́тите	хорошо 	
заплатите	заплати́те	сначала 	
заплачу	запла́чу		 в голос
заплачу	запла́чу		 от
заплачу	запла́чу		 от боли
заплачу	запла́чу		 от умиления
заплачу	запла́чу	а то я 	
заплачу	запла́чу	ведь 	
заплачу	запла́чу	вот 	 от
заплачу	запла́чу	сейчас 	
заплачу	запла́чу	что я 	
заплачу	запла́чу	щас 	
заплачу	заплачу́		 вам
заплачу	заплачу́		 вам гонорар
заплачу	заплачу́		 выкуп
заплачу	заплачу́		 деньгами
заплачу	заплачу́		 ей
заплачу	заплачу́		 ему
заплачу	заплачу́		 за
заплачу	заплачу́		 золотом
заплачу	заплачу́		 им
заплачу	заплачу́		 тебе
заплачу	заплачу́	алчным и 	
заплачу	заплачу́	давайте я 	
заплачу	заплачу́	денег 	
заплачу	заплачу́	хорошо 	
заплачу	заплачу́	я 	 как за
заплачу	заплачу́	я 	 уже
запоем	запо́ем	пил 	
заползали	заполза́ли		 обратно
заползали	заполза́ли	в темноту 	
запоров	запо́ров		 и замков
запоров	запо́ров	против 	
запою	запою́	я 	
заправил	запра́вил		 было
заправил	запра́вил	сколько 	
заправил	заправи́л	в руках 	
заправил	заправи́л	один из 	
заправил	заправи́л	финансовых 	
заправила	запра́вила		 за
заправила	заправи́ла	главный 	
запросите	запро́сите	сами 	
заросли	за́росли		 бороды
заросли	за́росли		 бурьяна
заросли	за́росли		 были
заросли	за́росли		 дикого
заросли	за́росли		 и пруды
заросли	за́росли		 камыша
заросли	за́росли		 кокосовых
заросли	за́росли		 кругом
заросли	за́росли		 кустарника
заросли	за́росли		 кустов
заросли	за́росли		 леса
заросли	за́росли		 мокрого папоротника
заросли	за́росли		 морских
заросли	за́росли		 мха
заросли	за́росли		 отступали
заросли	за́росли		 папируса
заросли	за́росли		 папоротников
заросли	за́росли		 плюща
заросли	за́росли		 расступились
заросли	за́росли		 сладкой
заросли	за́росли		 сорной
заросли	за́росли		 тормозили
заросли	за́росли		 травы
заросли	за́росли	бурелом или 	
заросли	за́росли	были 	
заросли	за́росли	в 	
заросли	за́росли	виднелись 	
заросли	за́росли	встают 	
заросли	за́росли	высокие 	
заросли	за́росли	густые 	
заросли	за́росли	дрова и 	 кругом
заросли	за́росли	живописные 	
заросли	за́росли	кругом 	
заросли	за́росли	лес и 	
заросли	за́росли	нарядные 	
заросли	за́росли	охраняют 	
заросли	за́росли	появились 	
заросли	за́росли	причудливые 	
заросли	за́росли	сквозь 	
заросли	за́росли	эти 	
заросли	заросли́		 бородами
заросли	заросли́		 вокруг.
заросли	заросли́		 густым
заросли	заросли́		 жирком
заросли	заросли́		 и мешают
заросли	заросли́		 ивами
заросли	заросли́		 камышом
заросли	заросли́		 кустами
заросли	заросли́		 кустарником
заросли	заросли́		 лесом
заросли	заросли́		 непроходимыми
заросли	заросли́		 озера
заросли	заросли́		 они очень
заросли	заросли́		 ороговевшими
заросли	заросли́		 паутиной
заросли	заросли́		 поля
заросли	заросли́		 сорняками
заросли	заросли́		 сорняком
заросли	заросли́		 тимофеевкой
заросли	заросли́		 травой
заросли	заросли́	буйно 	
заросли	заросли́	грядки 	
заросли	заросли́	давно 	
заросли	заросли́	двери 	
заросли	заросли́	дорожки 	
заросли	заросли́	заплыли и 	
заросли	заросли́	которой 	
заросли	заросли́	крыш 	
заросли	заросли́	не 	
заросли	заросли́	овраги 	
заросли	заросли́	озера 	
заросли	заросли́	они 	
заросли	заросли́	плесенью 	
заросли	заросли́	полностью 	
заросли	заросли́	поля 	
заросли	заросли́	порезы 	
заросли	заросли́	пруды 	
заросли	заросли́	раны 	
заросли	заросли́	растениями 	
заросли	заросли́	сильно 	
заросли	заросли́	снизу 	
заросли	заросли́	тиной 	
заросли	заросли́	травой 	
заросли	заросли́	уши 	
засеки	засе́ки		 в
засеку	засе́ку	очередную 	
засеку	засе́ку	такую 	
засеку	засе́ку	через 	
засеку	засеку́		 время
засеку	засеку́		 до
заслужите	заслу́жите		 ли вы
застегнут	застё́гнут	был 	
засыпал	засы́пал		 в кастрюлю
засыпал	засы́пал		 в котелок
засыпал	засы́пал		 в широкий
засыпал	засы́пал		 дно
засыпал	засы́пал		 камнями
засыпал	засы́пал		 кострище
засыпал	засы́пал		 мне
засыпал	засы́пал		 ночной
засыпал	засы́пал		 обратно
засыпал	засы́пал		 песок
засыпал	засы́пал		 русло
засыпал	засы́пал	доверху 	
засыпал	засыпа́л		 всего на
засыпал	засыпа́л		 до утра
засыпал	засыпа́л		 долго
засыпал	засыпа́л		 и просыпался
засыпал	засыпа́л		 над
засыпал	засыпа́л		 под
засыпал	засыпа́л	иногда он 	
засыпал	засыпа́л	мыслями я 	
засыпал	засыпа́л	обычно он плохо 	
засыпал	засыпа́л	с блаженной улыбкой, 	
засыпал	засыпа́л	с полдюжины раз 	
засыпал	засыпа́л	слышал их возню, когда 	
засыпал	засыпа́л	часто 	
засыпала	засы́пала		 город
засыпала	засы́пала		 зерно
засыпала	засы́пала		 нового
засыпала	засы́пала		 свежего
засыпала	засыпа́ла		 до утра
засыпала	засыпа́ла		 крепким сном
засыпала	засыпа́ла		 сидя
засыпала	засыпа́ла	быстро 	
засыпала	засыпа́ла	под них 	
засыпала	засыпа́ла	спокойно 	
засыпали	засы́пали		 в первый
засыпали	засы́пали		 вопросами
засыпали	засы́пали		 его
засыпали	засы́пали		 заварки
засыпали	засы́пали		 их
засыпали	засы́пали		 лагерь
засыпали	засы́пали		 песком
засыпали	засы́пали		 плодородной
засыпали	засы́пали		 проломы
засыпали	засы́пали		 сединой
засыпали	засы́пали		 сеном
засыпали	засы́пали		 стрелами
засыпали	засы́пали		 стрептоцидом
засыпали	засы́пали	бастион 	
засыпали	засы́пали	его не 	
засыпали	засы́пали	канаву 	
засыпали	засы́пали	минами 	
засыпали	засы́пали	по пояс 	
засыпали	засы́пали	порошка 	
засыпали	засы́пали	провал 	
засыпали	засы́пали	снарядами 	
засыпали	засы́пали	снегом 	
засыпали	засыпа́ли		 беспокойным
засыпали	засыпа́ли		 и просыпались
засыпали	засыпа́ли		 на ветвях
засыпали	засыпа́ли	когда родители 	
засыпали	засыпа́ли	на несколько часов 	
засыпали	засыпа́ли	часто 	
засыпало	засы́пало		 с головой
засыпало	засыпа́ло		 до утра
засыпало	засыпа́ло	понемногу 	
засыпался	засы́пался	он и 	
засыпался	засы́пался	он сегодня и 	
засыпать	засы́пать		 его
засыпать	засы́пать		 ее
засыпать	засы́пать		 тебя
засыпать	засы́пать		 яму
засыпать	засы́пать	могло 	
засыпать	засыпа́ть		 минут на
засыпать	засыпа́ть	начал 	
засыпать	засыпа́ть	начала 	
засыпать	засыпа́ть	начинаете 	
засыпать	засыпа́ть	начну 	
засыпать	засыпа́ть	стал 	
засыпать	засыпа́ть	стала 	
засыпать	засыпа́ть	стали 	
заткнут	за́ткнут	был 	
заточен	заточё́н		 в
заточена	заточена́		 в
заточенная	заточё́нная		 в камере
заточенная	заточё́нная	как ложь, в ней 	
заточенные	заточё́нные		 в камере
заточенный	заточё́нный		 в камере
заточенным	заточё́нным		 в
затрусил	затруси́л		 в
затрусил	затруси́л		 вслед
затрусил	затруси́л		 к
затрусил	затруси́л		 по
затрусил	затруси́л		 рядом
затыкал	заты́кал		 пальцем
затыкал	заты́кал		 щепкой
захватите	захва́тите		 свою
захватите	захва́тите	не 	 ли
заходите	захо́дите		 порой
заходите	захо́дите	не 	
заходите	захо́дите	редко к нам 	
заходите	заходи́те		 в гости
заходите	заходи́те	буркнул: 	
заходите	заходи́те	не 	 сюда
заходите	заходи́те	смело 	
звезды	звезды́		 абсолюта
звезды	звезды́		 едва хватало
звезды	звезды́		 нет
звезды	звезды́	агонизирующей 	
звезды	звезды́	активность 	
звезды	звезды́	атмосфера 	
звезды	звезды́	аура 	
звезды	звезды́	багровой 	
звезды	звезды́	без 	
звезды	звезды́	белой 	
звезды	звезды́	ближайшей 	
звезды	звезды́	богом 	
звезды	звезды́	большой 	
звезды	звезды́	буйством 	
звезды	звезды́	бывшей 	
звезды	звезды́	в виде 	
звезды	звезды́	в качестве 	
звезды	звезды́	в короне 	
звезды	звезды́	в позе 	
звезды	звезды́	в систему 	
звезды	звезды́	в фотосфере 	
звезды	звезды́	вашей 	
звезды	звезды́	вблизи 	
звезды	звезды́	вдоль 	
звезды	звезды́	верхние слои 	
звезды	звезды́	взаимодействие 	
звезды	звезды́	взрыв 	
звезды	звезды́	взрыва 	
звезды	звезды́	взрыву 	
звезды	звезды́	включение 	
звезды	звезды́	внутри 	
звезды	звезды́	внутрь 	
звезды	звезды́	возле самой 	
звезды	звезды́	вокруг 	
звезды	звезды́	вокруг 	 вращаются
звезды	звезды́	восход 	
звезды	звезды́	восходом 	
звезды	звезды́	восходящей 	
звезды	звезды́	восьмиконечной 	
звезды	звезды́	восьмой 	
звезды	звезды́	вспышка 	
звезды	звезды́	вспышке 	
звезды	звезды́	вспышки 	
звезды	звезды́	вспышкой 	
звезды	звезды́	вспышку 	
звезды	звезды́	вспышку новой 	
звезды	звезды́	гибели 	
звезды	звезды́	головой 	
звезды	звезды́	голубой 	
звезды	звезды́	горошина 	
звезды	звезды́	дальней 	
звезды	звезды́	данной 	
звезды	звезды́	две 	
звезды	звезды́	две маленькие 	
звезды	звезды́	две яркие 	
звезды	звезды́	двойной 	
звезды	звезды́	диск 	
звезды	звезды́	диска 	
звезды	звезды́	для 	
звезды	звезды́	другой 	
звезды	звезды́	закату 	
звезды	звезды́	заходящей 	
звезды	звезды́	захолустной 	
звезды	звезды́	зените 	
звезды	звезды́	золотой 	
звезды	звезды́	зона 	
звезды	звезды́	из 	
звезды	звезды́	излучение 	
звезды	звезды́	излучения 	
звезды	звезды́	изображение 	
звезды	звезды́	изображением 	
звезды	звезды́	иной 	
звезды	звезды́	искры 	
звезды	звезды́	искусственной 	
звезды	звезды́	использование 	
звезды	звезды́	историю 	
звезды	звезды́	каждой 	
звезды	звезды́	какой нибудь 	
звезды	звезды́	какой нибудь планеты или 	
звезды	звезды́	какой то 	
звезды	звезды́	какой тоъ 	
звезды	звезды́	касаешься 	
звезды	звезды́	командорской 	
звезды	звезды́	координат 	
звезды	звезды́	координатам 	
звезды	звезды́	короны 	
звезды	звезды́	краешек 	
звезды	звезды́	красной 	
звезды	звезды́	кроваво красной 	
звезды	звезды́	лучами 	
звезды	звезды́	лучах 	
звезды	звезды́	лучевой 	
звезды	звезды́	лучей 	
звезды	звезды́	лучи 	
звезды	звезды́	любой 	
звезды	звезды́	макет 	
звезды	звезды́	макета 	
звезды	звезды́	макетом 	
звезды	звезды́	макеты 	
звезды	звезды́	масса 	
звезды	звезды́	мимо 	
звезды	звезды́	молодой 	
звезды	звезды́	морской 	
звезды	звезды́	не было 	
звезды	звезды́	негостеприимной 	
звезды	звезды́	недрах 	
звезды	звезды́	незнакомой 	
звезды	звезды́	немилосердной 	
звезды	звезды́	ни 	
звезды	звезды́	ни единой 	
звезды	звезды́	новой 	
звезды	звезды́	ночной 	
звезды	звезды́	обе 	
звезды	звезды́	огня 	
звезды	звезды́	огромной 	
звезды	звезды́	одной 	
звезды	звезды́	окном 	
звезды	звезды́	около 	
звезды	звезды́	окрестностях 	
звезды	звезды́	оранжевой 	
звезды	звезды́	орбите 	
звезды	звезды́	орден красной 	
звезды	звезды́	ордена красной 	 и красного
звезды	звезды́	от 	
звезды	звезды́	отдельной 	
звезды	звезды́	относительно 	
звезды	звезды́	очередной 	
звезды	звезды́	первой 	
звезды	звезды́	перерождавшейся 	
звезды	звезды́	переход 	
звезды	звезды́	планет 	
звезды	звезды́	планета 	
звезды	звезды́	планеты 	
звезды	звезды́	площадью 	
звезды	звезды́	поверхность 	
звезды	звезды́	подле 	
звезды	звезды́	полярной 	
звезды	звезды́	появлении 	
звезды	звезды́	примечательной 	
звезды	звезды́	пространстве 	
звезды	звезды́	пятиконечной 	
звезды	звезды́	радиацией 	
звезды	звезды́	радиации 	
звезды	звезды́	ремонт 	
звезды	звезды́	родной 	
звезды	звезды́	рядовой 	
звезды	звезды́	с 	
звезды	звезды́	самой 	
звезды	звезды́	сантехника или 	
звезды	звезды́	сверхгигантской 	
звезды	звезды́	сверхновой 	
звезды	звезды́	свет 	
звезды	звезды́	светом 	
звезды	звезды́	своей 	
звезды	звезды́	свойстве 	
звезды	звезды́	серебряной 	
звезды	звезды́	сил 	
звезды	звезды́	система 	
звезды	звезды́	системе 	
звезды	звезды́	систему 	
звезды	звезды́	системы 	
звезды	звезды́	сколлапсировавшей 	
звезды	звезды́	слои 	
звезды	звезды́	смерти 	
звезды	звезды́	со 	
звезды	звезды́	со стороны 	
звезды	звезды́	спутник 	
звезды	звезды́	спутника 	
звезды	звезды́	сторону 	
звезды	звезды́	счету 	
звезды	звезды́	той 	
звезды	звезды́	три 	
звезды	звезды́	три полковничьи 	
звезды	звезды́	три яркие 	
звезды	звезды́	тускло красной 	
звезды	звезды́	у 	
звезды	звезды́	у самого центра 	
звезды	звезды́	у самой 	
звезды	звезды́	убитой 	
звезды	звезды́	углам 	
звезды	звезды́	умирающей 	
звезды	звезды́	уничтожение 	
звезды	звезды́	утренней 	
звезды	звезды́	форме 	
звезды	звезды́	фотосфера 	
звезды	звезды́	фотосфере 	
звезды	звезды́	фотосферу 	
звезды	звезды́	фотосферы 	
звезды	звезды́	центр 	
звезды	звезды́	четыре 	
звезды	звезды́	четыре яркие 	
звезды	звезды́	шар 	
звезды	звезды́	шариком 	
звезды	звезды́	энергию 	
звезды	звезды́	этой 	
звезды	звезды́	южной 	
звезды	звезды́	ядро 	
звезды	звезды́	яркой 	
звезды	звезды́	яростной 	
звезды	звезды́	ярче 	
звезды	звё́зды		 - это
звезды	звё́зды		 будут
звезды	звё́зды		 были
звезды	звё́зды		 в той части неба
звезды	звё́зды		 вернулись
звезды	звё́зды		 говорят
звезды	звё́зды		 горели
звезды	звё́зды		 едва
звезды	звё́зды		 закружились
звезды	звё́зды		 застилал мрак
звезды	звё́зды		 и века
звезды	звё́зды		 и галактики
звезды	звё́зды		 и горы
звезды	звё́зды		 и миры
звезды	звё́зды		 и облака
звезды	звё́зды		 и огни
звезды	звё́зды		 и опять [homo] звезды [/homo]
звезды	звё́зды		 и планеты
звезды	звё́зды		 и свет уличных фонарей
звезды	звё́зды		 и туманности
звезды	звё́зды		 имеют
звезды	звё́зды		 короны
звезды	звё́зды		 кружились
звезды	звё́зды		 меняют
звезды	звё́зды		 молчат
звезды	звё́зды		 на небе
звезды	звё́зды		 на небе тушит
звезды	звё́зды		 над головой
звезды	звё́зды		 находились
звезды	звё́зды		 не обещали
звезды	звё́зды		 не стоят на
звезды	звё́зды		 небес
звезды	звё́зды		 обещают
звезды	звё́зды		 окружают
звезды	звё́зды		 ориентиры
звезды	звё́зды		 отражались
звезды	звё́зды		 очень
звезды	звё́зды		 подскочили
звезды	звё́зды		 помогали
звезды	звё́зды		 поплыли
звезды	звё́зды		 разные
звезды	звё́зды		 с неба срывает
звезды	звё́зды		 с сотней
звезды	звё́зды		 светили
звезды	звё́зды		 свидетели
звезды	звё́зды		 скажут
звезды	звё́зды		 слились
звезды	звё́зды		 слушают
звезды	звё́зды		 советуют
звезды	звё́зды		 стояли
звезды	звё́зды		 считает
звезды	звё́зды		 утверждают
звезды	звё́зды		 шепчут
звезды	звё́зды		 это
звезды	звё́зды		 я видел
звезды	звё́зды		 яркие
звезды	звё́зды		 ярко
звезды	звё́зды		 ясно
звезды	звё́зды		, [homo] звезды [/homo]
звезды	звё́зды	- 	 над
звезды	звё́зды	а 	
звезды	звё́зды	алмазы - 	
звезды	звё́зды	благодари 	
звезды	звё́зды	большие 	
звезды	звё́зды	будто 	
звезды	звё́зды	будто сталкеры -	
звезды	звё́зды	в 	
звезды	звё́зды	взрывать 	
звезды	звё́зды	видел 	
звезды	звё́зды	видеть 	
звезды	звё́зды	видно 	
звезды	звё́зды	видны 	
звезды	звё́зды	все 	
звезды	звё́зды	вспыхнули 	
звезды	звё́зды	выключить 	
звезды	звё́зды	высыпали 	
звезды	звё́зды	гасил 	
звезды	звё́зды	гасили 	
звезды	звё́зды	гасить 	
звезды	звё́зды	гася 	
звезды	звё́зды	где 	
звезды	звё́зды	глаза 	
звезды	звё́зды	глядя на 	
звезды	звё́зды	дома, улица, сияющие 	
звезды	звё́зды	другие 	
звезды	звё́зды	есть 	
звезды	звё́зды	есть солнце, 	
звезды	звё́зды	же и 	
звезды	звё́зды	завоевавшей 	
звезды	звё́зды	загорались 	
звезды	звё́зды	закрывая 	
звезды	звё́зды	закрывшими 	
звезды	звё́зды	закрыла 	
звезды	звё́зды	заслонило 	
звезды	звё́зды	заставим 	
звезды	звё́зды	затмевая 	
звезды	звё́зды	зеленоватые 	
звезды	звё́зды	и 	
звезды	звё́зды	идентифицировать 	
звезды	звё́зды	иудейские 	
звезды	звё́зды	как 	
звезды	звё́зды	крупные 	
звезды	звё́зды	луну и 	
звезды	звё́зды	мелькали 	
звезды	звё́зды	меркли 	
звезды	звё́зды	мерцали 	
звезды	звё́зды	мерцают 	
звезды	звё́зды	микроскопические 	
звезды	звё́зды	многоконечные 	
звезды	звё́зды	могучие 	
звезды	звё́зды	молоды 	
звезды	звё́зды	на 	
звезды	звё́зды	наблюдает 	
звезды	звё́зды	наблюдаются 	
звезды	звё́зды	напоминающими 	
звезды	звё́зды	небе 	
звезды	звё́зды	небо и 	
звезды	звё́зды	небосвода 	
звезды	звё́зды	небу 	
звезды	звё́зды	незнакомые 	
звезды	звё́зды	низкие 	
звезды	звё́зды	но 	
звезды	звё́зды	нужны не 	
звезды	звё́зды	о чем здесь 	
звезды	звё́зды	облезлые 	
звезды	звё́зды	обозначились 	
звезды	звё́зды	отдаю вам 	
звезды	звё́зды	отражая 	
звезды	звё́зды	падучие 	
звезды	звё́зды	планеты или 	
звезды	звё́зды	планеты, 	
звезды	звё́зды	поглотила 	
звезды	звё́зды	показывал 	
звезды	звё́зды	показывая 	
звезды	звё́зды	потушенные 	
звезды	звё́зды	появились 	
звезды	звё́зды	при чем здесь 	
звезды	звё́зды	пригасила 	
звезды	звё́зды	просто 	 -
звезды	звё́зды	пятиконечные 	
звезды	звё́зды	различать 	
звезды	звё́зды	разрушающий 	
звезды	звё́зды	рукотворные 	
звезды	звё́зды	сверкали 	
звезды	звё́зды	сделал 	
звезды	звё́зды	сжимают 	
звезды	звё́зды	сияли 	
звезды	звё́зды	скажут 	
звезды	звё́зды	собой 	
звезды	звё́зды	соединявших 	
звезды	звё́зды	солнце и 	
звезды	звё́зды	соседние 	
звезды	звё́зды	средние 	
звезды	звё́зды	такое 	
звезды	звё́зды	те 	
звезды	звё́зды	тем ярче 	
звезды	звё́зды	темнота и 	
звезды	звё́зды	теряя 	
звезды	звё́зды	только 	
звезды	звё́зды	топ 	
звезды	звё́зды	тушить 	
звезды	звё́зды	увидел 	
звезды	звё́зды	увидеть 	
звезды	звё́зды	хороши 	
звезды	звё́зды	чем 	
звезды	звё́зды	чернота и 	
звезды	звё́зды	чертит 	
звезды	звё́зды	что 	 -
звезды	звё́зды	что и 	
звезды	звё́зды	что такое 	
звезды	звё́зды	это 	
звезды	звё́зды	являет 	
звезды	звё́зды	яркие 	
звонки	звонки́		 от
звонки	звонки́	собачонки 	
звонки	звонки́	телефонные 	
звонком	звонко́м	вызвал 	
звонком	звонко́м	поздним 	
звонком	звонко́м	прерванный 	
звонком	звонко́м	ранним 	
звонком	звонко́м	тренькнувшим 	
звонок	зво́нок	весел и 	
звонок	зво́нок	голос был 	
звонок	зво́нок	мелодичен и 	
звонок	зво́нок	мир был 	
звонок	зво́нок	молод и 	
звонок	зво́нок	очень 	
звонок	звоно́к		 входной двери
звонок	звоно́к		 из замка
звонок	звоно́к		 проходил
звонок	звоно́к		 телефона
звонок	звоно́к	наш 	
звонок	звоно́к	никакой 	
звонок	звоно́к	прозвенел 	
звонок	звоно́к	раздался 	
звонок	звоно́к	сделать 	
звонок	звоно́к	телефонный 	
звонок	звоно́к	услышали 	
здорово	здо́рово		 - искренне удивился
здорово	здо́рово		 досталось
здорово	здо́рово		 не по себе
здорово	здо́рово		 недооценил
здорово	здо́рово		 облегчит
здорово	здо́рово		 околдован
здорово	здо́рово		 они попадают
здорово	здо́рово		 отличалась
здорово	здо́рово		 отрывались
здорово	здо́рово		 перепугалась
здорово	здо́рово		 погудела
здорово	здо́рово		 поднимает
здорово	здо́рово		 получается
здорово	здо́рово		 помрачнела
здорово	здо́рово		 прибавится
здорово	здо́рово		 расшиб
здорово	здо́рово		 сядем
здорово	здо́рово		 ты их
здорово	здо́рово		 устали
здорово	здо́рово	будет 	
здорово	здо́рово	было 	
здорово	здо́рово	было бы 	
здорово	здо́рово	вообще-то 	
здорово	здо́рово	вот 	
здорово	здо́рово	действительно 	
здорово	здо́рово	действительно, 	
здорово	здо́рово	за 	
здорово	здо́рово	как 	
здорово	здо́рово	конечно, 	
здорово	здо́рово	настолько 	
здорово	здо́рово	начало 	
здорово	здо́рово	не 	
здорово	здо́рово	очень 	
здорово	здо́рово	просто 	
здорово	здо́рово	так 	
здорово	здо́рово	уж больно 	
здорово	здо́рово	чертовски 	
здорово	здо́рово	это 	
здорово	здо́рово	это тоже 	
земли	зе́мли		 барона
земли	зе́мли		 богатые
земли	зе́мли		 богаче
земли	зе́мли		 более плодородные
земли	зе́мли		 были
земли	зе́мли		 герцога
земли	зе́мли		 господина
земли	зе́мли		 десятка
земли	зе́мли		 добрей
земли	зе́мли		 его предков
земли	зе́мли		 за
земли	зе́мли		 захвачены
земли	зе́мли		 здесь
земли	зе́мли		 здесь богатые
земли	зе́мли		 здесь плодородные
земли	зе́мли		 знатные
земли	зе́мли		 и города
земли	зе́мли		 и добро
земли	зе́мли		 и замки
земли	зе́мли		 и люди
земли	зе́мли		 и оружие
земли	зе́мли		 и острова
земли	зе́мли		 и села
земли	зе́мли		 икельскольцев
земли	зе́мли		 им полюбились
земли	зе́мли		 империи
земли	зе́мли		 истощены
земли	зе́мли		 королевства
земли	зе́мли		 которого
земли	зе́мли		 кочевников
земли	зе́мли		 маркиза
земли	зе́мли		 на юге моего
земли	зе́мли		 народов
земли	зе́мли		 наши
земли	зе́мли		 не то
земли	зе́мли		 общины
земли	зе́мли		 опустеют
земли	зе́мли		 осматривал
земли	зе́мли		 переходят
земли	зе́мли		 перешли
земли	зе́мли		 под протекторатом
земли	зе́мли		 полосы
земли	зе́мли		 предков
земли	зе́мли		 привлекают
земли	зе́мли		 пришли
земли	зе́мли		 сверхпланеты
земли	зе́мли		 свои
земли	зе́мли		 севера
земли	зе́мли		 сии
земли	зе́мли		 скудны
земли	зе́мли		 смело
земли	зе́мли		 смертных
земли	зе́мли		 сонных
земли	зе́мли		 соседа
земли	зе́мли		 союзника
земли	зе́мли		 страны
земли	зе́мли		 сэра
земли	зе́мли		 там были
земли	зе́мли		 там плодородные
земли	зе́мли		 той
земли	зе́мли		 у нас маленькие
земли	зе́мли		 у него бедноваты
земли	зе́мли		 хорошие
земли	зе́мли		 хьерварда
земли	зе́мли		 этой
земли	зе́мли		, [homo] земли [/homo]
земли	зе́мли	а не 	
земли	зе́мли	азиатские 	
земли	зе́мли	аннексировать 	
земли	зе́мли	аргивские 	
земли	зе́мли	арендовать 	
земли	зе́мли	атаковать 	
земли	зе́мли	африканские 	
земли	зе́мли	безопасные 	
земли	зе́мли	бесплодные 	
земли	зе́мли	бесчисленные 	
земли	зе́мли	благодатные 	
земли	зе́мли	благоустраивать 	
земли	зе́мли	богатейшие 	
земли	зе́мли	богатые 	
земли	зе́мли	большие 	
земли	зе́мли	были 	
земли	зе́мли	в 	
земли	зе́мли	ваши 	
земли	зе́мли	вернул 	
земли	зе́мли	во владение 	
земли	зе́мли	вовсе не 	
земли	зе́мли	возвращать 	
земли	зе́мли	возделывать 	
земли	зе́мли	волшебные 	
земли	зе́мли	вольные 	
земли	зе́мли	восточные 	
земли	зе́мли	впереди 	
земли	зе́мли	все их 	
земли	зе́мли	вспахивать 	
земли	зе́мли	втюхивать 	
земли	зе́мли	выбивать 	
земли	зе́мли	выдавать 	
земли	зе́мли	выделить 	
земли	зе́мли	выжженные 	
земли	зе́мли	вычищать 	
земли	зе́мли	гиблые 	
земли	зе́мли	гномьи 	
земли	зе́мли	города и 	
земли	зе́мли	грабят 	
земли	зе́мли	граничат 	
земли	зе́мли	графа и 	
земли	зе́мли	давать 	
земли	зе́мли	дальние 	
земли	зе́мли	даровать 	
земли	зе́мли	дартарские 	
земли	зе́мли	деревни и 	
земли	зе́мли	дикие 	
земли	зе́мли	дома и 	
земли	зе́мли	доставлял в 	
земли	зе́мли	доставшиеся 	
земли	зе́мли	другие 	
земли	зе́мли	дружественные 	
земли	зе́мли	его 	
земли	зе́мли	его войсками 	
земли	зе́мли	еретические 	
земли	зе́мли	есть 	
земли	зе́мли	жаловать 	
земли	зе́мли	жаловать им 	
земли	зе́мли	жалуются 	
земли	зе́мли	за 	
земли	зе́мли	заболачивать 	
земли	зе́мли	забрать у них 	
земли	зе́мли	завещать 	
земли	зе́мли	завоевать 	
земли	зе́мли	закладывать 	
земли	зе́мли	замки и 	
земли	зе́мли	замок и 	
земли	зе́мли	замок или 	
земли	зе́мли	заняли 	
земли	зе́мли	запахивать 	
земли	зе́мли	запретные 	
земли	зе́мли	зарегистрировать 	
земли	зе́мли	засаживать 	
земли	зе́мли	засевать 	
земли	зе́мли	засеивать 	
земли	зе́мли	застраивать 	
земли	зе́мли	засушливые 	
земли	зе́мли	захватить 	
земли	зе́мли	захватывали 	
земли	зе́мли	захватывать 	
земли	зе́мли	захватывают 	
земли	зе́мли	захваченные 	
земли	зе́мли	захваченные противником, 	
земли	зе́мли	захлестывать 	
земли	зе́мли	зачищать 	
земли	зе́мли	защищать 	
земли	зе́мли	здесь 	
земли	зе́мли	и 	 здесь так
земли	зе́мли	изведывать 	
земли	зе́мли	изолировать 	
земли	зе́мли	или 	
земли	зе́мли	именовать 	
земли	зе́мли	имею в виду 	
земли	зе́мли	ими 	
земли	зе́мли	императорские 	
земли	зе́мли	имперские 	
земли	зе́мли	имущество и 	
земли	зе́мли	инспектировать 	
земли	зе́мли	исконные 	
земли	зе́мли	использовать 	
земли	зе́мли	исследовать 	
земли	зе́мли	их 	
земли	зе́мли	как 	
земли	зе́мли	как 	 у подножия
земли	зе́мли	какие то 	
земли	зе́мли	какие тоъ 	
земли	зе́мли	когда 	 польши
земли	зе́мли	колонизировать 	
земли	зе́мли	колонизовать 	
земли	зе́мли	консолидировать 	
земли	зе́мли	контролировать 	
земли	зе́мли	конфисковать 	
земли	зе́мли	конфисковывать 	
земли	зе́мли	королевские 	
земли	зе́мли	крайние 	
земли	зе́мли	крохотные 	
земли	зе́мли	культивировать 	
земли	зе́мли	курировать 	
земли	зе́мли	лес и 	
земли	зе́мли	лоранские 	
земли	зе́мли	лучшие 	
земли	зе́мли	межевать 	
земли	зе́мли	миновать 	
земли	зе́мли	минуем 	
земли	зе́мли	мне 	 надо поднимать
земли	зе́мли	мне 	 поднимать
земли	зе́мли	многие 	
земли	зе́мли	мои 	
земли	зе́мли	моря и 	
земли	зе́мли	на 	
земли	зе́мли	на те 	
земли	зе́мли	назвать 	
земли	зе́мли	называть 	
земли	зе́мли	населявших 	
земли	зе́мли	наследовать 	
земли	зе́мли	национализировать 	
земли	зе́мли	начинаются 	
земли	зе́мли	наши 	
земли	зе́мли	неведомые 	
земли	зе́мли	неведомые ранее 	
земли	зе́мли	нейтральные 	
земли	зе́мли	некоторые 	
земли	зе́мли	необжитые 	
земли	зе́мли	необитаемые 	
земли	зе́мли	необъятные 	
земли	зе́мли	неплохие 	
земли	зе́мли	неприветливые 	
земли	зе́мли	непроходимые 	
земли	зе́мли	нетронутые 	
земли	зе́мли	нехорошие 	
земли	зе́мли	нечестивые 	
земли	зе́мли	нижние 	
земли	зе́мли	ничьи 	
земли	зе́мли	но и 	
земли	зе́мли	новые 	
земли	зе́мли	нужны 	
земли	зе́мли	обволакивать 	
земли	зе́мли	обеспечивать 	
земли	зе́мли	обещать 	
земли	зе́мли	обживать 	
земли	зе́мли	обжитые 	
земли	зе́мли	обозревать 	
земли	зе́мли	обрабатывать 	
земли	зе́мли	обсевать 	
земли	зе́мли	обследовать 	
земли	зе́мли	обустраивать 	
земли	зе́мли	обходить 	
земли	зе́мли	обшаривать 	
земли	зе́мли	объездил 	
земли	зе́мли	огораживать 	
земли	зе́мли	ограничивать 	
земли	зе́мли	огромные 	
земли	зе́мли	оказываются 	
земли	зе́мли	оккупировать 	
земли	зе́мли	окрашивать 	
земли	зе́мли	окрестные 	
земли	зе́мли	окультуривать 	
земли	зе́мли	окутывать 	
земли	зе́мли	окучивать 	
земли	зе́мли	опасные 	
земли	зе́мли	описывать 	
земли	зе́мли	опустевшие 	
земли	зе́мли	осваивать 	
земли	зе́мли	освещать 	
земли	зе́мли	освободившиеся 	
земли	зе́мли	осматривать 	
земли	зе́мли	основать 	
земли	зе́мли	отбивать 	
земли	зе́мли	отвоевали 	
земли	зе́мли	отвоевать 	
земли	зе́мли	отвоевывать 	
земли	зе́мли	отдавать 	
земли	зе́мли	открывать 	
земли	зе́мли	откусывать 	
земли	зе́мли	отмежевать 	
земли	зе́мли	отравленные 	
земли	зе́мли	отстаивать 	
земли	зе́мли	отсталые 	
земли	зе́мли	отсюда в 	
земли	зе́мли	охватывать 	
земли	зе́мли	оценивать 	
земли	зе́мли	очищать 	
земли	зе́мли	патрулировать 	
земли	зе́мли	пахотные 	
земли	зе́мли	передавать 	
земли	зе́мли	пережевать 	
земли	зе́мли	перекалывать 	
земли	зе́мли	перекидывать 	
земли	зе́мли	перекраивать 	
земли	зе́мли	перенасыщать 	
земли	зе́мли	перепахивать 	
земли	зе́мли	плодородные 	
земли	зе́мли	поглотив 	
земли	зе́мли	поглощать 	
земли	зе́мли	пограничные 	
земли	зе́мли	подарены 	
земли	зе́мли	подаривший 	
земли	зе́мли	поддерживать 	
земли	зе́мли	подыскивать 	
земли	зе́мли	пожалованы 	
земли	зе́мли	пожаловать 	
земли	зе́мли	позаимствовать 	
земли	зе́мли	показывать 	
земли	зе́мли	покинули 	
земли	зе́мли	поливать 	
земли	зе́мли	получает не 	
земли	зе́мли	получали 	
земли	зе́мли	пообещать 	
земли	зе́мли	попусту 	
земли	зе́мли	посещать 	
земли	зе́мли	последние 	
земли	зе́мли	посты, 	
земли	зе́мли	потребовать 	
земли	зе́мли	похищать 	
земли	зе́мли	превращать 	
земли	зе́мли	преобразовать 	
земли	зе́мли	преодолевать 	
земли	зе́мли	прибрежные 	
земли	зе́мли	приватизировать 	
земли	зе́мли	приграничные 	
земли	зе́мли	приискивать 	
земли	зе́мли	приморские 	
земли	зе́мли	принадлежащие ему 	
земли	зе́мли	принимали 	
земли	зе́мли	приплюсовать 	
земли	зе́мли	приращивать 	
земли	зе́мли	присваивать 	
земли	зе́мли	присматривать 	
земли	зе́мли	присоединить 	
земли	зе́мли	проведывать 	
земли	зе́мли	продавать 	
земли	зе́мли	пройти 	
земли	зе́мли	проклятые 	
земли	зе́мли	проплывают 	
земли	зе́мли	прочесывать 	
земли	зе́мли	пустые 	
земли	зе́мли	равнинные 	
земли	зе́мли	разведывать 	
земли	зе́мли	развивать 	
земли	зе́мли	разглядывать 	
земли	зе́мли	разграбили 	
земли	зе́мли	раздавал 	
земли	зе́мли	раздавать 	
земли	зе́мли	раздаривать 	
земли	зе́мли	размежевать 	
земли	зе́мли	размежевывать 	
земли	зе́мли	разрабатывать 	
земли	зе́мли	распахивали 	
земли	зе́мли	распахивать 	
земли	зе́мли	распродавать 	
земли	зе́мли	рассматривать 	
земли	зе́мли	растаскивать 	
земли	зе́мли	растрачивать 	
земли	зе́мли	расчищать 	
земли	зе́мли	реализовать 	
земли	зе́мли	регистрировать 	
земли	зе́мли	реинтегрировать 	
земли	зе́мли	реквизировать 	
земли	зе́мли	родные 	
земли	зе́мли	родовые 	
земли	зе́мли	руки и 	
земли	зе́мли	русские 	
земли	зе́мли	сапогами 	
земли	зе́мли	свет на 	
земли	зе́мли	свободные 	
земли	зе́мли	свои 	
земли	зе́мли	своими 	
земли	зе́мли	святые 	
земли	зе́мли	сдавать 	
земли	зе́мли	северные 	
земли	зе́мли	скрытые 	
земли	зе́мли	снежные 	
земли	зе́мли	собирает 	
земли	зе́мли	собирать 	
земли	зе́мли	создавать 	
земли	зе́мли	сопредельные 	
земли	зе́мли	старые 	
земли	зе́мли	суверенные 	
земли	зе́мли	суровые 	
земли	зе́мли	такие 	
земли	зе́мли	там 	
земли	зе́мли	тамошние 	
земли	зе́мли	твои 	
земли	зе́мли	те 	
земли	зе́мли	тем богаче 	
земли	зе́мли	титул и 	
земли	зе́мли	титулы и 	
земли	зе́мли	тянулись 	
земли	зе́мли	у вас 	
земли	зе́мли	увидеть 	
земли	зе́мли	удерживать 	
земли	зе́мли	укрощать 	
земли	зе́мли	укрывать 	
земли	зе́мли	унаследовать 	
земли	зе́мли	урвать 	
земли	зе́мли	успокоить 	
земли	зе́мли	хребта 	
земли	зе́мли	целые 	
земли	зе́мли	через 	
земли	зе́мли	чужестранцев 	
земли	зе́мли	чужие 	
земли	зе́мли	чьи 	
земли	зе́мли	чьи та 	
земли	зе́мли	экспроприировать 	
земли	зе́мли	эти 	
земли	зе́мли	эти самые 	
земли	зе́мли	это 	
земли	зе́мли	это ж 	
земли	зе́мли	южные 	
земли	земли́		 вдоволь
земли	земли́		 здесь очень много
земли	земли́		 и венеры
земли	земли́		 и воды
земли	земли́		 и воздуха
земли	земли́		 и дыма
земли	земли́		 и неба
земли	земли́		 и огня
земли	земли́		 и пепла
земли	земли́		 и права
земли	земли́		 и солнечной системы
земли	земли́		 и травы
земли	земли́		 и щебня
земли	земли́		 или воды
земли	земли́		 коснулся
земли	земли́		 не видно
земли	земли́		 не дал
земли	земли́		 совсем мало
земли	земли́		 столько же
земли	земли́		 то никогда не было
земли	земли́		 торчит
земли	земли́		 тоъ никогда не было
земли	земли́	акр 	
земли	земли́	акров 	
земли	земли́	ангелу 	
земли	земли́	ангелы 	
земли	земли́	английской 	
земли	земли́	атмосферу 	
земли	земли́	ауре 	
земли	земли́	без 	
земли	земли́	бесплодной 	
земли	земли́	биосфера 	
земли	земли́	биосфере 	
земли	земли́	близость 	
земли	земли́	богатство 	
земли	земли́	богинь 	
земли	земли́	больше 	
земли	земли́	боровой 	
земли	земли́	ботинками 	
земли	земли́	в виде 	
земли	земли́	в воды 	
земли	земли́	в глубины 	
земли	земли́	в разных местах 	
земли	земли́	вал 	
земли	земли́	вашей 	
земли	земли́	вдоль 	
земли	земли́	венеры и 	
земли	земли́	венеры, 	
земли	земли́	верных 	
земли	земли́	версии 	
земли	земли́	вещественность 	
земли	земли́	вздыбленной 	
земли	земли́	взлетевшей 	
земли	земли́	взрывами 	
земли	земли́	взрывом 	
земли	земли́	вибрации 	
земли	земли́	вибрированием 	
земли	земли́	вина 	
земли	земли́	влажной 	
земли	земли́	властелин 	
земли	земли́	властелином 	
земли	земли́	власть 	
земли	земли́	вместо 	
земли	земли́	вне 	
земли	земли́	внутри 	
земли	земли́	водотоков 	
земли	земли́	воды и 	
земли	земли́	возделанной 	
земли	земли́	возделывания 	
земли	земли́	воздуха и 	
земли	земли́	возле 	
земли	земли́	возле самой 	
земли	земли́	вокруг 	
земли	земли́	врагами 	
земли	земли́	всей 	
земли	земли́	вспашки 	
земли	земли́	выбитой пулями 	
земли	земли́	вывороченной 	
земли	земли́	выдачу 	
земли	земли́	выжженной 	
земли	земли́	выше от 	
земли	земли́	гектарами 	
земли	земли́	гектаров 	
земли	земли́	гектары 	
земли	земли́	гибели 	
земли	земли́	гибель 	
земли	земли́	главнокомандующий 	
земли	земли́	глобусе 	
земли	земли́	глубин 	
земли	земли́	глубинами 	
земли	земли́	глубинах 	
земли	земли́	глубины 	
земли	земли́	глубь 	
земли	земли́	голой 	
земли	земли́	горелой 	
земли	земли́	горстей 	
земли	земли́	горсти 	
земли	земли́	горстка 	
земли	земли́	горсть 	
земли	земли́	горы 	
земли	земли́	горящей 	
земли	земли́	господин 	
земли	земли́	господинов 	
земли	земли́	государств 	
земли	земли́	гравитация 	
земли	земли́	граждан 	
земли	земли́	гражданах 	
земли	земли́	граждане 	
земли	земли́	гражданин 	
земли	земли́	гражданина 	
земли	земли́	гражданину 	
земли	земли́	границе 	
земли	земли́	грешников 	
земли	земли́	грубо-вещественной 	
земли	земли́	давления 	
земли	земли́	дарах 	
земли	земли́	дары 	
земли	земли́	две 	
земли	земли́	движение 	
земли	земли́	движении 	
земли	земли́	движения 	
земли	земли́	делегации 	
земли	земли́	дерева и 	
земли	земли́	диске 	
земли	земли́	для 	
земли	земли́	до 	
земли	земли́	до его 	
земли	земли́	до самой 	
земли	земли́	долей 	
земли	земли́	долю 	
земли	земли́	достаточно 	
земли	земли́	достиг 	
земли	земли́	достигали 	
земли	земли́	достигла 	
земли	земли́	достигли 	
земли	земли́	достигло 	
земли	земли́	достигнув 	
земли	земли́	достигнуть 	
земли	земли́	достигшему 	
земли	земли́	достичь 	
земли	земли́	драгоценной 	
земли	земли́	дрожание 	
земли	земли́	дрожащей 	
земли	земли́	дрожь 	
земли	земли́	другие города 	
земли	земли́	другой 	
земли	земли́	дух 	
земли	земли́	духи 	
земли	земли́	духов 	
земли	земли́	животных 	
земли	земли́	жижей 	
земли	земли́	жизни 	
земли	земли́	жителей 	
земли	земли́	жители 	
земли	земли́	житель 	
земли	земли́	жителям 	
земли	земли́	жителями 	
земли	земли́	жухлой 	
земли	земли́	заводы 	
земли	земли́	загадки 	
земли	земли́	загадочной 	
земли	земли́	запах 	
земли	земли́	запахами 	
земли	земли́	заступника 	
земли	земли́	захватнические планы 	
земли	земли́	защита 	
земли	земли́	защиту 	
земли	земли́	зелень 	
земли	земли́	зловредной 	
земли	земли́	знаемой 	
земли	земли́	знак 	
земли	земли́	зона 	
земли	земли́	зонах 	
земли	земли́	зубья 	
земли	земли́	и города 	
земли	земли́	и не 	
земли	земли́	из 	
земли	земли́	из за края 	
земли	земли́	из куч 	
земли	земли́	из под 	
земли	земли́	из тела 	
земли	земли́	из-под 	
земли	земли́	избирателям 	
земли	земли́	изведанной 	
земли	земли́	изгнание с 	
земли	земли́	излучения 	
земли	земли́	излучениях 	
земли	земли́	изменениях 	
земли	земли́	изувеченной 	
земли	земли́	изуродованной 	
земли	земли́	испарения 	
земли	земли́	истории 	
земли	земли́	каменистой 	
земли	земли́	камешками 	
земли	земли́	камня и 	
земли	земли́	карта 	
земли	земли́	карте 	
земли	земли́	картины 	
земли	земли́	касалась 	
земли	земли́	касались 	
земли	земли́	касались лапами 	
земли	земли́	касался 	
земли	земли́	касание 	
земли	земли́	касаясь 	
земли	земли́	клок 	
земли	земли́	клочка 	
земли	земли́	клочками 	
земли	земли́	клочке 	
земли	земли́	клочки 	
земли	земли́	клочков 	
земли	земли́	клочку 	
земли	земли́	клочок 	
земли	земли́	клочья 	
земли	земли́	колебание 	
земли	земли́	колеблющейся 	
земли	земли́	колеса коснулись 	
земли	земли́	колонизации 	
земли	земли́	колониями 	
земли	земли́	кольца 	
земли	земли́	ком 	
земли	земли́	комки 	
земли	земли́	комок 	
земли	земли́	комочки 	
земли	земли́	компаний 	
земли	земли́	комьев 	
земли	земли́	комья 	
земли	земли́	комьями 	
земли	земли́	конец 	
земли	земли́	концах 	
земли	земли́	конце 	
земли	земли́	концом 	
земли	земли́	концы 	
земли	земли́	космофлота 	
земли	земли́	коснувшись 	
земли	земли́	коснулась 	
земли	земли́	коснулись 	
земли	земли́	коснулось 	
земли	земли́	коснулся 	
земли	земли́	коснутся 	
земли	земли́	коснуться 	
земли	земли́	костей 	
земли	земли́	кости 	
земли	земли́	краем 	
земли	земли́	краешек 	
земли	земли́	край 	
земли	земли́	красоту 	
земли	земли́	краю 	
земли	земли́	края 	
земли	земли́	кроме 	
земли	земли́	кроме голоса 	
земли	земли́	крылышко 	
земли	земли́	кус 	
земли	земли́	кусок 	
земли	земли́	кусочек 	
земли	земли́	кусочке 	
земли	земли́	кусты 	
земли	земли́	куч 	
земли	земли́	кучам 	
земли	земли́	куче 	
земли	земли́	кучи 	
земли	земли́	кучки 	
земли	земли́	кучу 	
земли	земли́	лбом 	
земли	земли́	летящей снизу 	
земли	земли́	листвы и 	
земли	земли́	лица 	
земли	земли́	лице 	
земли	земли́	лицо 	
земли	земли́	лицу 	
земли	земли́	лону 	
земли	земли́	лугам 	
земли	земли́	люди 	
земли	земли́	людям 	
земли	земли́	магии 	
земли	земли́	магнитного поля 	
земли	земли́	магнитными полями 	
земли	земли́	мантии 	
земли	земли́	марса и 	
земли	земли́	масс 	
земли	земли́	массива 	
земли	земли́	масштабе 	
земли	земли́	матери 	
земли	земли́	матери-	
земли	земли́	матушки 	
земли	земли́	меркурия и 	
земли	земли́	мест 	
земли	земли́	места 	
земли	земли́	месте 	
земли	земли́	место 	
земли	земли́	метра 	
земли	земли́	мимо 	
земли	земли́	многонациональной 	
земли	земли́	моей 	
земли	земли́	мокрой 	
земли	земли́	молодой 	
земли	земли́	моря старой 	
земли	земли́	мрак 	
земли	земли́	мрачной 	
земли	земли́	мусора и 	
земли	земли́	мягкой 	
земли	земли́	на краю 	
земли	земли́	на одной шестой 	
земли	земли́	на уровне 	
земли	земли́	над самой поверхностью 	
земли	земли́	надел 	
земли	земли́	наделом 	
земли	земли́	нанесло 	
земли	земли́	направлении 	
земли	земли́	народах 	
земли	земли́	народов 	
земли	земли́	народы 	
земли	земли́	население 	
земли	земли́	населением 	
земли	земли́	населения 	
земли	земли́	нашей 	
земли	земли́	не достигал 	
земли	земли́	не касаясь 	
земли	земли́	не чувствовали 	
земли	земли́	неба и 	
земли	земли́	небеси и 	
земли	земли́	неведомой 	
земли	земли́	недр 	
земли	земли́	недра 	
земли	земли́	недрам 	
земли	земли́	недрах 	
земли	земли́	независимой 	
земли	земли́	неисследованной 	
земли	земли́	немало 	
земли	земли́	немного 	
земли	земли́	необжитой 	
земли	земли́	непокорной 	
земли	земли́	нет 	
земли	земли́	нечестивцев 	
земли	земли́	нечестивых 	
земли	земли́	ни 	
земли	земли́	низинах 	
земли	земли́	никакой 	
земли	земли́	ничейной 	
земли	земли́	новой 	
земли	земли́	ногами 	
земли	земли́	ночное небо 	
земли	земли́	о происхождении 	
земли	земли́	обитателей 	
земли	земли́	обитатели 	
земли	земли́	обитатель 	
земли	земли́	оболочка 	
земли	земли́	оборона 	
земли	земли́	обороны 	
земли	земли́	обработке 	
земли	земли́	обширной 	
земли	земли́	огненной 	
земли	земли́	огня или 	
земли	земли́	ожидающей 	
земли	земли́	оказалось 	
земли	земли́	океанах 	
земли	земли́	оккупации 	
земли	земли́	около 	
земли	земли́	опасной 	
земли	земли́	опыте 	
земли	земли́	орбите 	
земли	земли́	орбиты 	
земли	земли́	освещения 	
земли	земли́	освоение 	
земли	земли́	ослепительной 	
земли	земли́	основания 	
земли	земли́	основы 	
земли	земли́	остатки 	
земли	земли́	островки 	
земли	земли́	осыпавшейся 	
земли	земли́	от 	
земли	земли́	от края 	
земли	земли́	от слезы 	
земли	земли́	отбросами 	
земли	земли́	относительно 	
земли	земли́	отображение 	
земли	земли́	охотники 	
земли	земли́	первобытной 	
земли	земли́	первозданной 	
земли	земли́	переворотами 	
земли	земли́	перекопанной 	
земли	земли́	перемещения 	
земли	земли́	перепаханной 	
земли	земли́	песка и 	
земли	земли́	питания 	
земли	земли́	план захвата 	
земли	земли́	пласт 	
земли	земли́	пластами 	
земли	земли́	пластов 	
земли	земли́	пласты 	
земли	земли́	плодами 	
земли	земли́	плоды 	
земли	земли́	поверхности 	
земли	земли́	поверхность 	
земли	земли́	поверхностью 	
земли	земли́	погибающей 	
земли	земли́	под поверхностью 	
земли	земли́	подготовка 	
земли	земли́	поднялось с 	
земли	земли́	подобрал с 	
земли	земли́	подрагивание 	
земли	земли́	подходящей 	
земли	земли́	подчинения 	
земли	земли́	поисках 	
земли	земли́	покинутой 	
земли	земли́	покупки 	
земли	земли́	полем 	
земли	земли́	полисов 	
земли	земли́	политой кровью 	
земли	земли́	полно 	
земли	земли́	полос 	
земли	земли́	полоса 	
земли	земли́	полосе 	
земли	земли́	полоска 	
земли	земли́	полоске 	
земли	земли́	полоски 	
земли	земли́	полоску 	
земли	земли́	полосу 	
земли	земли́	полосы 	
земли	земли́	полю 	
земли	земли́	полюсах 	
земли	земли́	помощи 	
земли	земли́	порабощения 	
земли	земли́	порождение 	
земли	земли́	порченой 	
земли	земли́	потребности 	
земли	земли́	появления 	
земли	земли́	правители 	
земли	земли́	правитель 	
земли	земли́	прах 	
земли	земли́	пределам 	
земли	земли́	пределах 	
земли	земли́	пределы 	
земли	земли́	преисподнюю 	
земли	земли́	прелой 	
земли	земли́	преобразование 	
земли	земли́	преобразования 	
земли	земли́	пригоршней 	
земли	земли́	прикрытие притязаний 	
земли	земли́	природа 	
земли	земли́	природу 	
земли	земли́	пробуждающейся 	
земли	земли́	проклятой 	
земли	земли́	против 	
земли	земли́	противником 	
земли	земли́	пуп 	
земли	земли́	пупом 	
земли	земли́	пустой 	
земли	земли́	пыльной 	
земли	земли́	пядь 	
земли	земли́	равнинам 	
земли	земли́	ради 	
земли	земли́	развороченной 	
земли	земли́	разрушение 	
земли	земли́	районах 	
земли	земли́	рамками 	
земли	земли́	раскисшей 	
земли	земли́	расплавленной 	
земли	земли́	растительности 	
земли	земли́	растрескавшейся 	
земли	земли́	реакция 	
земли	земли́	родной 	
земли	земли́	русской 	
земли	земли́	рушащейся 	
земли	земли́	рыхлой 	
земли	земли́	с 	
земли	земли́	с лица 	
земли	земли́	с лица 	 города
земли	земли́	с поверхности 	
земли	земли́	с самой 	
земли	земли́	с этой 	
земли	земли́	самой 	
земли	земли́	свете 	
земли	земли́	светлой 	
земли	земли́	свободной 	
земли	земли́	своей 	
земли	земли́	святой 	
земли	земли́	сдвиги 	
земли	земли́	сердца 	
земли	земли́	сердцу 	
земли	земли́	серой 	
земли	земли́	серп 	
земли	земли́	сил 	
земли	земли́	силы 	
земли	земли́	сколько там 	
земли	земли́	слежавшейся 	
земли	земли́	слез сердца 	
земли	земли́	слезы сердца 	
земли	земли́	слоем 	
земли	земли́	слой 	
земли	земли́	смерть 	
земли	земли́	смотришь на горе с 	
земли	земли́	советской 	
земли	земли́	современной 	
земли	земли́	содрогания 	
земли	земли́	созданиями 	
земли	земли́	соки 	
земли	земли́	сокровища 	
земли	земли́	сокровищами 	
земли	земли́	сокровище 	
земли	земли́	соль 	
земли	земли́	солью 	
земли	земли́	сотрясение 	
земли	земли́	спасительной 	
земли	земли́	спутник 	
земли	земли́	спутника 	
земли	земли́	спутники 	
земли	земли́	спутников 	
земли	земли́	спутница 	
земли	земли́	станет собственностью 	
земли	земли́	старой 	
земли	земли́	стихии 	
земли	земли́	стоимости 	
земли	земли́	стоимость 	
земли	земли́	столб 	
земли	земли́	сторону 	
земли	земли́	стороны 	
земли	земли́	странах 	
земли	земли́	стремлением 	
земли	земли́	стройку 	
земли	земли́	судьба 	
земли	земли́	сухой 	
земли	земли́	существ 	
земли	земли́	существа 	
земли	земли́	существами 	
земли	земли́	сущие на 	
земли	земли́	сущностные 	
земли	земли́	сущностный 	
земли	земли́	сущностными 	
земли	земли́	сырой 	
земли	земли́	тайны 	
земли	земли́	театрах 	
земли	земли́	теле 	
земли	земли́	тело 	
земли	земли́	территории 	
земли	земли́	той 	
земли	земли́	толчков 	
земли	земли́	толще 	
земли	земли́	толщей 	
земли	земли́	толщу 	
земли	земли́	тонны 	
земли	земли́	топтание 	
земли	земли́	травы и 	
земли	земли́	туфли 	
земли	земли́	тучные 	
земли	земли́	тяжесть 	
земли	земли́	у 	
земли	земли́	у берегов 	
земли	земли́	у их 	
земли	земли́	у самой 	
земли	земли́	у самой поверхности 	
земли	земли́	уголки 	
земли	земли́	уголок 	
земли	земли́	украинской 	
земли	земли́	унавоженной 	
земли	земли́	уничтожения 	
земли	земли́	уносящейся прочь 	
земли	земли́	уровне 	
земли	земли́	уровнем 	
земли	земли́	уровня 	
земли	земли́	условиях 	
земли	земли́	утоптанной 	
земли	земли́	участию 	
земли	земли́	участка 	
земли	земли́	участке 	
земли	земли́	участки 	
земли	земли́	участком 	
земли	земли́	участок 	
земли	земли́	участок реки и 	
земли	земли́	факультета 	
земли	земли́	факультетом 	
земли	земли́	феи 	
земли	земли́	фей 	
земли	земли́	феям 	
земли	земли́	феями 	
земли	земли́	флот 	
земли	земли́	флота 	
земли	земли́	фонтан 	
земли	земли́	фонтанчик 	
земли	земли́	фонтанчики 	
земли	земли́	фонтаны 	
земли	земли́	формированием 	
земли	земли́	футами 	
земли	земли́	хаос 	
земли	земли́	хлеб 	
земли	земли́	хозяев 	
земли	земли́	хозяева 	
земли	земли́	хозяевами 	
земли	земли́	хозяин 	
земли	земли́	хозяйки 	
земли	земли́	холмика 	
земли	земли́	холмиками 	
земли	земли́	холмистой 	
земли	земли́	царства 	
земли	земли́	царством 	
земли	земли́	цвет 	
земли	земли́	цвета 	
земли	земли́	цветом 	
земли	земли́	центре 	
земли	земли́	центром 	
земли	земли́	цивилизацией 	
земли	земли́	цивилизации 	
земли	земли́	цивилизация 	
земли	земли́	части 	
земли	земли́	часть 	
земли	земли́	частью 	
земли	земли́	черноты 	
земли	земли́	четыре 	
земли	земли́	чистой 	
земли	земли́	чрева 	
земли	земли́	чудеса 	
земли	земли́	шарика 	
земли	земли́	шельфах 	
земли	земли́	экономикой 	
земли	земли́	эксплуатации 	
земли	земли́	элементы 	
земли	земли́	эльфы 	
земли	земли́	энергию 	
земли	земли́	эпицентра 	
земли	земли́	этого 	
земли	земли́	этой 	
земли	земли́	юность 	
земли	земли́	ядру 	
земли	земли́	яже на 	
земли	земли́	языках 	
землячки	землячки́	будем 	
зеркала	зе́ркала		 не видишь
зеркала	зе́ркала		 нет
зеркала	зе́ркала		 поблизости не было
зеркала	зе́ркала		 под рукой
зеркала	зе́ркала	без 	
зеркала	зе́ркала	в отражении 	
зеркала	зе́ркала	возле 	
зеркала	зе́ркала	волшебного 	
зеркала	зе́ркала	глубине 	
зеркала	зе́ркала	два 	
зеркала	зе́ркала	до 	
зеркала	зе́ркала	другой стороны 	
зеркала	зе́ркала	защитного 	
зеркала	зе́ркала	из 	
зеркала	зе́ркала	из глубины 	
зеркала	зе́ркала	ихнего 	
зеркала	зе́ркала	кусочек 	
зеркала	зе́ркала	ледяного 	
зеркала	зе́ркала	магического 	
зеркала	зе́ркала	мимо 	
зеркала	зе́ркала	моего 	
зеркала	зе́ркала	настоящего 	
зеркала	зе́ркала	нашего 	
зеркала	зе́ркала	не было 	
зеркала	зе́ркала	не то что 	
зеркала	зе́ркала	не тоъ что 	
зеркала	зе́ркала	неимением 	
зеркала	зе́ркала	нет 	
зеркала	зе́ркала	но до целого 	 далеко
зеркала	зе́ркала	новенького 	
зеркала	зе́ркала	обычнейшего 	
зеркала	зе́ркала	огромного 	
зеркала	зе́ркала	одного 	
зеркала	зе́ркала	осколок 	
зеркала	зе́ркала	от 	
зеркала	зе́ркала	площадь 	
зеркала	зе́ркала	помощью 	
зеркала	зе́ркала	похуже 	
зеркала	зе́ркала	речного 	
зеркала	зе́ркала	ровного 	
зеркала	зе́ркала	рукой 	
зеркала	зе́ркала	с 	
зеркала	зе́ркала	с обрамления 	
зеркала	зе́ркала	сверкающего 	
зеркала	зе́ркала	своего 	
зеркала	зе́ркала	серебро 	
зеркала	зе́ркала	серебряного 	
зеркала	зе́ркала	сторону 	
зеркала	зе́ркала	стороны 	
зеркала	зе́ркала	твоего 	
зеркала	зе́ркала	у 	
зеркала	зе́ркала	услугами 	
зеркала	зе́ркала	фонаря и 	
зеркала	зе́ркала	форму 	
зеркала	зе́ркала	чьего та 	
зеркала	зе́ркала	этого 	
зеркала	зеркала́		 в рост
зеркала	зеркала́		 и сфера
зеркала	зеркала́		 исчезли
зеркала	зеркала́		 на себя
зеркала	зеркала́		 над ними
зеркала	зеркала́		 над ними разбиты
зеркала	зеркала́		 острова
зеркала	зеркала́	большие 	
зеркала	зеркала́	бритвы и 	
зеркала	зеркала́	бывают 	
зеркала	зеркала́	в 	
зеркала	зеркала́	в основном 	
зеркала	зеркала́	вдребезги 	
зеркала	зеркала́	игры в слова и 	
зеркала	зеркала́	кафель и 	
зеркала	зеркала́	кривые 	
зеркала	зеркала́	кристаллические 	
зеркала	зеркала́	лужи 	
зеркала	зеркала́	подсвечники и 	
зеркала	зеркала́	покажи 	
зеркала	зеркала́	пуховик и 	
зеркала	зеркала́	сквозь 	
зеркала	зеркала́	собирать 	
зеркала	зеркала́	соседние 	
зеркала	зеркала́	средние 	
зеркала	зеркала́	те 	
зеркала	зеркала́	травы, 	
зеркала	зеркала́	убери 	
зеркала	зеркала́	через 	
зеркала	зеркала́	что 	
зеркала	зеркала́	что 	 не просто
зеркала	зеркала́	шкатулки и 	
зеркала	зеркала́	эти 	
зеркала	зеркала́	это только 	
зерна	зерна́		 и муки
зерна	зерна́		 и сена
зерна	зерна́	без 	
зерна	зерна́	больше 	
зерна	зерна́	вина или 	
зерна	зерна́	запасами 	
зерна	зерна́	запасы 	
зерна	зерна́	землю 	
зерна	зерна́	из за 	
зерна	зерна́	из под 	
зерна	зерна́	красного 	
зерна	зерна́	мешок 	
зерна	зерна́	муки и 	
зерна	зерна́	никакого 	
зерна	зерна́	от 	
зерна	зерна́	переборка 	
зерна	зерна́	производству 	
зерна	зерна́	сена и 	
зерна	зерна́	этого 	
зерна	зё́рна		 в землю
зерна	зё́рна		 здравого
зерна	зё́рна		 злаковых
зерна	зё́рна		 истины
зерна	зё́рна		 пшеницы
зерна	зё́рна		 раздора
зерна	зё́рна		 различных
зерна	зё́рна		 там всякие
зерна	зё́рна		 ячменя
зерна	зё́рна	добывал 	
зерна	зё́рна	истины 	
зерна	зё́рна	какие то 	
зерна	зё́рна	какие тоъ 	
зерна	зё́рна	какие-то 	
зерна	зё́рна	клевать 	
зерна	зё́рна	одиночные 	
зерна	зё́рна	отделить 	
зерна	зё́рна	разные 	
зерна	зё́рна	те 	
зерна	зё́рна	эти 	
зимы	зи́мы		 в
зимы	зи́мы		 здесь
зимы	зи́мы		 стали
зимы	зи́мы		 такие
зимы	зи́мы		 там суровые
зимы	зи́мы	бывали 	
зимы	зи́мы	весны и 	
зимы	зи́мы	голодные 	
зимы	зи́мы	какие здесь 	
зимы	зи́мы	лютые 	
зимы	зи́мы	наши 	
зимы	зи́мы	стали теплее 	
зимы	зи́мы	странные здесь 	
зимы	зи́мы	суровые 	
зимы	зи́мы	холодные 	
зимы	зимы́	белой 	
зимы	зимы́	до 	
зимы	зимы́	земной 	
зимы	зимы́	месяцы 	
зимы	зимы́	наступления 	
зимы	зимы́	начале 	
зимы	зимы́	опасаются 	
зимы	зимы́	посреди 	
зимы	зимы́	с 	
зимы	зимы́	течение 	
зимы	зимы́	этой 	
златом	зла́том		 и серебром
златом	зла́том	над 	
златом	зла́том	нашим 	
златом	зла́том	полновесным 	
златом	зла́том	серебром и 	
змее	змее́	волшебной 	
змее	змее́	огненной 	
змеи	зме́и		 горынычи
змеи	зме́и		 и
змеи	зме́и		 и кресты
змеи	зме́и		 и хищные рыбы
змеи	зме́и		 не слышат
змеи	зме́и		 подколодные
змеи	зме́и		 просто
змеи	зме́и		 с большими
змеи	зме́и		 успокоились
змеи	зме́и	гигантские 	
змеи	зме́и	живые 	
змеи	зме́и	зашипели 	
змеи	зме́и	звери, 	
змеи	зме́и	и 	
змеи	зме́и	как 	
змеи	зме́и	коньки и 	
змеи	зме́и	лезут 	
змеи	зме́и	летающие 	
змеи	зме́и	наконец 	
змеи	зме́и	оборотни 	
змеи	зме́и	пока 	 не
змеи	зме́и	словно 	
змеи	зме́и	точно 	 с
змеи	зме́и	туповатые 	
змеи	зме́и	шипящие 	
змеи	зме́и	эпифиты 	
змеи	зме́и	это 	
змеи	зме́и	это не 	
змеи	зме́и	ящерицы, даже 	
змеи	змеи́		 его
змеи	змеи́		 прошли
змеи	змеи́	большой 	
змеи	змеи́	в форме 	
змеи	змеи́	вместо 	
змеи	змеи́	водоплавающей 	
змеи	змеи́	гамма 	
змеи	змеи́	глаза 	
змеи	змеи́	голова 	
змеи	змеи́	головы 	
змеи	змеи́	голодной 	
змеи	змеи́	гремучей 	
змеи	змеи́	две 	
змеи	змеи́	двухголовой 	
змеи	змеи́	для 	
змеи	змеи́	дугой 	
змеи	змеи́	зеленоватой 	
змеи	змеи́	извивающейся 	
змеи	змеи́	изяществом 	
змеи	змеи́	исполинской 	
змеи	змеи́	клыки 	
змеи	змеи́	коварством 	
змеи	змеи́	коммунистической 	
змеи	змеи́	круг 	
змеи	змеи́	ни одной 	
змеи	змеи́	объятий 	
змеи	змеи́	от 	
змеи	змеи́	пасть 	
змеи	змеи́	силы 	
змеи	змеи́	тело 	
змеи	змеи́	три 	
змеи	змеи́	у 	
змеи	змеи́	укуса 	
змеи	змеи́	укусе 	
змеи	змеи́	улыбка 	
змеи	змеи́	хвосте 	
змеи	змеи́	четыре 	
змеи	змеи́	шипение 	
змеи	змеи́	ядовитой 	
змеи	змеи́	язык 	
змею	зме́ю	к 	
змею	змею́		 не испугали
змею	змею́	голема 	
змею	змею́	груди 	
змею	змею́	дразню 	
змею	змею́	ему 	
змею	змею́	на 	
змею	змею́	на груди 	
змею	змею́	нависшую над ним 	
змею	змею́	напоминала 	
змею	змею́	настигла 	
змею	змею́	поглаживая 	
змею	змею́	свернувшуюся 	
змею	змею́	увидеть 	
змея	зме́я		 горыныча
змея	зме́я		 искусителя
змея	зме́я		 толстого
змея	зме́я		 трясло
змея	зме́я		 тугарина
змея	зме́я	башка 	
змея	зме́я	болотного 	
змея	зме́я	брало 	
змея	зме́я	бумажного 	
змея	зме́я	в 	
змея	зме́я	в пасти 	
змея	зме́я	в пасти башки 	
змея	зме́я	в пасти головы 	
змея	зме́я	воздушного 	
змея	зме́я	возле 	
змея	зме́я	голову 	
змея	зме́я	двуглавого 	
змея	зме́я	для 	
змея	зме́я	исполинского 	
змея	зме́я	кроме 	
змея	зме́я	крылатого 	
змея	зме́я	макет 	
змея	зме́я	мира 	 нельзя
змея	зме́я	на 	
змея	зме́я	ноги 	
змея	зме́я	огромных размеров 	
змея	зме́я	пасти 	
змея	зме́я	подпорожного 	
змея	зме́я	против 	
змея	зме́я	самого 	
змея	зме́я	со 	
змея	зме́я	спрятать 	
змея	зме́я	такого 	
змея	зме́я	у 	
змея	зме́я	хватка 	
змея	зме́я	что головы 	
змея	змея́		 анаконда
змея	змея́		 в человеческом
змея	змея́		 внезапно открыла
змея	змея́		 дагомейская
змея	змея́		 длиной
змея	змея́		 и единорог
змея	змея́		 красавица
змея	змея́		 молния
змея	змея́		 мутант
змея	змея́		 напала
змея	змея́		 подколодная
змея	змея́		 ты вероломная
змея	змея́		 успеет
змея	змея́		 ядовитая
змея	змея́	альм 	
змея	змея́	белая 	
змея	змея́	видна 	
змея	змея́	водяная 	
змея	змея́	встретится 	
змея	змея́	вторая 	
змея	змея́	выползает 	
змея	змея́	гремучая 	
змея	змея́	даже не 	
змея	змея́	его 	
змея	змея́	жареная 	
змея	змея́	исполинская 	
змея	змея́	как 	
змея	змея́	на ней 	
змея	змея́	пиявка и 	
змея	змея́	серебро и 	
змея	змея́	старая 	
змея	змея́	человек 	
змея	змея́	это 	
змея	змея́	это вовсе не 	
змея	змея́	я хоть и не 	
змея	змея́	ядовитая 	
знаком	зна́ком		 академии
знаком	зна́ком		 беды
знаком	зна́ком		 благодарности
знаком	зна́ком		 благословения
знаком	зна́ком		 велев
знаком	зна́ком		 велел
знаком	зна́ком		 велит
знаком	зна́ком		 вопроса
знаком	зна́ком		 дать
знаком	зна́ком		 десятника
знаком	зна́ком		 дьявола
знаком	зна́ком		 его руки
знаком	зна́ком		 им служит
знаком	зна́ком		 красного
знаком	зна́ком		 мне велел
знаком	зна́ком		 огромного
знаком	зна́ком		 огромной
знаком	зна́ком		 он показал
знаком	зна́ком		 ордена
знаком	зна́ком		 особого
знаком	зна́ком		 остановил
знаком	зна́ком		 отдаю
знаком	зна́ком		 отличия
знаком	зна́ком		 отослал
знаком	зна́ком		 отправляет
знаком	зна́ком		 отпустил
знаком	зна́ком		 отрицания
знаком	зна́ком		 плюс
знаком	зна́ком		 подзывая
знаком	зна́ком		 подозвал
знаком	зна́ком		 показав
знаком	зна́ком		 показал
знаком	зна́ком		 попросил
знаком	зна́ком		 попросила
знаком	зна́ком		 посадив
знаком	зна́ком		 послал
знаком	зна́ком		 поторопил
знаком	зна́ком		 поторопила
знаком	зна́ком		 потребовал
знаком	зна́ком		 предлагая
знаком	зна́ком		 предложил
знаком	зна́ком		 пригласил
знаком	зна́ком		 пригласила
знаком	зна́ком		 призывает
знаком	зна́ком		 приказав
знаком	зна́ком		 приказал
знаком	зна́ком		 руки
знаком	зна́ком		 своим
знаком	зна́ком		 свыше
знаком	зна́ком		 святого
знаком	зна́ком		 сержанта
знаком	зна́ком		 смерти
знаком	зна́ком		 согласия
знаком	зна́ком		 сокола
знаком	зна́ком		 сообщил
знаком	зна́ком		 танатос
знаком	зна́ком		 того
знаком	зна́ком		 уважения
знаком	зна́ком		 указав
знаком	зна́ком		 указал
знаком	зна́ком		 участника
знаком	зна́ком		 я ошибся
знаком	зна́ком	была 	
знаком	зна́ком	были 	
знаком	зна́ком	было 	
знаком	зна́ком	быть 	
знаком	зна́ком	верным 	
знаком	зна́ком	вопросительным 	
знаком	зна́ком	восклицательным 	
знаком	зна́ком	геральдическим 	
знаком	зна́ком	добрым 	
знаком	зна́ком	его 	
знаком	зна́ком	загадочным 	
знаком	зна́ком	запрещающим 	
знаком	зна́ком	их 	
знаком	зна́ком	каким нибудь 	
знаком	зна́ком	каким то 	
знаком	зна́ком	каким тоъ 	
знаком	зна́ком	лучшим ему 	
знаком	зна́ком	медальон с таким же 	
знаком	зна́ком	медальон с таким же вот 	
знаком	зна́ком	медальоны с таким же 	
знаком	зна́ком	медальоны с таким же вот 	
знаком	зна́ком	медведица быть 	
знаком	зна́ком	меткой или 	
знаком	зна́ком	меткой, 	
знаком	зна́ком	моим 	
знаком	зна́ком	мужчину 	
знаком	зна́ком	наградил 	
знаком	зна́ком	наградили 	
знаком	зна́ком	наградят 	
знаком	зна́ком	над 	
знаком	зна́ком	наилучшим 	
знаком	зна́ком	неизвестным 	
знаком	зна́ком	неким 	
знаком	зна́ком	непонятным 	
знаком	зна́ком	номерным 	
знаком	зна́ком	обратным 	
знаком	зна́ком	она 	
знаком	зна́ком	опознавательным 	
знаком	зна́ком	осеняя их 	
знаком	зна́ком	ответным 	
знаком	зна́ком	отличительным 	
знаком	зна́ком	отмеченный 	
знаком	зна́ком	пальцы 	
знаком	зна́ком	партийным 	
знаком	зна́ком	плохим 	
знаком	зна́ком	пограничным 	
знаком	зна́ком	под 	
знаком	зна́ком	показав мне 	
знаком	зна́ком	послужили 	
знаком	зна́ком	послужило 	
знаком	зна́ком	приметным 	
знаком	зна́ком	просто 	
знаком	зна́ком	ритуальным 	
знаком	зна́ком	своим 	
знаком	зна́ком	сделалась 	
знаком	зна́ком	себя 	
знаком	зна́ком	со 	
знаком	зна́ком	стало 	
знаком	зна́ком	считался 	
знаком	зна́ком	считать 	
знаком	зна́ком	таким 	
знаком	зна́ком	твоим 	
знаком	зна́ком	украшенный 	
знаком	зна́ком	украшенных 	
знаком	зна́ком	условным 	
знаком	зна́ком	фигурой или 	
знаком	зна́ком	хорошим 	
знаком	зна́ком	этим 	
знаком	зна́ком	это 	
знаком	зна́ком	являлось 	
знаком	зна́ком	являющаяся 	
знаком	зна́ком	являющегося 	
знаком	зна́ком	являющееся 	
знаком	зна́ком	являющийся 	
знаком	знако́м		 был плохо
знаком	знако́м		 куда лучше
знаком	знако́м		 ли
знаком	знако́м		 лично
знаком	знако́м		 мало
знаком	знако́м		 мне был
знаком	знако́м		 не был
знаком	знако́м		 с
знаком	знако́м		 со
знаком	знако́м		 то
знаком	знако́м		 тоъ
знаком	знако́м		 чуть ли
знаком	знако́м	более 	
знаком	знако́м	будучи 	
знаком	знако́м	был 	
знаком	знако́м	вам 	 этот
знаком	знако́м	вовсе не был 	
знаком	знако́м	давно 	
знаком	знако́м	даже ему 	
знаком	знако́м	ей 	 этот
знаком	знако́м	ему 	 этот
знаком	знако́м	им 	 этот
знаком	знако́м	классикой 	
знаком	знако́м	которым 	
знаком	знако́м	лично 	
знаком	знако́м	менее 	
знаком	знако́м	мне 	
знаком	знако́м	многими 	
знаком	знако́м	не 	
знаком	знако́м	не 	 с ним
знаком	знако́м	не был 	
знаком	знако́м	небу 	
знаком	знако́м	немного 	
знаком	знако́м	отлично 	
знаком	знако́м	полжизни 	
знаком	знако́м	прекрасно 	
знаком	знако́м	с которым 	
знаком	знако́м	с местностью 	
знаком	знако́м	с оружием 	
знаком	знако́м	смутно 	
знаком	знако́м	сталиным 	
знаком	знако́м	тебе 	 этот
знаком	знако́м	ты 	
знаком	знако́м	уже 	
знаком	знако́м	хорошо 	
знаком	знако́м	чем тоъ 	
знаком	знако́м	я 	
зову	зо́ву		 сердца
зову	зо́ву		 трубы
зову	зо́ву	благодаря 	
зову	зо́ву	его 	
зову	зо́ву	их 	
зову	зо́ву	к 	
зову	зо́ву	моему 	
зову	зо́ву	навстречу 	
зову	зо́ву	нашему 	
зову	зо́ву	невнятному 	
зову	зо́ву	первому 	
зову	зо́ву	по 	
зову	зо́ву	по 	 души и сердца
зову	зо́ву	по первому 	
зову	зо́ву	повинуясь 	
зову	зо́ву	поддающиеся 	
зову	зо́ву	последовала 	
зову	зо́ву	последовать 	
зову	зо́ву	последует 	
зову	зо́ву	сильнейшему 	
зову	зо́ву	следуя 	
зову	зо́ву	сопротивляться 	
зову	зо́ву	срочному 	
зову	зо́ву	твоему 	
зову	зо́ву	этому 	
зову	зову́		 вас
зову	зову́		 добровольцев
зову	зову́		 их
зову	зову́		 на помощь
зову	зову́		 себя
зову	зову́		 стражу
зову	зову́		 тебя
зову	зову́	вас 	
зову	зову́	иногда 	
зову	зову́	не 	
зову	зову́	час 	
зову	зову́	я 	
зову	зову́	я вас 	
золотом	зо́лотом		 блестел
золотом	зо́лотом		 блестела
золотом	зо́лотом		 блестели
золотом	зо́лотом		 гоблинов
золотом	зо́лотом		 горят
золотом	зо́лотом		 за
золотом	зо́лотом		 и
золотом	зо́лотом		 искрились
золотом	зо́лотом		 осыплю
золотом	зо́лотом		 отделана
золотом	зо́лотом		 отсвечивали
золотом	зо́лотом		 переливались
золотом	зо́лотом		 по весу
золотом	зо́лотом		 просияла
золотом	зо́лотом		 сверкают
золотом	зо́лотом		 тканый
золотом	зо́лотом		 шита
золотом	зо́лотом		 шитом
золотом	зо́лотом	богатые 	
золотом	зо́лотом	брызжа 	
золотом	зо́лотом	вспыхивали 	
золотом	зо́лотом	выкупить 	
золотом	зо́лотом	выложены 	
золотом	зо́лотом	высечено 	
золотом	зо́лотом	вытесненным 	
золотом	зо́лотом	вытисненной 	
золотом	зо́лотом	вышитом 	
золотом	зо́лотом	вышитыми 	
золотом	зо́лотом	динаров 	
золотом	зо́лотом	заплатил 	
золотом	зо́лотом	зашитую 	
золотом	зо́лотом	звенящую 	
золотом	зо́лотом	и 	
золотом	зо́лотом	инкрустированные 	
золотом	зо́лотом	инкрустированный 	
золотом	зо́лотом	которых 	
золотом	зо́лотом	мексиканским 	
золотом	зо́лотом	мошну 	
золотом	зо́лотом	обвитые 	
золотом	зо́лотом	обладая 	
золотом	зо́лотом	окрасились 	
золотом	зо́лотом	отливает 	
золотом	зо́лотом	отливали 	
золотом	зо́лотом	отливало 	
золотом	зо́лотом	плачу 	
золотом	зо́лотом	подсвечено 	
золотом	зо́лотом	покрыта 	
золотом	зо́лотом	полны 	
золотом	зо́лотом	ртути 	
золотом	зо́лотом	с 	
золотом	зо́лотом	с 	 тунике
золотом	зо́лотом	сверкавшем 	
золотом	зо́лотом	сверкал 	
золотом	зо́лотом	сверкали 	
золотом	зо́лотом	сверкающая 	
золотом	зо́лотом	сверкающие 	
золотом	зо́лотом	сверкающий 	
золотом	зо́лотом	сверкающим 	
золотом	зо́лотом	сверкнуло вдруг 	
золотом	зо́лотом	серебром и 	
золотом	зо́лотом	сияли 	
золотом	зо́лотом	сияют 	
золотом	зо́лотом	сопровождается 	
золотом	зо́лотом	стало 	
золотом	зо́лотом	торговля 	
золотом	зо́лотом	украшенными 	
золотом	зо́лотом	усыпана 	
золотом	зо́лотом	усыпать 	
золотом	зо́лотом	франков 	
золотом	зо́лотом	червонным 	
золотом	зо́лотом	чистым 	
золотом	зо́лотом	шита 	
золотом	зо́лотом	шитой 	
золотом	зо́лотом	шитом 	
золотом	зо́лотом	шитую 	
золотом	зо́лотом	шитые 	
золотом	зо́лотом	шитый 	
золотом	зо́лотом	является 	
золотом	зо́лотом	являются 	
золотом	зо́лотом	ярким 	
золотом	зо́лотом	ярчайшим 	
золотом	золото́м		 веке
золотом	золото́м		 времени
золотом	золото́м		 кладе
золотом	золото́м		 конвое
золотом	золото́м		 мундире
золотом	золото́м		 пенсне
золотом	золото́м		 поясе
золотом	золото́м		 правиле
золотом	золото́м		 прииске
золотом	золото́м		 руднике
золотом	золото́м		 свете
золотом	золото́м		 фоне
золотом	золото́м	ало 	
золотом	золото́м	бело-	
золотом	золото́м	в 	
золотом	золото́м	лазурно-	
золотом	золото́м	на 	
золотом	золото́м	о 	
золотом	золото́м	светло-	
иглы	и́глы		 "метлы"
иглы	и́глы		 есть.
иглы	и́глы		 и штурмы
иглы	и́глы		 кристаллы
иглы	и́глы		 метлы
иглы	и́глы		 небесные
иглы	и́глы		 травы
иглы	и́глы		 у сосен
иглы	и́глы	а 	 то были
иглы	и́глы	а 	 тоъ были
иглы	и́глы	гигантские 	
иглы	и́глы	зубы 	
иглы	и́глы	как 	
иглы	и́глы	ледяные 	
иглы	и́глы	нитки и 	
иглы	и́глы	словно 	
иглы	и́глы	снаряды 	
иглы	и́глы	стальные 	
иглы	и́глы	стрелки 	
иглы	и́глы	точно 	
иглы	и́глы	шприцы и 	
иглы	иглы́		 воды
иглы	иглы́		 и ниток
иглы	иглы́	в виде 	
иглы	иглы́	две 	
иглы	иглы́	диверсионной 	
иглы	иглы́	из 	
иглы	иглы́	из ствола 	
иглы	иглы́	конце 	
иглы	иглы́	кончике 	
иглы	иглы́	кончиком 	
иглы	иглы́	обе 	
иглы	иглы́	основание 	
иглы	иглы́	от 	
иглы	иглы́	с 	
иглы	иглы́	тонюсенькой 	
иглы	иглы́	три 	
иглы	иглы́	четыре 	
игры	и́гры		 в конспирацию
игры	и́гры		 в слова и зеркала
игры	и́гры		 всегда
игры	и́гры		 и сборники
игры	и́гры		 и сопли
игры	и́гры		 и тренировки
игры	и́гры		 насквозь
игры	и́гры		 не те
игры	и́гры		 нового
игры	и́гры		 симуляторы
игры	и́гры		 стали
игры	и́гры		 те же
игры	и́гры	азартные 	
игры	и́гры	в 	
игры	и́гры	в какие тоъ 	
игры	и́гры	в те 	
игры	и́гры	в те же 	
игры	и́гры	в эти 	
игры	и́гры	в эти же 	
игры	и́гры	видео 	
игры	и́гры	видя 	
игры	и́гры	включая 	
игры	и́гры	военные 	
игры	и́гры	вот 	
игры	и́гры	достаются 	
игры	и́гры	еда и 	
игры	и́гры	и 	 в
игры	и́гры	играть 	
игры	и́гры	именно 	
игры	и́гры	их 	
игры	и́гры	как то 	
игры	и́гры	как тоъ 	
игры	и́гры	какие тут 	
игры	и́гры	конечно 	 в
игры	и́гры	криминальные 	
игры	и́гры	лагерные 	
игры	и́гры	лишь 	 разума
игры	и́гры	любит 	
игры	и́гры	любишь 	
игры	и́гры	люблю 	
игры	и́гры	мне 	
игры	и́гры	могут быть 	
игры	и́гры	мои 	
игры	и́гры	на 	
игры	и́гры	начались 	
игры	и́гры	наши 	
игры	и́гры	некоторые 	
игры	и́гры	новые 	
игры	и́гры	одни 	
игры	и́гры	опасные 	
игры	и́гры	опять 	
игры	и́гры	подобные 	
игры	и́гры	пошли 	
игры	и́гры	праздники и 	
игры	и́гры	прежние 	
игры	и́гры	самые 	
игры	и́гры	свои 	
игры	и́гры	себе 	
игры	и́гры	сии 	
игры	и́гры	средние 	
игры	и́гры	странные 	
игры	и́гры	такие 	
игры	и́гры	такие уж 	
игры	и́гры	таковы уж 	
игры	и́гры	твои 	
игры	и́гры	те 	
игры	и́гры	терпеть не могу 	
игры	и́гры	файлы и 	
игры	и́гры	человеческие 	
игры	и́гры	чем 	
игры	и́гры	что 	 сразу стали
игры	и́гры	чужие 	
игры	и́гры	чьи та 	
игры	и́гры	шпионские 	
игры	и́гры	эти 	
игры	и́гры	это только 	
игры	и́гры	этом 	
игры	игры́	затеянной 	
игры	игры́	звуки 	
игры	игры́	моей 	
игры	игры́	не было 	
игры	игры́	от 	
игры	игры́	правила 	
игры	игры́	ради 	
избы	избы́	возле 	
избы	избы́	из 	
избы	избы́	на окне 	
избы	избы́	население 	
избы	избы́	окно 	
избы	избы́	самой 	
избы	избы́	стекла 	
изверг	изве́рг		 вонь
изверг	изве́рг		 из
изверг	изве́рг		 из себя
изверг	изве́рг		 на пол
изверг	изве́рг	пламени 	
извести	и́звести	кусками 	
извести	и́звести	кучи 	
издали	и́здали		 аномалия
издали	и́здали		 выглядел
издали	и́здали		 выглядело
издали	и́здали		 глядя
издали	и́здали		 его можно
издали	и́здали		 неразличимому
издали	и́здали		 он напоминал
издали	и́здали		 пастухи невозмутимо наблюдали
издали	и́здали		 послышались
издали	и́здали		 послышалось
издали	и́здали		 почудились
издали	и́здали		 почудилось
издали	и́здали		 стали очевидны масштабы
издали	и́здали		 услышал
издали	и́здали	вдруг 	 почудились
издали	и́здали	видел его 	
издали	и́здали	видела нечто подобное 	
издали	и́здали	доносились 	
издали	и́здали	кажутся 	 крохотными
издали	и́здали	перестрелять 	
издали	и́здали	снятые 	
издали	изда́ли		 возглас
издали	изда́ли		 звук
издали	изда́ли		 зловещий
издали	изда́ли		 мелодичный
издали	изда́ли		 писк
издали	изда́ли	дружно 	
издали	изда́ли	зрители 	 дружное
издали	изда́ли	не 	
издали	изда́ли	они 	
издали	изда́ли	фанфары 	
изложите	изло́жите	сами 	
измените	изме́ните	вы 	
измените	изме́ните	не 	
измерим	измери́м	он 	
изучите	изу́чите	который вы 	
икры	и́кры		 и лодыжки
икры	и́кры	растирая 	
икры	икры́	бочек 	
икры	икры́	бочка 	
икры	икры́	бочкам 	
икры	икры́	бочками 	
икры	икры́	бочках 	
икры	икры́	бочке 	
икры	икры́	бочки 	
икры	икры́	бочкою 	
икры	икры́	бочку 	
икры	икры́	вкус 	
икры	икры́	вкуса 	
икры	икры́	вкусе 	
икры	икры́	вкусом 	
икры	икры́	вкусу 	
икры	икры́	грамм 	
икры	икры́	граммам 	
икры	икры́	граммами 	
икры	икры́	граммах 	
икры	икры́	грамме 	
икры	икры́	граммов 	
икры	икры́	граммом 	
икры	икры́	грамму 	
икры	икры́	граммы 	
икры	икры́	до 	
икры	икры́	запах 	
икры	икры́	запаха 	
икры	икры́	запахе 	
икры	икры́	запахом 	
икры	икры́	запаху 	
икры	икры́	килограмм 	
икры	икры́	килограммам 	
икры	икры́	килограммами 	
икры	икры́	килограммах 	
икры	икры́	килограмме 	
икры	икры́	килограммов 	
икры	икры́	килограммом 	
икры	икры́	килограмму 	
икры	икры́	килограммы 	
икры	икры́	ложек 	
икры	икры́	ложка 	
икры	икры́	ложкам 	
икры	икры́	ложками 	
икры	икры́	ложках 	
икры	икры́	ложке 	
икры	икры́	ложки 	
икры	икры́	ложку 	
икры	икры́	лягушачьей 	
икры	икры́	мало 	
икры	икры́	метанию 	
икры	икры́	много 	
икры	икры́	рыбьей 	
икры	икры́	свежей 	
икры	икры́	тонн 	
икры	икры́	тонна 	
икры	икры́	тоннам 	
икры	икры́	тоннами 	
икры	икры́	тоннах 	
икры	икры́	тонне 	
икры	икры́	тонною 	
икры	икры́	тонны 	
икры	икры́	щучьей 	
инструктора	инструктора́		 ваши
инструктора	инструктора́		 наши
инструктора	инструктора́		 сами
инструктора	инструктора́	в 	
инструктора	инструктора́	ваши 	
инструктора	инструктора́	за 	
инструктора	инструктора́	наши 	
инструктора	инструктора́	о 	
инструктора	инструктора́	об 	
инструктора	инструктора́	сами 	
инструктора	инструктора́	те 	
инструктора	инструктора́	эти 	
ирисы	ири́сы	разрослись 	
исправим	исправи́м	не 	
исправим	исправи́м	он не 	
исправим	исправи́м	ты не 	
казни	ка́зни		 так [homo] казни [/homo]
казни	ка́зни	без 	
казни	ка́зни	были 	
казни	ка́зни	вашей 	
казни	ка́зни	видом 	
казни	ка́зни	время 	
казни	ка́зни	дата 	
казни	ка́зни	дату 	
казни	ка́зни	избежали 	
казни	ка́зни	избежать 	
казни	ка́зни	лютой 	
казни	ка́зни	места 	
казни	ка́зни	место 	
казни	ка́зни	месту 	
казни	ка́зни	моей 	
казни	ка́зни	неминуемой 	
казни	ка́зни	ни 	 ни преследования
казни	ка́зни	никакой 	
казни	ка́зни	отложенной 	
казни	ка́зни	публичной 	
казни	ка́зни	равносильно 	
казни	ка́зни	разве 	
казни	ка́зни	смертной 	
казни	ка́зни	способах 	
казни	ка́зни	тело после 	
казни	ка́зни	убоявшись 	
казни	ка́зни	уже после 	
казни	ка́зни	четыре 	
казни	казни́		 их
казни	казни́		 меня
казни	казни́		 нас
казни	казни́		 себя
казни	казни́	не 	
казни	казни́	не 	 себя
казни	казни́	себя не 	
какой	како́й		
какой	како́й		 бы то
какой	како́й		 раз еду
какой	како́й		-либо
какой	како́й		-нибудь
какой	како́й		-то
какой	како́й	кое-	
капель	ка́пель		 вина
капель	ка́пель		 крови
капель	ка́пель		 не ощущается
капель	ка́пель		 свинца
капель	ка́пель		 слез
капель	ка́пель	взвешенных 	
капель	ка́пель	коснулся 	
капель	ка́пель	крохотных 	
капель	ка́пель	крупных 	
капель	ка́пель	несколько 	
капель	ка́пель	огненных 	
капель	ка́пель	пара 	
капель	ка́пель	паре 	
капель	ка́пель	пары 	
капель	ка́пель	первых 	
капель	ка́пель	перестук 	
капель	ка́пель	пол 	
капель	ка́пель	последних 	
капель	ка́пель	пять 	
капель	ка́пель	сверкающих 	
капель	ка́пель	смолистых 	
капель	ка́пель	у 	
капель	ка́пель	холодных 	
капель	ка́пель	этих 	
капель	капе́ль	весенняя 	
капель	капе́ль	звучала 	
капель	капе́ль	эта 	
катера	ка́тера		 борта
катера	ка́тера	аренда 	
катера	ка́тера	боевого 	
катера	ка́тера	борт 	
катера	ка́тера	борта 	
катера	ка́тера	борту 	
катера	ка́тера	взятого на абордаж 	
катера	ка́тера	голос 	
катера	ка́тера	за руль скутера или 	
катера	ка́тера	к корме 	
катера	ка́тера	корму 	
катера	ка́тера	корпус 	
катера	ка́тера	на борту 	
катера	ка́тера	стороны 	
катера	ка́тера	указал на бок 	
катера	ка́тера	хозяина 	
катера	ка́тера	шустрого 	
катера	катера́		 [homo] катера [/homo]ми
катера	катера́		 и корабли
катера	катера́		 и крейсера
катера	катера́		 и лодки
катера	катера́		 и скутеры
катера	катера́		 и субмарины
катера	катера́		 и яхты
катера	катера́	в 	
катера	катера́	ватерходы и 	
катера	катера́	десантные 	
катера	катера́	исправить 	
катера	катера́	корабли и 	
катера	катера́	корабли, 	
катера	катера́	крейсера и 	
катера	катера́	крейсера, 	
катера	катера́	лодки и 	
катера	катера́	лодки, 	
катера	катера́	на 	
катера	катера́	пассажирские 	
катера	катера́	патрулируют 	
катера	катера́	патрульные 	
катера	катера́	погрузить на 	
катера	катера́	прогулочные 	
катера	катера́	садились лишь 	
катера	катера́	скутеры и 	
катера	катера́	скутеры, 	
катера	катера́	собственные 	
катера	катера́	то ли 	 с
катера	катера́	торпедные 	
катера	катера́	через 	
катера	катера́	шлюпки и 	
катера	катера́	щеголеватые 	
катера	катера́	яхты и 	
катера	катера́	яхты, 	
качка	ка́чка		 затихала
качка	ка́чка		 затихла
качка	ка́чка	волны и 	
качка	ка́чка	началась 	
качка	ка́чка	но 	 есть
качка	ка́чка	сильная 	
качка	качка́	два 	
качки	ка́чки	из за 	
качки	ка́чки	от 	
качки	ка́чки	ощущение 	
качки	ка́чки	против 	
качки	качки́		 заржали
качки	качки́	бойца ну и 	
кирки	ки́рки	ломы и 	
кирки	ки́рки	молотки и 	
киркой	кирко́й	вырубая 	
кислоты	кисло́ты	концентрированные 	
кислоты	кислоты́	две 	
кислоты	кислоты́	много 	
кислоты	кислоты́	отвода 	
кислоты	кислоты́	серной 	
кислоты	кислоты́	синильной 	
кислоты	кислоты́	три 	
кислоты	кислоты́	четыре 	
кислоты	кислоты́	щавелевой 	
кладу	кла́ду	зарытому 	
кладу	кла́ду	к 	
кладу	кла́ду	одному 	
кладу	кла́ду	пиратскому 	
кладу	кладу́	револьвер 	
клевера	кле́вера	цветок 	
клешней	клешнё́й		 своей
клешней	клешнё́й		 твоей
клешней	клешнё́й	крабовой 	
клешней	клешнё́й	раковой 	
клешней	клешнё́й	своей 	
клешней	клешнё́й	твоей 	
клещи	кле́щи		 для
клещи	кле́щи		 и дыба
клещи	кле́щи		 накалил
клещи	кле́щи		 не перепутай
клею	клею́	опять на 	
клубами	клу́бами	с 	 в
клубами	клу́бами	этими 	
клубами	клуба́ми		 дыма
клубами	клуба́ми		 пара
клубами	клуба́ми		 пыли
клубами	клуба́ми	густыми 	
клубами	клуба́ми	плотными 	
клубах	клуба́х		 дыма
клубах	клуба́х		 пара
клубах	клуба́х		 песка
клубах	клуба́х		 пыли
клубах	клуба́х	в 	 дыма
клубах	клуба́х	в 	 пыли
клубов	клу́бов	владельцев 	
клубов	клу́бов	местных 	
клубов	клу́бов	ночных 	
клубов	клубо́в		 дыма
клубов	клубо́в		 табачного дыма
клубы	клу́бы	мои 	
клубы	клубы́		 белого дыма
клубы	клубы́		 голубоватого
клубы	клубы́		 голубого дыма
клубы	клубы́		 дыма
клубы	клубы́		 зеленоватого
клубы	клубы́		 которого затянули небо
клубы	клубы́		 пара
клубы	клубы́		 пепла
клубы	клубы́		 песчаной пыли
клубы	клубы́		 пыли
клубы	клубы́		 табачного дыма
клубы	клубы́	испуская 	
клубы	клубы́	мутные 	
клубы	клубы́	огромные 	
клубы	клубы́	плотные 	
клубы	клубы́	повалили 	
клубы	клубы́	подняв со дна 	
клубы	клубы́	сквозь 	
клубы	клубы́	спиной 	
козел	ко́зел	велкопоповицкий 	
козел	ко́зел	из под 	
козел	ко́зел	с 	
козел	ко́зел	сторону 	
козлы	ко́злы	в 	
козлы	ко́злы	на 	
козлы	козлы́	суки, 	
козы	ко́зы		 и коровы
козы	ко́зы	покуда 	
козы	ко́зы	только скалы и 	
козы	козы́	горной 	
козы	козы́	дикой 	
козы	козы́	молодой 	
козы	козы́	от овцы или 	
козы	козы́	четыре 	
кола	ко́ла	кока 	
кола	ко́ла	пепси 	
кола	кола́	ни 	
кола	кола́	ни 	 ни двора
кола	кола́	с 	
кола	кола́	у 	
колбасы	колба́сы		 ваши
колбасы	колба́сы		 наши
колбасы	колба́сы		 сами
колбасы	колба́сы	были не 	
колбасы	колба́сы	в 	
колбасы	колба́сы	ваши 	
колбасы	колба́сы	кровяные 	
колбасы	колба́сы	наши 	
колбасы	колба́сы	о 	
колбасы	колба́сы	об 	
колбасы	колба́сы	огромные 	
колбасы	колба́сы	пахучие 	
колбасы	колба́сы	под 	
колбасы	колба́сы	сами 	
колбасы	колба́сы	сквозь 	
колбасы	колба́сы	те 	
колбасы	колба́сы	утраченные 	
колбасы	колба́сы	через 	
колбасы	колба́сы	эти 	
колбасы	колбасы́		 и йогурта
колбасы	колбасы́		 нажралась
колбасы	колбасы́		 нарезал
колбасы	колбасы́	докторской 	
колбасы	колбасы́	килограмм 	
колбасы	колбасы́	консервов и 	
колбасы	колбасы́	кровяной 	
колбасы	колбасы́	кружки 	
колбасы	колбасы́	кусок 	
колбасы	колбасы́	кусочек 	
колбасы	колбасы́	кусочки 	
колбасы	колбасы́	половинки 	
колбасы	колбасы́	свиной 	
колбасы	колбасы́	сосисок и 	
колбасы	колбасы́	сублимированной 	
колеса	колеса́		 истории
колеса	колеса́		 развлечений
колеса	колеса́		 фортуны
колеса	колеса́	виде 	
колеса	колеса́	возле 	
колеса	колеса́	гефестова 	
колеса	колеса́	два 	
колеса	колеса́	движение 	
колеса	колеса́	диск 	
колеса	колеса́	заднего 	
колеса	колеса́	из за 	
колеса	колеса́	изобретателя 	
колеса	колеса́	изобретение 	
колеса	колеса́	ими 	
колеса	колеса́	края 	
колеса	колеса́	литого 	
колеса	колеса́	оба 	
колеса	колеса́	оба задних 	
колеса	колеса́	обломке 	
колеса	колеса́	обод 	
колеса	колеса́	огромного 	
колеса	колеса́	огромных 	
колеса	колеса́	одного 	
колеса	колеса́	переднего 	
колеса	колеса́	поворот 	
колеса	колеса́	полозьев и 	
колеса	колеса́	привода 	
колеса	колеса́	расположенных попарно 	
колеса	колеса́	с 	
колеса	колеса́	схеме 	
колеса	колеса́	три 	
колеса	колеса́	у 	
колеса	колеса́	ускорения 	
колеса	колеса́	центре 	
колеса	колеса́	четыре 	
колеса	колё́са		 болотоходы
колеса	колё́са		 бронепоезда
колеса	колё́са		 в корме
колеса	колё́са		 вместо
колеса	колё́са		 возов
колеса	колё́са		 и гусеницы
колеса	колё́са		 и копыта
колеса	колё́са		 и куски
колеса	колё́са		 и куски обшивки
колеса	колё́са		 и полозья
колеса	колё́са		 и тормоза
колеса	колё́са		 карет
колеса	колё́са		 колесниц
колеса	колё́са		 коснулись земли
колеса	колё́са		 не переставали
колеса	колё́са		 отчаянно вращались
колеса	колё́са		 с
колеса	колё́са	автоматы и 	
колеса	колё́са	в 	
колеса	колё́са	водяные 	
колеса	колё́са	вращаем 	
колеса	колё́са	вращаешь 	
колеса	колё́са	вращай 	
колеса	колё́са	вращайте 	
колеса	колё́са	вращали 	
колеса	колё́са	вращаю 	
колеса	колё́са	вращая 	
колеса	колё́са	гремели 	
колеса	колё́са	громадные 	
колеса	колё́са	гусеницы и 	
колеса	колё́са	двери и 	
колеса	колё́са	есть 	
колеса	колё́са	задние 	
колеса	колё́са	зачем 	
колеса	колё́са	копыта и 	
колеса	колё́са	летающие 	
колеса	колё́са	молельные 	
колеса	колё́са	на 	
колеса	колё́са	ноги и 	
колеса	колё́са	обмыли 	
колеса	колё́са	под 	
колеса	колё́са	под 	 то
колеса	колё́са	под 	 тоъ
колеса	колё́са	снимать 	
колеса	колё́са	у них 	
колеса	колё́са	эти 	
колеса	колё́са	это 	
колокола	ко́локола	звон 	
колокола	ко́локола	могучего 	
колокола	ко́локола	удары 	
колокола	ко́локола	этого 	
колокола	колокола́		 и пушки
колокола	колокола́		 отбивают
колокола	колокола́		 пробили
колокола	колокола́	в 	
колокола	колокола́	ваши 	
колокола	колокола́	висят 	
колокола	колокола́	городские 	
колокола	колокола́	зазвонили 	
колокола	колокола́	отливает 	
колокола	колокола́	полную катушку 	
колокола	колокола́	храмовые 	
колокола	колокола́	через 	
колокола	колокола́	эти 	
колонок	коло́нок	возле 	
колу	ко́лу	деревянному 	
колу	ко́лу	диет 	
колу	ко́лу	попивая 	
колу	колу́	на 	
колы	ко́лы		 зараз
колы	ко́лы	банкой 	
колы	ко́лы	банку 	
колы	ко́лы	баночку 	
колы	ко́лы	бутылку 	
колы	ко́лы	бутылочку 	
колы	ко́лы	глоток 	
колы	ко́лы	пепси 	
кольца	ко́льца		 дыма
кольца	ко́льца		 и браслеты
кольца	ко́льца		 и спирали
кольца	ко́льца	браслеты и 	
кольца	ко́льца	будут 	
кольца	ко́льца	будь то 	
кольца	ко́льца	были 	
кольца	ко́льца	в 	
кольца	ко́льца	ваши 	
кольца	ко́льца	ведь 	 замка
кольца	ко́льца	доверять 	
кольца	ко́льца	дуги и 	
кольца	ко́льца	есть 	 на
кольца	ко́льца	именно 	
кольца	ко́льца	к ней 	
кольца	ко́льца	кастет, а не 	
кольца	ко́льца	круги и 	
кольца	ко́льца	медальоны или 	
кольца	ко́льца	на 	
кольца	ко́льца	необходимые 	
кольца	ко́льца	обручальные 	
кольца	ко́льца	ожерелья и 	
кольца	ко́льца	посохи и 	
кольца	ко́льца	пускать 	
кольца	ко́льца	пуская 	
кольца	ко́льца	разогнул 	
кольца	ко́льца	светоотражающие 	
кольца	ко́льца	свои 	
кольца	ко́льца	словно 	
кольца	ко́льца	стояли 	
кольца	ко́льца	теперь 	
кольца	ко́льца	унизывали 	
кольца	ко́льца	эти 	
кольца	кольца́		 в носу
кольца	кольца́		 вовсе нет
кольца	кольца́		 не было
кольца	кольца́		 не обнаружили
кольца	кольца́		 нет
кольца	кольца́		 пво
кольца	кольца́		 самого
кольца	кольца́	антарктического 	
кольца	кольца́	барьерного 	
кольца	кольца́	боевого 	
кольца	кольца́	браслета и 	
кольца	кольца́	братство 	
кольца	кольца́	в форме 	
кольца	кольца́	в центре 	
кольца	кольца́	вдоль 	
кольца	кольца́	властелину 	
кольца	кольца́	вне 	
кольца	кольца́	внешнего 	
кольца	кольца́	внутри 	
кольца	кольца́	внутрь 	
кольца	кольца́	всего 	
кольца	кольца́	второго 	
кольца	кольца́	выпавший из 	
кольца	кольца́	гибели 	
кольца	кольца́	голубого 	
кольца	кольца́	голубых 	
кольца	кольца́	два 	
кольца	кольца́	длина 	
кольца	кольца́	для 	
кольца	кольца́	до 	
кольца	кольца́	духи 	
кольца	кольца́	духов 	
кольца	кольца́	духовного 	
кольца	кольца́	дымных 	
кольца	кольца́	живого 	
кольца	кольца́	замыкание 	
кольца	кольца́	замыкания 	
кольца	кольца́	защитного 	
кольца	кольца́	знак 	
кольца	кольца́	золотых 	
кольца	кольца́	из 	
кольца	кольца́	ихнего 	
кольца	кольца́	к 	
кольца	кольца́	картины 	
кольца	кольца́	касались 	
кольца	кольца́	конец 	
кольца	кольца́	концевого 	
кольца	кольца́	концентрических 	
кольца	кольца́	кораллового 	
кольца	кольца́	коснулся 	
кольца	кольца́	крайнего 	
кольца	кольца́	края 	
кольца	кольца́	любимого 	
кольца	кольца́	магическая мощь 	
кольца	кольца́	магического 	
кольца	кольца́	малого 	
кольца	кольца́	мимо 	
кольца	кольца́	моего 	
кольца	кольца́	на предмет 	
кольца	кольца́	начало 	
кольца	кольца́	начинка 	
кольца	кольца́	нашего 	
кольца	кольца́	нестройного 	
кольца	кольца́	никакого 	
кольца	кольца́	нового 	
кольца	кольца́	обручального 	
кольца	кольца́	огненного 	
кольца	кольца́	одного 	
кольца	кольца́	оказаться снаружи 	
кольца	кольца́	около 	
кольца	кольца́	остатки 	
кольца	кольца́	от 	
кольца	кольца́	отравленного 	
кольца	кольца́	охранниками 	
кольца	кольца́	первого 	
кольца	кольца́	пересекающихся 	
кольца	кольца́	песочного 	
кольца	кольца́	по ту сторону 	
кольца	кольца́	помимо 	
кольца	кольца́	пределах 	
кольца	кольца́	прикосновением 	
кольца	кольца́	проволочного 	
кольца	кольца́	прорыв 	
кольца	кольца́	с 	
кольца	кольца́	садового 	
кольца	кольца́	своего 	
кольца	кольца́	серебристых 	
кольца	кольца́	середине 	
кольца	кольца́	силе 	
кольца	кольца́	след 	
кольца	кольца́	смеющихся 	
кольца	кольца́	смыканием 	
кольца	кольца́	смыкания 	
кольца	кольца́	среди 	
кольца	кольца́	стороне 	
кольца	кольца́	твоего 	
кольца	кольца́	территориях 	
кольца	кольца́	титаны 	
кольца	кольца́	три 	
кольца	кольца́	у 	
кольца	кольца́	у 	 были
кольца	кольца́	уровней 	
кольца	кольца́	хранители 	
кольца	кольца́	хранителя 	
кольца	кольца́	цветных 	
кольца	кольца́	центре 	
кольца	кольца́	части 	
кольца	кольца́	четыре 	
кольца	кольца́	чьего та 	
кольца	кольца́	ширина 	
кольца	кольца́	широких 	
кольца	кольца́	широкого 	
кольца	кольца́	шпильку 	
кольца	кольца́	этого 	
кольца	кольца́	якорного 	
конуса	ко́нуса	стены 	
конуса	ко́нуса	широкие края 	
концлагеря	концла́геря		 не дожили
концлагеря	концлагеря́	в 	
концлагеря	концлагеря́	оправдать даже 	
копи	ко́пи		 твоего сокровища
копи	ко́пи	алмазные 	
копи	ко́пи	димеритовые 	
копи	ко́пи	медные 	
копи	ко́пи	серебряные 	
копи	ко́пи	угольные 	
копи	копи́		 дальше
копья	ко́пья		 в щепки
копья	ко́пья		 всадников
копья	ко́пья		 застревали
копья	ко́пья		 и головы
копья	ко́пья		 и сабли
копья	ко́пья		 и секиры
копья	ко́пья		 и стрелы
копья	ко́пья		 и топоры
копья	ко́пья		 и шеломы
копья	ко́пья		 или мечи
копья	ко́пья		 крюки
копья	ко́пья		 легко
копья	ко́пья		 обоих
копья	ко́пья		 подняты
копья	ко́пья		 с наконечниками
копья	ко́пья		 топоры
копья	ко́пья	алебарды и 	
копья	ко́пья	алебарды или 	
копья	ко́пья	арбалеты, 	
копья	ко́пья	булавы и 	
копья	ко́пья	были 	
копья	ко́пья	висели 	
копья	ко́пья	водородные 	
копья	ко́пья	восьмифутовые 	
копья	ко́пья	выставили 	
копья	ко́пья	выставленные 	
копья	ко́пья	голодные 	
копья	ко́пья	делало 	
копья	ко́пья	длинные 	
копья	ко́пья	дротики и 	
копья	ко́пья	дротики или 	
копья	ко́пья	изогнутые 	
копья	ко́пья	их 	
копья	ко́пья	к бою 	
копья	ко́пья	к стене 	
копья	ко́пья	каймовые 	
копья	ко́пья	клинки и 	
копья	ко́пья	луки и 	
копья	ко́пья	мечи и 	
копья	ко́пья	на 	
копья	ко́пья	наши 	
копья	ко́пья	ножи и 	
копья	ко́пья	о 	
копья	ко́пья	опустили 	
копья	ко́пья	острые 	
копья	ко́пья	отняли 	
копья	ко́пья	палицы и 	
копья	ко́пья	потом 	
копья	ко́пья	про 	
копья	ко́пья	пронзающие 	
копья	ко́пья	свои 	
копья	ко́пья	службы 	
копья	ко́пья	стальные 	
копья	ко́пья	стрелы и 	
копья	ко́пья	тонкие 	
копья	ко́пья	топоры и 	
копья	ко́пья	тройные 	
копья	ко́пья	шлемы и 	
копья	ко́пья	щиты и 	
копья	ко́пья	эти 	
копья	копья́		 не выпустил
копья	копья́	без 	
копья	копья́	вдоль 	
копья	копья́	водяного 	
копья	копья́	выпад 	
копья	копья́	высоте 	
копья	копья́	дальнобойного 	
копья	копья́	два 	
копья	копья́	денег ни 	
копья	копья́	длину 	
копья	копья́	для 	
копья	копья́	до 	
копья	копья́	древко 	
копья	копья́	древком 	
копья	копья́	другого 	
копья	копья́	его 	
копья	копья́	железных 	
копья	копья́	за исключением 	
копья	копья́	завалящего 	
копья	копья́	из 	
копья	копья́	из его 	
копья	копья́	изображение 	
копья	копья́	исключением 	
копья	копья́	конец 	
копья	копья́	конца 	
копья	копья́	концом 	
копья	копья́	кончик 	
копья	копья́	кончике 	
копья	копья́	кончиком 	
копья	копья́	коротких 	
копья	копья́	короткого 	
копья	копья́	кроме разве что 	
копья	копья́	кусок 	
копья	копья́	лезвие 	
копья	копья́	лишившийся 	
копья	копья́	ломающегося 	
копья	копья́	маленького 	
копья	копья́	манер 	
копья	копья́	метание 	
копья	копья́	метанием 	
копья	копья́	метательных 	
копья	копья́	моего 	
копья	копья́	наконечник 	
копья	копья́	наконечника 	
копья	копья́	наконечником 	
копья	копья́	неказистого 	
копья	копья́	нет 	
копья	копья́	никакого 	
копья	копья́	оба 	
копья	копья́	обломок 	
копья	копья́	образ 	
копья	копья́	огненного 	
копья	копья́	опасного 	
копья	копья́	острия 	
копья	копья́	от 	
копья	копья́	перекушенного 	
копья	копья́	площадок 	
копья	копья́	поднятого вверх 	
копья	копья́	поиски 	
копья	копья́	половинка 	
копья	копья́	против 	
копья	копья́	рукоятке 	
копья	копья́	рыцарского 	
копья	копья́	с 	
копья	копья́	своего 	
копья	копья́	скалы 	
копья	копья́	сурового 	
копья	копья́	толстого 	
копья	копья́	трухлявого 	
копья	копья́	тыльник 	
копья	копья́	тяжестью 	
копья	копья́	у 	
копья	копья́	удар 	
копья	копья́	удара 	
копья	копья́	ударов 	
копья	копья́	ударом 	
копья	копья́	удары 	
копья	копья́	четыре 	
копья	копья́	щита и 	
копья	копья́	этого 	
кореша	ко́реша		 своего встретил
кореша	ко́реша	давнего 	
кореша	ко́реша	два 	
кореша	ко́реша	своего 	
кореша	ко́реша	старинного 	
кореша	кореша́		 были
кореша	кореша́	что, 	
корма	ко́рма		 уже нет
корма	ко́рма	без 	
корма	ко́рма	в качестве 	
корма	ко́рма	заготовки 	
корма	ко́рма	качестве 	
корма	ко́рма	много 	
корма	ко́рма	найдут 	
корма	ко́рма	не давая 	
корма	ко́рма	недостатка 	
корма	ко́рма	обилием 	
корма	ко́рма	приготовления 	
корма	ко́рма	собачьего 	
корма	корма́		 британского военного
корма	корма́		 ваши
корма	корма́		 вместе с палубой
корма	корма́		 гибнущего
корма	корма́		 наши
корма	корма́		 сами
корма	корма́		 ушла
корма	корма́		 ялика
корма	корма́	в 	
корма	корма́	ваши 	
корма	корма́	наши 	
корма	корма́	нос и 	
корма	корма́	о 	
корма	корма́	об 	
корма	корма́	палуба и не 	
корма	корма́	под 	
корма	корма́	прямоугольная 	
корма	корма́	сами 	
корма	корма́	сквозь 	
корма	корма́	те 	
корма	корма́	через 	
корма	корма́	эти 	
корме	ко́рме	подножном 	
корме	ко́рме	простом 	
корме	ко́рме	таком 	
корме	ко́рме	таком то 	
корме	ко́рме	таком тоъ 	
корме	корме́		 крейсера
корме	корме́		 лодки
корме	корме́	в носу и в 	
корме	корме́	к 	
корме	корме́	к 	 катера
корме	корме́	колеса в 	
корме	корме́	на 	
корме	корме́	на носу и 	
корме	корме́	отступил к 	
корме	корме́	по 	
кормите	ко́рмите	а вы 	
кормите	ко́рмите	вы его 	
кормите	ко́рмите	чем 	
кормите	корми́те		 им
корму	ко́рму	скотине 	
корму	корму́		 катера
корму	корму́		 крейсера
корму	корму́	борт или 	
корму	корму́	в 	
корму	корму́	всю 	
корму	корму́	за 	
корму	корму́	на 	
корму	корму́	о 	
корму	корму́	под давлением льда 	
корму	корму́	подхватил 	
корму	корму́	приподняла 	
корню	корню́	на 	
короба	ко́роба	вентиляционного 	
короба	ко́роба	из 	
короба	ко́роба	крышку 	
короба	ко́роба	наверху 	
короба	ко́роба	сторону 	
короба	ко́роба	три 	
короба	ко́роба	этого 	
короба	короба́	в 	
короба	короба́	деревянные 	
короба	короба́	жестяные 	
короба	короба́	корзины и 	
короба	короба́	котомки да 	
короба	короба́	мешки и 	
короба	короба́	покажи 	
короба	короба́	сквозь 	
короба	короба́	тюки и 	
короба	короба́	убери 	
короба	короба́	через 	
коробка	коро́бка		 города
коробка	коро́бка		 и ящик
коробка	коро́бка		 из под
коробка	коро́бка		 моментально
коробка	коро́бка		 скрепок
коробка	коро́бка	двигатель и 	
коробка	коро́бка	картонная 	
коробка	коро́бка	подходящая 	
коробка	коро́бка	прямоугольная 	
коробка	коро́бка	то 	
коробка	коро́бка	тоъ 	
коробка	коробка́		 спичек
коробка	коробка́	бочок 	
коробка	коробка́	неимением 	
коробка	коробка́	полного 	
коробка	коробка́	с 	
коробка	коробка́	сухости 	
коробка	коробка́	три 	
коробками	коробка́ми	спичечными 	
коробках	коробка́х		 спичек
коробках	коробка́х	спичечных 	
коробке	коро́бке		 города
коробке	коро́бке	в 	
коробке	коро́бке	глухой 	
коробке	коро́бке	жестяной 	
коробке	коро́бке	к 	
коробке	коро́бке	картонной 	
коробке	коро́бке	надпись на 	
коробке	коро́бке	обувной 	
коробке	коро́бке	пластиковой 	
коробке	коро́бке	своей 	
коробке	коро́бке	стальной 	
коробке	коро́бке	этой 	
коробке	коробке́	жестяном 	
коробке	коробке́	спичечном 	
коробки	коро́бки		 домов
коробки	коро́бки		 скоростей
коробки	коро́бки	пустые 	
коробки	коро́бки	ствольной 	
коробку	коро́бку		 конфет
коробку	коро́бку		 передач
коробку	коро́бку	картонную 	
коробку	коро́бку	металлическую 	
коробку	коро́бку	напоминавшее 	
коробку	коро́бку	одну 	
коробку	коро́бку	полупустую 	
коробку	коро́бку	последнюю 	
коробку	коробку́	по 	
коробок	коро́бок		 передач
коробок	коро́бок	двухэтажных 	
коробок	коро́бок	из 	
коробок	коро́бок	из за 	
коробок	коро́бок	картонных 	
коробок	коро́бок	куче 	
коробок	коро́бок	мало 	
коробок	коро́бок	металлических 	
коробок	коро́бок	миллионов 	
коробок	коро́бок	много 	
коробок	коро́бок	многочисленных 	
коробок	коро́бок	множество 	
коробок	коро́бок	на штабеля 	
коробок	коро́бок	набор 	
коробок	коро́бок	несколько 	
коробок	коро́бок	нет 	
коробок	коро́бок	пакетов и 	
коробок	коро́бок	пару 	
коробок	коро́бок	побольше 	
коробок	коро́бок	сто 	
коробок	коро́бок	стопкой 	
коробок	коро́бок	таких 	
коробок	коро́бок	тысяча 	
коробок	коро́бок	у 	
коробок	коро́бок	штабеля 	
коробок	коро́бок	штабелями 	 и ящиков
коробок	коро́бок	этих 	
коробок	коробо́к		 зажат
коробок	коробо́к		 спичек
коробок	коробо́к	был 	
коробок	коробо́к	в 	
коробок	коробо́к	весь 	
коробок	коробо́к	достал 	
коробок	коробо́к	достала 	
коробок	коробо́к	кладу 	
коробок	коробо́к	ладонь 	
коробок	коробо́к	о 	
коробок	коробо́к	пустой 	
коробок	коробо́к	свой 	
коробок	коробо́к	сигару и 	
коробок	коробо́к	спичечный 	
коробок	коробо́к	схватить 	
коробок	коробо́к	чиркнула о 	
коробочек	коробо́чек	вытащил 	
коробочек	коробо́чек	небольшой 	
корпуса	ко́рпуса		 баржи
корпуса	ко́рпуса		 линкора
корпуса	ко́рпуса		 машины
корпуса	ко́рпуса		 нет
корпуса	ко́рпуса		 челнока
корпуса	ко́рпуса	административного 	
корпуса	ко́рпуса	бокам 	
корпуса	ко́рпуса	бронированного 	
корпуса	ко́рпуса	вдоль 	
корпуса	ко́рпуса	вдоль всего 	
корпуса	ко́рпуса	вибрации 	
корпуса	ко́рпуса	вибрацию 	
корпуса	ко́рпуса	вибрация 	
корпуса	ко́рпуса	внешнего 	
корпуса	ко́рпуса	внешней стены 	
корпуса	ко́рпуса	внутрь 	
корпуса	ко́рпуса	возле 	
корпуса	ко́рпуса	восстановление 	
корпуса	ко́рпуса	вращающегося 	
корпуса	ко́рпуса	вращение 	
корпуса	ко́рпуса	вращения 	
корпуса	ко́рпуса	всего 	
корпуса	ко́рпуса	второго 	
корпуса	ко́рпуса	высотного 	
корпуса	ко́рпуса	высоту 	
корпуса	ко́рпуса	гвардейских 	
корпуса	ко́рпуса	герметичности 	
корпуса	ко́рпуса	герметичность 	
корпуса	ко́рпуса	главного 	
корпуса	ко́рпуса	глубь 	
корпуса	ко́рпуса	данные 	
корпуса	ко́рпуса	два 	
корпуса	ко́рпуса	двигателя и 	
корпуса	ко́рпуса	дерево 	
корпуса	ко́рпуса	десантного 	
корпуса	ко́рпуса	детали 	
корпуса	ко́рпуса	деформацию 	
корпуса	ко́рпуса	деформация 	
корпуса	ко́рпуса	дипломатического 	
корпуса	ко́рпуса	дискообразного 	
корпуса	ко́рпуса	длины 	
корпуса	ко́рпуса	для 	
корпуса	ко́рпуса	до 	
корпуса	ко́рпуса	досок 	
корпуса	ко́рпуса	достиг 	
корпуса	ко́рпуса	драйверского 	
корпуса	ко́рпуса	дрожь 	
корпуса	ко́рпуса	егерского 	
корпуса	ко́рпуса	жилого 	
корпуса	ко́рпуса	заднего 	
корпуса	ко́рпуса	защита 	
корпуса	ко́рпуса	из 	
корпуса	ко́рпуса	из за 	
корпуса	ко́рпуса	изображение 	
корпуса	ко́рпуса	изувеченного 	
корпуса	ко́рпуса	кадетского 	
корпуса	ко́рпуса	клиновидного 	
корпуса	ко́рпуса	колебание 	
корпуса	ко́рпуса	колебаниям 	
корпуса	ко́рпуса	крушением 	
корпуса	ко́рпуса	крыла и 	
корпуса	ко́рпуса	куски 	
корпуса	ко́рпуса	кусок 	
корпуса	ко́рпуса	лабораторного 	
корпуса	ко́рпуса	лесного 	
корпуса	ко́рпуса	местах 	
корпуса	ко́рпуса	металлического 	
корпуса	ко́рпуса	миссионерского 	
корпуса	ко́рпуса	нагрев 	
корпуса	ко́рпуса	наземного 	
корпуса	ко́рпуса	начинке 	
корпуса	ко́рпуса	неподвижного 	
корпуса	ко́рпуса	обводами 	
корпуса	ко́рпуса	обводы 	
корпуса	ко́рпуса	обтекаемого 	
корпуса	ко́рпуса	обтекаемость 	
корпуса	ко́рпуса	обугленного 	
корпуса	ко́рпуса	обшивкой 	
корпуса	ко́рпуса	огромного 	
корпуса	ко́рпуса	оконечностей 	
корпуса	ко́рпуса	осмотром 	
корпуса	ко́рпуса	основного 	
корпуса	ко́рпуса	от 	
корпуса	ко́рпуса	относительно 	
корпуса	ко́рпуса	очертания 	
корпуса	ко́рпуса	очертаниям 	
корпуса	ко́рпуса	панелей 	
корпуса	ко́рпуса	пластикового 	
корпуса	ко́рпуса	пластины 	
корпуса	ко́рпуса	плит 	
корпуса	ко́рпуса	побитого снарядами 	
корпуса	ко́рпуса	поворотом 	
корпуса	ко́рпуса	повороты 	
корпуса	ко́рпуса	повреждения 	
корпуса	ко́рпуса	повреждениях 	
корпуса	ко́рпуса	поднятия 	
корпуса	ко́рпуса	покалеченного 	
корпуса	ко́рпуса	пол 	
корпуса	ко́рпуса	половину 	
корпуса	ко́рпуса	полтора 	
корпуса	ко́рпуса	полуразворота 	
корпуса	ко́рпуса	полуразворотами 	
корпуса	ко́рпуса	помятости 	
корпуса	ко́рпуса	посреди 	
корпуса	ко́рпуса	потускневшего 	
корпуса	ко́рпуса	приземистого 	
корпуса	ко́рпуса	приплюснутого 	
корпуса	ко́рпуса	прозрачного 	
корпуса	ко́рпуса	прочности 	
корпуса	ко́рпуса	прочность 	
корпуса	ко́рпуса	разворотом 	
корпуса	ко́рпуса	развороченного 	
корпуса	ко́рпуса	разгерметизацией 	
корпуса	ко́рпуса	разгерметизации 	
корпуса	ко́рпуса	разгерметизация 	
корпуса	ко́рпуса	разломах 	
корпуса	ко́рпуса	разрушение 	
корпуса	ко́рпуса	с 	
корпуса	ко́рпуса	с 	 мину
корпуса	ко́рпуса	самого 	
корпуса	ко́рпуса	сверкающего 	
корпуса	ко́рпуса	своего 	
корпуса	ко́рпуса	свойств 	
корпуса	ко́рпуса	свойства 	
корпуса	ко́рпуса	сегментов 	
корпуса	ко́рпуса	сектора 	
корпуса	ко́рпуса	серебристого 	
корпуса	ко́рпуса	середине 	
корпуса	ко́рпуса	сжатия 	
корпуса	ко́рпуса	специального 	
корпуса	ко́рпуса	специфики 	
корпуса	ко́рпуса	сталь 	
корпуса	ко́рпуса	стального 	
корпуса	ко́рпуса	старого 	
корпуса	ко́рпуса	стекло 	
корпуса	ко́рпуса	стене 	
корпуса	ко́рпуса	строением 	
корпуса	ко́рпуса	стыке 	
корпуса	ко́рпуса	такого 	
корпуса	ко́рпуса	танкового 	
корпуса	ко́рпуса	титанового 	
корпуса	ко́рпуса	толщина 	
корпуса	ко́рпуса	три 	
корпуса	ко́рпуса	туша 	
корпуса	ко́рпуса	тяжестью 	
корпуса	ко́рпуса	у 	
корпуса	ко́рпуса	у самого 	
корпуса	ко́рпуса	углублении 	
корпуса	ко́рпуса	уровне 	
корпуса	ко́рпуса	участка 	
корпуса	ко́рпуса	форме 	
корпуса	ко́рпуса	функций их 	
корпуса	ко́рпуса	центрального 	
корпуса	ко́рпуса	центре 	
корпуса	ко́рпуса	цилиндрического 	
корпуса	ко́рпуса	частей 	
корпуса	ко́рпуса	части 	
корпуса	ко́рпуса	часть 	
корпуса	ко́рпуса	частью 	
корпуса	ко́рпуса	частям 	
корпуса	ко́рпуса	численность 	
корпуса	ко́рпуса	шарнир 	
корпуса	ко́рпуса	экспедиционного 	
корпуса	ко́рпуса	экспедиционных 	
корпуса	ко́рпуса	яйцеобразного 	
корпуса	корпуса́		 агентства
корпуса	корпуса́		 агентства сверкали
корпуса	корпуса́		 ваши
корпуса	корпуса́		 гаубичных поросят
корпуса	корпуса́		 делали
корпуса	корпуса́		 и стены
корпуса	корпуса́		 и цеха
корпуса	корпуса́		 из дюралюминия
корпуса	корпуса́		 истребителей
корпуса	корпуса́		 конопатить
корпуса	корпуса́		 которых
корпуса	корпуса́		 лодок
корпуса	корпуса́		 наши
корпуса	корпуса́		 общежития
корпуса	корпуса́		 радиозавода
корпуса	корпуса́		 разной
корпуса	корпуса́		 сами
корпуса	корпуса́		 снарядов
корпуса	корпуса́	блоки и 	
корпуса	корпуса́	в 	
корпуса	корпуса́	ваши 	
корпуса	корпуса́	виднелись 	
корпуса	корпуса́	видны 	
корпуса	корпуса́	вращающеюся 	
корпуса	корпуса́	девятиэтажные 	
корпуса	корпуса́	делают 	
корпуса	корпуса́	жилые 	
корпуса	корпуса́	их 	
корпуса	корпуса́	маячили 	
корпуса	корпуса́	мои 	
корпуса	корпуса́	находились 	
корпуса	корпуса́	наши 	
корпуса	корпуса́	неоготические 	
корпуса	корпуса́	о 	
корпуса	корпуса́	об 	
корпуса	корпуса́	обещанные 	
корпуса	корпуса́	обрабатывал их 	
корпуса	корпуса́	обшивать 	
корпуса	корпуса́	повредить 	
корпуса	корпуса́	покажи 	
корпуса	корпуса́	проблема - 	
корпуса	корпуса́	сами 	
корпуса	корпуса́	сберегает 	
корпуса	корпуса́	свои 	
корпуса	корпуса́	сквозь 	
корпуса	корпуса́	танковые 	
корпуса	корпуса́	твои 	
корпуса	корпуса́	те 	
корпуса	корпуса́	убери 	
корпуса	корпуса́	угробить 	
корпуса	корпуса́	уходят 	
корпуса	корпуса́	фабричные 	
корпуса	корпуса́	через 	
корпуса	корпуса́	чьи 	
корпуса	корпуса́	чьи та 	
корпуса	корпуса́	эти 	
косит	коси́т		 на тебя
косит	коси́т	глаз 	
косит	коси́т	немного 	
косит	коси́т	один ствол 	
кости	ко́сти		 и виски
кости	ко́сти		 и черепа
кости	ко́сти		 ломать
кости	ко́сти		 руки
кости	ко́сти		 судьбы
кости	ко́сти		 целы
кости	ко́сти		 черепа
кости	ко́сти	болели 	
кости	ко́сти	осколка 	
кости	ко́сти	целые 	
кости	ко́сти	черепа и 	
кости	кости́		 и дерева
кости	кости́	две 	
кости	кости́	до 	 ноги
кости	кости́	из камня и 	
кости	кости́	из камня, 	
кости	кости́	почти до 	
кости	кости́	самой 	
кости	кости́	четыре 	
косы	ко́сы		 ваши
косы	ко́сы		 наши
косы	ко́сы		 сами
косы	ко́сы	в 	
косы	ко́сы	ваши 	
косы	ко́сы	девчонкины 	
косы	ко́сы	длинные 	
косы	ко́сы	ей 	
косы	ко́сы	заплетали ему 	
косы	ко́сы	заплетая 	
косы	ко́сы	заплетены в 	
косы	ко́сы	наши 	
косы	ко́сы	о 	
косы	ко́сы	об 	
косы	ко́сы	обрезать 	
косы	ко́сы	под 	
косы	ко́сы	покажи 	
косы	ко́сы	сами 	
косы	ко́сы	сквозь 	
косы	ко́сы	те 	
косы	ко́сы	толстые 	
косы	ко́сы	убери 	
косы	ко́сы	через 	
косы	ко́сы	эти 	
косы	косы́		 смерти
косы	косы́	вдоль 	
косы	косы́	взмах 	
косы	косы́	галечниковой 	
косы	косы́	главные острова 	
косы	косы́	головке 	
косы	косы́	две 	
косы	косы́	две длинные 	
косы	косы́	западного края 	
косы	косы́	карту 	
косы	косы́	кончик 	
косы	косы́	края 	
косы	косы́	левее 	
косы	косы́	лезвие 	
косы	косы́	лезвия 	
косы	косы́	мимо 	
косы	косы́	начала 	
косы	косы́	небольшой 	
косы	косы́	невидимой 	
косы	косы́	оконечности 	
косы	косы́	окрестностях 	
косы	косы́	острее 	
косы	косы́	от 	
косы	косы́	песчаной 	
косы	косы́	полоска 	
косы	косы́	после 	
косы	косы́	пределы 	
косы	косы́	пяточку 	
косы	косы́	размер 	
косы	косы́	с 	
косы	косы́	свист 	
косы	косы́	своей 	
косы	косы́	со стороны 	
косы	косы́	сторону 	
косы	косы́	стороны 	
косы	косы́	толстой 	
косы	косы́	три 	
косы	косы́	у 	
косы	косы́	узкой 	
косы	косы́	хозяин 	
косы	косы́	части 	
косы	косы́	часть 	
красоты	красо́ты		 природы
красоты	красо́ты		 эти
красоты	красо́ты	на 	
красоты	красо́ты	описывал 	
красоты	красо́ты	показывая 	
красоты	красо́ты	про 	
красоты	красо́ты	радовали 	
красоты	красо́ты	свои 	
красоты	красо́ты	чужеземные 	
красоты	красо́ты	эльфу 	
красоты	красо́ты	эти 	
красоты	красоты́		 и цены
красоты	красоты́		 неописуемой
красоты	красоты́	бесконечной 	
красоты	красоты́	богини 	
красоты	красоты́	величественной 	
красоты	красоты́	видение 	
красоты	красоты́	вокруг 	
красоты	красоты́	волшебной 	
красоты	красоты́	всей 	
красоты	красоты́	высот 	
красоты	красоты́	для нарождения 	
красоты	красоты́	духом 	
красоты	красоты́	естественной 	
красоты	красоты́	жаждавший 	
красоты	красоты́	женской 	
красоты	красоты́	закону 	
красоты	красоты́	земной 	
красоты	красоты́	изобилием 	
красоты	красоты́	изумительной 	
красоты	красоты́	изысканной 	
красоты	красоты́	интересах 	
красоты	красоты́	истинной 	
красоты	красоты́	какой 	
красоты	красоты́	каноны 	
красоты	красоты́	картину 	
красоты	красоты́	конкурс 	
красоты	красоты́	конкурсов 	
красоты	красоты́	королева 	
красоты	красоты́	культа 	
красоты	красоты́	личиной 	
красоты	красоты́	любви и 	
красоты	красоты́	местом 	
красоты	красоты́	мире 	
красоты	красоты́	мужской 	
красоты	красоты́	невероятной 	
красоты	красоты́	невиданной 	
красоты	красоты́	неземной 	
красоты	красоты́	необъятностью их 	
красоты	красоты́	необыкновенной 	
красоты	красоты́	необычайной 	
красоты	красоты́	нет и 	
красоты	красоты́	ослепительной 	
красоты	красоты́	особенной 	
красоты	красоты́	от 	
красоты	красоты́	от их 	
красоты	красоты́	ошеломительной 	
красоты	красоты́	ощущение 	
красоты	красоты́	ощущением 	
красоты	красоты́	ощущению 	
красоты	красоты́	ощущения 	
красоты	красоты́	печатью 	
красоты	красоты́	по части 	
красоты	красоты́	полное 	
красоты	красоты́	поразительной 	
красоты	красоты́	прежней 	
красоты	красоты́	преисполнено 	
красоты	красоты́	простой 	
красоты	красоты́	против 	
красоты	красоты́	ради 	
красоты	красоты́	развитие 	
красоты	красоты́	развитию 	
красоты	красоты́	райской 	
красоты	красоты́	редкой 	
красоты	красоты́	редкостной 	
красоты	красоты́	род 	
красоты	красоты́	салон 	
красоты	красоты́	сверхземной 	
красоты	красоты́	символами совершенства, 	
красоты	красоты́	символом 	
красоты	красоты́	следа 	
красоты	красоты́	совершеннейшей 	
красоты	красоты́	созерцание 	
красоты	красоты́	тайна 	
красоты	красоты́	такой 	
красоты	красоты́	торжестве 	
красоты	красоты́	удивительной 	
красоты	красоты́	чувства 	
красоты	красоты́	чувстве 	
красоты	красоты́	чувство 	
красоты	красоты́	чувством 	
красоты	красоты́	чувству 	
красоты	красоты́	чудесной 	
красоты	красоты́	чудо 	
красоты	красоты́	чудом 	
красоты	красоты́	шедевр 	
красоты	красоты́	этой 	
краю	кра́ю		 борта
краю	кра́ю		 кузова
краю	кра́ю		 купола
краю	кра́ю		 лагеря
краю	кра́ю		 толпы
краю	кра́ю	верхнему 	
краю	кра́ю	внешнему 	
краю	кра́ю	земляному 	
краю	кра́ю	зыбкому 	
краю	кра́ю	к 	
краю	кра́ю	к 	 города
краю	кра́ю	к 	 дороги
краю	кра́ю	к 	 леса
краю	кра́ю	к 	 плиты
краю	кра́ю	к 	 скалы
краю	кра́ю	к 	 стены
краю	кра́ю	к берегу 	
краю	кра́ю	к его 	
краю	кра́ю	к самому 	
краю	кра́ю	конца 	
краю	кра́ю	конца и 	
краю	кра́ю	левому 	
краю	кра́ю	неогороженному 	
краю	кра́ю	по 	
краю	кра́ю	по 	 дыры
краю	кра́ю	по 	 пустоты
краю	кра́ю	по его 	
краю	кра́ю	по самому 	
краю	кра́ю	правому 	
краю	кра́ю	с 	
краю	кра́ю	с 	 скалы
краю	кра́ю	с самого 	
краю	кра́ю	самому 	
краю	кра́ю	стоит с 	
краю	краю́		 берега
краю	краю́		 веера
краю	краю́		 долины
краю	краю́		 земли
краю	краю́		 ложбины
краю	краю́		 поля
краю	краю́		 реки
краю	краю́		 села
краю	краю́		 стены
краю	краю́		 стоят
краю	краю́		 тропы
краю	краю́		 ущелья
краю	краю́		 этого
краю	краю́		 этом
краю	краю́	в 	
краю	краю́	в индюшином 	
краю	краю́	воровском 	
краю	краю́	восточном 	
краю	краю́	дальнем 	
краю	краю́	данном 	
краю	краю́	диком 	
краю	краю́	другом 	
краю	краю́	западном 	
краю	краю́	земном 	
краю	краю́	ином 	
краю	краю́	на 	
краю	краю́	на 	 борта
краю	краю́	на 	 гнезда
краю	краю́	на 	 города
краю	краю́	на 	 дороги
краю	краю́	на 	 земли
краю	краю́	на 	 кружки
краю	краю́	на 	 лагеря
краю	краю́	на 	 леса
краю	краю́	на 	 острова
краю	краю́	на 	 поля
краю	краю́	на 	 пояса
краю	краю́	на 	 села
краю	краю́	на 	 скалы
краю	краю́	на 	 стены
краю	краю́	на 	 степи
краю	краю́	на восточном 	
краю	краю́	на самом 	
краю	краю́	на самом 	 города
краю	краю́	на самом 	 окна
краю	краю́	на самом 	 скалы
краю	краю́	на самом его 	
краю	краю́	на южном 	
краю	краю́	нашем 	
краю	краю́	незнакомом 	
краю	краю́	нижнем 	
краю	краю́	нищем 	
краю	краю́	от берега 	
краю	краю́	противоположном 	
краю	краю́	родном 	
краю	краю́	самом 	
краю	краю́	самом его 	
краю	краю́	светлом 	
краю	краю́	северном 	
краю	краю́	сказочном 	
краю	краю́	стоите на 	
краю	краю́	стоял на 	
краю	краю́	теплом 	
краю	краю́	том 	
краю	краю́	холодном 	
краю	краю́	чужом 	
краю	краю́	этом 	
края	кра́я		 борта
края	кра́я		 воды
края	кра́я		 гнезда
края	кра́я		 двери
края	кра́я		 до [homo] края [/homo]
края	кра́я		 дороги
края	кра́я		 колеса
края	кра́я		 леса
края	кра́я		 моста
края	кра́я		 поля
края	кра́я		 стола
края	кра́я		 шлема
края	кра́я	бандитского 	
края	кра́я	без конца и 	
края	кра́я	ближнего 	
края	кра́я	вблизи 	
края	кра́я	вверх 	
края	кра́я	вдоль 	
края	кра́я	вдоль 	 дыры
края	кра́я	верхнего 	
края	кра́я	возле 	
края	кра́я	возле 	 дороги
края	кра́я	вокруг 	
края	кра́я	всего 	
края	кра́я	выгнутого 	
края	кра́я	гибели 	
края	кра́я	дальнего 	
края	кра́я	даурского 	
края	кра́я	диковинного 	
края	кра́я	для 	
края	кра́я	до 	
края	кра́я	до 	 леса
края	кра́я	до 	 плиты
края	кра́я	до 	 пропасти
края	кра́я	до 	 стены
края	кра́я	до его 	
края	кра́я	до самого 	
края	кра́я	дорог 	
края	кра́я	доставая 	
края	кра́я	достигаем 	
края	кра́я	достигал 	
края	кра́я	достигали 	
края	кра́я	достигли 	
края	кра́я	достигнете 	
края	кра́я	достигнув 	
края	кра́я	достигнув наконец 	
края	кра́я	достигнут 	
края	кра́я	достигнуть 	
края	кра́я	достичь 	
края	кра́я	другого 	
края	кра́я	жителей 	
края	кра́я	жители 	
края	кра́я	заболоченного 	
края	кра́я	западного 	
края	кра́я	западного 	 косы
края	кра́я	зеленью 	
края	кра́я	земли 	
края	кра́я	знакомого 	
края	кра́я	из 	
края	кра́я	из за 	
края	кра́я	из за 	 земли
края	кра́я	из их 	
края	кра́я	из под 	
края	кра́я	индийского 	
края	кра́я	история 	
края	кра́я	касается 	
края	кра́я	конца 	
края	кра́я	конца и 	
края	кра́я	конца, ни 	
края	кра́я	коснулся 	
края	кра́я	коснуться 	
края	кра́я	косуль 	
края	кра́я	краснодарского 	
края	кра́я	красноярского 	
края	кра́я	красота 	
края	кра́я	левого 	
края	кра́я	медвежьего 	
края	кра́я	мелкого 	
края	кра́я	механизаторов 	
края	кра́я	мимо 	
края	кра́я	мятежного 	
края	кра́я	неведомого им 	
края	кра́я	ни 	
края	кра́я	ниже 	
края	кра́я	нижнего 	
края	кра́я	обетованного 	
края	кра́я	обрез 	
края	кра́я	обрывистого 	
края	кра́я	огромного 	
края	кра́я	одного 	
края	кра́я	около 	
края	кра́я	опасного 	
края	кра́я	осыпающегося 	
края	кра́я	от 	
края	кра́я	от 	 до [homo] края [/homo]
края	кра́я	от 	 земли
края	кра́я	от 	 скалы
края	кра́я	относительно 	
края	кра́я	патриоту 	
края	кра́я	переднего 	
края	кра́я	поверх 	
края	кра́я	поверхности 	
края	кра́я	правого 	
края	кра́я	простодушного 	
края	кра́я	против 	
края	кра́я	противоположного 	
края	кра́я	пустого 	
края	кра́я	пустынного 	
края	кра́я	равнинного 	
края	кра́я	разорения 	
края	кра́я	районов 	
края	кра́я	родного 	
края	кра́я	с 	
края	кра́я	с 	 бревна
края	кра́я	с 	 губы
края	кра́я	с самого 	
края	кра́я	самого 	
края	кра́я	светлого 	
края	кра́я	своего 	
края	кра́я	северного 	
края	кра́я	северо-восточного 	
края	кра́я	селянин из 	
края	кра́я	сибирского 	
края	кра́я	скалы у 	
края	кра́я	со стороны 	
края	кра́я	срезанного 	
края	кра́я	столица 	
края	кра́я	столицей 	
края	кра́я	стоящую у 	
края	кра́я	страшного 	
края	кра́я	такого 	
края	кра́я	территории 	
края	кра́я	того 	
края	кра́я	у 	
края	кра́я	у 	 воды
края	кра́я	у 	 дороги
края	кра́я	у 	 дуги
края	кра́я	у 	 дыры
края	кра́я	у 	 леса
края	кра́я	у 	 окна
края	кра́я	у 	 пропасти
края	кра́я	у 	 скалы
края	кра́я	у внешнего 	
края	кра́я	у его 	
края	кра́я	у одного 	
края	кра́я	у самого 	
края	кра́я	у самого его 	
края	кра́я	уссурийского 	
края	кра́я	хранительницы 	
края	кра́я	этого 	
края	кра́я	юге 	
края	кра́я	южного 	
края	края́		 города
края	края́		 дыры
края	края́		 которого болтаются
края	края́		 которой
края	края́		 отверстия были
края	края́		 очень острые
края	края́		 паруса
края	края́		 платформ
края	края́		 пролома
края	края́		 прорехи
края	края́		 простыни
края	края́		 раны
края	края́		 ущелья
края	края́	а 	 наши
края	края́	в 	
края	края́	в их 	
края	края́	в те 	
края	края́	взглядом 	
края	края́	все 	
края	края́	горные 	
края	края́	дикие 	
края	края́	другие 	
края	края́	есть 	
края	края́	зазубренные 	
края	края́	здешние 	
края	края́	крестьянские 	
края	края́	на 	
края	края́	наши 	
края	края́	неровные 	
края	края́	новые 	
края	края́	о его 	
края	края́	обжал 	
края	края́	обжала 	
края	края́	отогнула 	
края	края́	по 	
края	края́	подрезал 	
края	края́	подрезала 	
края	края́	подрезать 	
края	края́	подровнять 	
края	края́	расчистить 	
края	края́	руками 	
края	края́	руки и 	
края	края́	свернуться 	
края	края́	северные 	
края	края́	соединяя 	
края	края́	что 	 там,
края	края́	что там 	
края	края́	широкие 	 конуса
края	края́	эти 	
крейсера	кре́йсера	альянса 	
крейсера	кре́йсера	аннигиляционного 	
крейсера	кре́йсера	аппаратурой 	
крейсера	кре́йсера	башни 	
крейсера	кре́йсера	боевого 	
крейсера	кре́йсера	боевых 	
крейсера	кре́йсера	борт 	
крейсера	кре́йсера	борту 	
крейсера	кре́йсера	броне 	
крейсера	кре́йсера	брони 	
крейсера	кре́йсера	броня 	
крейсера	кре́йсера	было в сторону 	
крейсера	кре́йсера	внутренности 	
крейсера	кре́йсера	времени 	
крейсера	кре́йсера	всплытия 	
крейсера	кре́йсера	выпустившего их 	
крейсера	кре́йсера	корме 	
крейсера	кре́йсера	корму 	
крейсера	кре́йсера	плацу 	
крейсера	кре́йсера	подорванный минами 	
крейсера	кре́йсера	с борта 	
крейсера	кре́йсера	у борта 	
крейсера	кре́йсера	флагманского 	
крейсера	кре́йсера	хронопатрульного 	
крейсера	кре́йсера	целого 	
крейсера	кре́йсера	центр 	
крейсера	кре́йсера	части 	
крейсера	кре́йсера	шлюзов 	
крейсера	кре́йсера	экипаж 	
крейсера	кре́йсера	экипажем 	
крейсера	кре́йсера	экраны 	
крейсера	крейсера́		 достигли
крейсера	крейсера́		 и эсминцы
крейсера	крейсера́		 использовали
крейсера	крейсера́		 оказались
крейсера	крейсера́		 продолжали
крейсера	крейсера́		 становились
крейсера	крейсера́		 стартуют
крейсера	крейсера́		 успели
крейсера	крейсера́		 устремились
крейсера	крейсера́	в 	
крейсера	крейсера́	ваши 	
крейсера	крейсера́	вести 	
крейсера	крейсера́	когда 	
крейсера	крейсера́	линкоры, 	
крейсера	крейсера́	на 	
крейсера	крейсера́	ракетные 	
крейсера	крейсера́	сбить 	
крейсера	крейсера́	стоят 	
крейсера	крейсера́	через 	
крейсера	крейсера́	чьи 	
крейсера	крейсера́	эсминцы и 	
крейсера	крейсера́	эти 	
крести	крести́		 его
крестного	крё́стного		 отца
крестного	крё́стного		 то
крестного	крё́стного		 тоъ
крестного	крё́стного	на 	
крестного	крё́стного	нормального 	
крестный	крё́стный		 отец
крестный	крё́стный		 ход
крестным	крё́стным	буду твоим 	
крови	кро́ви	о 	
крови	крови́	в 	
крови	крови́	в 	 и грязи
крови	крови́	в вашей 	
крови	крови́	в его 	
крови	крови́	в их 	
крови	крови́	в моей 	
крови	крови́	в плоти и 	
крови	крови́	в своей 	
крови	крови́	в твоей 	
крови	крови́	во плоти и 	
крови	крови́	всегда в 	
крови	крови́	до 	
крови	крови́	на 	
крови	крови́	руки в 	
крови	крови́	трусы в 	
кругом	кру́гом		 избранных
кругом	кру́гом		 интересов
кругом	кру́гом		 любви
кругом	кру́гом		 своим
кругом	кру́гом		 судьбы
кругом	кру́гом	высшим 	
кругом	кру́гом	голова 	
кругом	кру́гом	голова пошла 	
кругом	кру́гом	голова шла 	
кругом	кру́гом	голове пойти 	
кругом	кру́гом	груди 	
кругом	кру́гом	именуют 	
кругом	кру́гом	круг за 	
кругом	кру́гом	называют 	
кругом	кру́гом	нашим 	
кругом	кру́гом	пойти 	
кругом	кру́гом	пошла 	
кругом	кру́гом	с 	
кругом	кру́гом	сварожьим 	
кругом	кру́гом	световым 	
кругом	кру́гом	светящимся 	
кругом	кру́гом	синим 	
кругом	кру́гом	у меня шла 	
кругом	кру́гом	уже шла 	
кругом	кру́гом	узким 	
кругом	кру́гом	широким 	
кругом	кру́гом	шла 	
кругом	кру́гом	шла 	 голова
кругом	кру́гом	этим 	
кругом	круго́м		 - вода
кругом	круго́м		 - ни живой души
кругом	круго́м		 - сонное
кругом	круго́м		 да около
кругом	круго́м		 леса
кругом	круго́м		 не права
кругом	круго́м		 полно
кругом	круго́м		 права
кругом	круго́м		 свои войска
кругом	круго́м		 скалы
кругом	круго́м		 стоит
кругом	круго́м		 тела
кругом	круго́м	а 	 -
кругом	круго́м	все 	
кругом	круго́м	дрова и заросли 	
кругом	круго́м	заросли 	
кругом	круго́м	леса да болота 	
кругом	круго́м	обойдя его 	
кругом	круго́м	обошла пленницу 	
кругом	круго́м	объехал его 	
кругом	круго́м	полным полно 	
кругом	круго́м	степи 	
кругом	круго́м	там 	 поля
кругом	круго́м	там 	 так
кругом	круго́м	царила 	
кругом	круго́м	что 	 валялись
кругу	кру́гу	второму 	
кругу	кру́гу	широкому 	
кругу	кругу́		 вращаются
кругу	кругу́		 семьи
кругу	кругу́	в 	
кругу	кругу́	в 	 семьи
кругу	кругу́	в их 	
кругу	кругу́	вашем 	
кругу	кругу́	дружеском 	
кругу	кругу́	избранном 	
кругу	кругу́	каждом 	
кругу	кругу́	малом 	
кругу	кругу́	на 	
кругу	кругу́	нашем 	
кругу	кругу́	приятельском 	
кругу	кругу́	радостном 	
кругу	кругу́	развивающемся 	
кругу	кругу́	семейном 	
кругу	кругу́	узком 	
кружева	кру́жева	клочков 	
кружева	кру́жева	слоям 	
кружева	кружева́		 завесы
кружева	кружева́		 на
кружева	кружева́	бессмысленные 	
кружева	кружева́	воротники и 	
кружева	кружева́	каменные 	
кружка	кру́жка		 воды
кружка	кружка́		 колбасы
кружка	кружка́	алых 	
кружка	кружка́	вдоль 	
кружка	кружка́	возле 	
кружка	кружка́	два 	
кружка	кружка́	нашего 	
кружка	кружка́	три 	
кружка	кружка́	четыре 	
кружка	кружка́	этого 	
кружками	кружка́ми	алыми 	
кружках	кру́жках	стаканах и 	
кружках	кру́жках	фарфоровых 	
кружках	кружка́х	благотворительных 	
кружках	кружка́х	спиритических 	
кружке	кру́жке		 воды
кружке	кружке́		 света
кружке	кружке́	в том же 	
кружке	кружке́	другом 	
кружке	кружке́	спиритическом 	
кружке	кружке́	театральном 	
кружке	кружке́	этом 	
кружки	кру́жки		 глоток
кружки	кру́жки		 горячего
кружки	кру́жки		 с пивом
кружки	кру́жки	глоток из 	
кружки	кру́жки	запотевшие 	
кружки	кру́жки	на краю 	
кружки	кружки́		 колбасы
кружки	кружки́	вскоре эти 	
кружки	кружки́	выводивший 	
кружки	кружки́	наводя 	
кружки	кружки́	нарисованы 	
кружки	кружки́	перечеркнул 	
кружки	кружки́	посчитать 	
кружки	кружки́	работали 	
кружки	кружки́	творческие 	
кружку	кружку́	высоте 	
крупа	кру́па	движением 	
крупа	кру́па	с 	
крупа	крупа́	водяная 	
крупа	крупа́	мокрая 	
крупа	крупа́	снежная 	
крупе	кру́пе		 коня
крупы	крупы́	гречневой 	
крупы	крупы́	леонардо 	
крупы	крупы́	немного 	
крупы	крупы́	полведра 	
крупы	крупы́	пустой 	
крупы	крупы́	упаковок 	
крупы	крупы́	четыре 	
крутите	кру́тите	одно и то же 	
крутите	кру́тите	одно и тоъ же 	
кручу	кру́чу	на 	
кручу	кру́чу	на эту 	
кручу	кру́чу	под 	
крыла	кры́ла		 матом
крыла	кры́ла		 почем
крыла	крыла́		 и корпуса
крыла	крыла́		 птицы
крыла	крыла́	вдоль 	
крыла	крыла́	взмах 	
крыла	крыла́	воронова 	
крыла	крыла́	вороного 	
крыла	крыла́	гибели 	
крыла	крыла́	два 	
крыла	крыла́	зале 	
крыла	крыла́	левого 	
крыла	крыла́	местонахождение 	
крыла	крыла́	мимо 	
крыла	крыла́	около 	
крыла	крыла́	правого 	
крыла	крыла́	с 	
крыла	крыла́	уцелевшего 	
крыла	крыла́	южного 	
кубы	кубы́	бетонные 	
кубы	кубы́	металлические 	
кузова	ку́зова		 машины
кузова	ку́зова		 соседней
кузова	ку́зова	борт 	
кузова	ку́зова	внутренностей 	
кузова	ку́зова	внутри 	
кузова	ку́зова	вокруг 	
кузова	ку́зова	двери 	
кузова	ку́зова	дверью 	
кузова	ку́зова	детали 	
кузова	ку́зова	дно 	
кузова	ку́зова	изгибы 	
кузова	ку́зова	кабины, 	
кузова	ку́зова	концам 	
кузова	ку́зова	конце 	
кузова	ку́зова	край 	
кузова	ку́зова	краю 	
кузова	ку́зова	обводы 	
кузова	ку́зова	пол 	
кузова	ку́зова	полу 	
кузова	ку́зова	посередине 	
кузова	ку́зова	с 	
кузова	ку́зова	своего 	
кузова	ку́зова	старого 	
кузова	ку́зова	стенку 	
кузова	ку́зова	стойки 	
кузова	ку́зова	сторону 	
кузова	ку́зова	тентованного 	
кузова	ку́зова	углах 	
кузова	ку́зова	уголке 	
кузова	ку́зова	уголок 	
кузова	ку́зова	формы 	
кузова	ку́зова	цвет 	
кузова	ку́зова	части 	
кузова	кузова́		 ваши
кузова	кузова́		 наши
кузова	кузова́		 сами
кузова	кузова́	в 	
кузова	кузова́	ваши 	
кузова	кузова́	диски, 	
кузова	кузова́	наши 	
кузова	кузова́	о 	
кузова	кузова́	об 	
кузова	кузова́	под 	
кузова	кузова́	ржавые 	
кузова	кузова́	сами 	
кузова	кузова́	сквозь 	
кузова	кузова́	специальные 	
кузова	кузова́	те 	
кузова	кузова́	через 	
кузова	кузова́	эти 	
культе	культе́		 ноги
культе	культе́		 руки
культе	культе́	на 	
кума	ку́ма		 бил
кума	ку́ма		 моего
кума	ку́ма	лицо 	
кума	ку́ма	машину 	
кума	ку́ма	отморозка, 	
кума	ку́ма	приходе 	
кума	ку́ма	тела 	
кума	ку́ма	у 	
купите	ку́пите	вы 	 этот
купите	ку́пите	квартиру 	
купите	ку́пите	не 	
купите	ку́пите	что вы 	
куплю	ку́плю		 продажу
куплю	ку́плю	на 	
купола	ку́пола		 я не видел
купола	ку́пола	администрация 	
купола	ку́пола	вблизи 	
купола	ку́пола	виде 	
купола	ку́пола	вне 	
купола	ку́пола	внутреннего 	
купола	ку́пола	внутри 	
купола	ку́пола	вокруг 	
купола	ку́пола	вроде 	
купола	ку́пола	двери 	
купола	ку́пола	для 	
купола	ку́пола	жилого 	
купола	ку́пола	за стенами 	
купола	ку́пола	защитного 	
купола	ку́пола	золотистого 	
купола	ку́пола	из 	
купола	ку́пола	камеры 	
купола	ку́пола	конце 	
купола	ку́пола	космического 	
купола	ку́пола	краю 	
купола	ку́пола	крышу 	
купола	ку́пола	макушки 	
купола	ку́пола	мили 	
купола	ку́пола	мимо 	
купола	ку́пола	мир 	
купола	ку́пола	не было 	
купола	ку́пола	небесного 	
купола	ку́пола	небольшого 	
купола	ку́пола	обитателей 	
купола	ку́пола	обитателям 	
купола	ку́пола	оболочка 	
купола	ку́пола	образы 	
купола	ку́пола	обшивке 	
купола	ку́пола	огромного 	
купола	ку́пола	основания 	
купола	ку́пола	от 	
купола	ку́пола	планировки 	
купола	ку́пола	пластик 	
купола	ку́пола	поверх 	
купола	ку́пола	поверхности 	
купола	ку́пола	погребального 	
купола	ку́пола	пол 	
купола	ку́пола	потерянного 	
купола	ку́пола	пределы 	
купола	ку́пола	привычного 	
купола	ку́пола	продолговатого 	
купола	ку́пола	размеры 	
купола	ку́пола	разрушении 	
купола	ку́пола	с 	
купола	ку́пола	свет 	
купола	ку́пола	свете 	
купола	ку́пола	секции 	
купола	ку́пола	силового 	
купола	ку́пола	скелет 	
купола	ку́пола	сооружений и 	
купола	ку́пола	стекло 	
купола	ку́пола	стеклянного 	
купола	ку́пола	стене 	
купола	ку́пола	стены 	
купола	ку́пола	толщи 	
купола	ку́пола	у 	
купола	ку́пола	углу 	
купола	ку́пола	уничтожение 	
купола	ку́пола	форме 	
купола	ку́пола	фундамент 	
купола	ку́пола	хватало 	
купола	ку́пола	хозяевам 	
купола	ку́пола	центрального 	
купола	ку́пола	центре 	
купола	ку́пола	штабного 	
купола	купола́		 ваши
купола	купола́		 замка
купола	купола́		 и кресты
купола	купола́		 и минареты
купола	купола́		 и стены
купола	купола́		 напоминали
купола	купола́		 наши
купола	купола́		 сами
купола	купола́	башенки и 	
купола	купола́	в 	
купола	купола́	ваши 	
купола	купола́	впереди 	
купола	купола́	гомеостатические 	
купола	купола́	заделать 	
купола	купола́	звезды, 	
купола	купола́	наши 	
купола	купола́	о 	
купола	купола́	об 	
купола	купола́	под 	
купола	купола́	подводные 	
купола	купола́	построены 	
купола	купола́	сами 	
купола	купола́	свои 	
купола	купола́	сквозь 	
купола	купола́	те 	
купола	купола́	через 	
купола	купола́	эти 	
курите	ку́рите	вы 	
курите	ку́рите	много 	
курите	ку́рите	прежнему 	
курите	кури́те	только не 	
лагеря	ла́геря	администрации 	
лагеря	ла́геря	безопасности 	
лагеря	ла́геря	большая часть 	
лагеря	ла́геря	вблизи 	
лагеря	ла́геря	вне 	
лагеря	ла́геря	внутрь 	
лагеря	ла́геря	возле их 	
лагеря	ла́геря	вокруг 	
лагеря	ла́геря	ворот 	
лагеря	ла́геря	враждебных 	
лагеря	ла́геря	враждующих 	
лагеря	ла́геря	второго 	
лагеря	ла́геря	выше 	
лагеря	ла́геря	границей 	
лагеря	ла́геря	границы 	
лагеря	ла́геря	дартарского 	
лагеря	ла́геря	два 	
лагеря	ла́геря	двор 	
лагеря	ла́геря	для 	
лагеря	ла́геря	до 	
лагеря	ла́геря	до их 	
лагеря	ла́геря	достигли 	
лагеря	ла́геря	жители 	
лагеря	ла́геря	западнее их 	
лагеря	ла́геря	защитников 	
лагеря	ла́геря	из 	
лагеря	ла́геря	иотийского 	
лагеря	ла́геря	их 	
лагеря	ла́геря	карты 	
лагеря	ла́геря	конец 	
лагеря	ла́геря	концентрационного 	
лагеря	ла́геря	край 	
лагеря	ла́геря	краю 	
лагеря	ла́геря	леса и 	
лагеря	ла́геря	мимо 	
лагеря	ла́геря	на краю 	
лагеря	ла́геря	нас и 	
лагеря	ла́геря	начала 	
лагеря	ла́геря	начальником 	
лагеря	ла́геря	начальству 	
лагеря	ла́геря	ночного 	
лагеря	ла́геря	оба 	
лагеря	ла́геря	обитатели 	
лагеря	ла́геря	обустройством 	
лагеря	ла́геря	обход 	
лагеря	ла́геря	около 	
лагеря	ла́геря	окраине 	
лагеря	ла́геря	основного 	
лагеря	ла́геря	от 	
лагеря	ла́геря	от их 	
лагеря	ла́геря	персонала 	
лагеря	ла́геря	площадь 	
лагеря	ла́геря	полевого 	
лагеря	ла́геря	посреди 	
лагеря	ла́геря	пределами 	
лагеря	ла́геря	пределы 	
лагеря	ла́геря	приверженцы 	
лагеря	ла́геря	разбитого 	
лагеря	ла́геря	регламентом 	
лагеря	ла́геря	с 	
лагеря	ла́геря	сворачиванию 	
лагеря	ла́геря	середину 	
лагеря	ла́геря	середины 	
лагеря	ла́геря	снятие 	
лагеря	ла́геря	сторона 	
лагеря	ла́геря	сторону 	
лагеря	ла́геря	страшного 	
лагеря	ла́геря	строительством 	
лагеря	ла́геря	территорию 	
лагеря	ла́геря	типичного 	
лагеря	ла́геря	треть 	
лагеря	ла́геря	три 	
лагеря	ла́геря	у 	
лагеря	ла́геря	у их 	
лагеря	ла́геря	устройство 	
лагеря	ла́геря	участки 	
лагеря	ла́геря	хозяев 	
лагеря	ла́геря	центр 	
лагеря	ла́геря	центре 	
лагеря	ла́геря	части 	
лагеря	ла́геря	часть 	
лагеря	ла́геря	чужого 	
лагеря	ла́геря	этого 	
лагеря	лагеря́		 готовили
лагеря	лагеря́		 и города
лагеря	лагеря́		 принудительного труда
лагеря	лагеря́		 пусты
лагеря	лагеря́	будут устроены 	
лагеря	лагеря́	в 	
лагеря	лагеря́	военные 	
лагеря	лагеря́	вонючие 	
лагеря	лагеря́	временные 	
лагеря	лагеря́	выбирают под 	
лагеря	лагеря́	говорили, 	
лагеря	лагеря́	города и 	
лагеря	лагеря́	карантинные 	
лагеря	лагеря́	мелкие 	
лагеря	лагеря́	на 	
лагеря	лагеря́	открываете 	
лагеря	лагеря́	открыли 	
лагеря	лагеря́	открыть 	
лагеря	лагеря́	рабочие 	
лагеря	лагеря́	расположены 	
лагеря	лагеря́	свои 	
лагеря	лагеря́	сворачивают 	
лагеря	лагеря́	северные 	
лагеря	лагеря́	создавали 	
лагеря	лагеря́	сроки в 	
лагеря	лагеря́	старые 	
лагеря	лагеря́	тюрьмы и 	
лагеря	лагеря́	через 	
лагеря	лагеря́	что 	 открывают
лагеря	лагеря́	экспедиций или 	
лагеря	лагеря́	эти 	
лагеря	лагеря́	это 	
ладу	ладу́	в 	
лады	ла́ды		 и москвичи
лады	ла́ды	припаркованной 	
лады	лады́	и 	
лады	лады́	на все 	
леса	ле́са		 боялись
леса	ле́са		 в помине нет
леса	ле́са		 вокруг много
леса	ле́са		 вокруг навалом
леса	ле́са		 держался
леса	ле́са		 здесь и в помине
леса	ле́са		 и болота
леса	ле́са		 и лагеря
леса	ле́са		 не знает
леса	ле́са		 они не знают
леса	ле́са		 поблизости не видно
леса	ле́са		 там много
леса	ле́са		 тоже не наблюдалось
леса	ле́са	ангелы 	
леса	ле́са	ароматы 	
леса	ле́са	баварского 	
леса	ле́са	без 	
леса	ле́са	безопасности 	
леса	ле́са	ближайшего 	
леса	ле́са	ближнего 	
леса	ле́са	близкого 	
леса	ле́са	боги 	
леса	ле́са	боимся 	
леса	ле́са	болотного 	
леса	ле́са	было 	 или реки
леса	ле́са	в гуще 	
леса	ле́са	в тени 	
леса	ле́са	в тишине 	
леса	ле́са	валкой 	
леса	ле́са	вблизи 	
леса	ле́са	вглубь 	
леса	ле́са	вдали от 	
леса	ле́са	вдоль 	
леса	ле́са	великолепного 	
леса	ле́са	верхушки 	
леса	ле́са	весеннего 	
леса	ле́са	вечного 	
леса	ле́са	вздох 	
леса	ле́са	влияние 	
леса	ле́са	влиянии 	
леса	ле́са	внутри 	
леса	ле́са	во тьме 	
леса	ле́са	возле 	
леса	ле́са	вокруг 	
леса	ле́са	волшебного 	
леса	ле́са	враждебным 	
леса	ле́са	всего 	
леса	ле́са	вывалов 	
леса	ле́са	выгоревшего 	
леса	ле́са	вырубка 	
леса	ле́са	вырубку 	
леса	ле́са	выше 	
леса	ле́са	гектаров 	
леса	ле́са	глубин 	
леса	ле́са	глубинах 	
леса	ле́са	глубине 	
леса	ле́са	глубину 	
леса	ле́са	глубины 	
леса	ле́са	глубь 	
леса	ле́са	глухого 	
леса	ле́са	голоса 	
леса	ле́са	горевшего 	
леса	ле́са	горящего 	
леса	ле́са	границам 	
леса	ле́са	границах 	
леса	ле́са	границе 	
леса	ле́са	границе 	 и поля
леса	ле́са	границе 	 и степи
леса	ле́са	границы 	
леса	ле́са	густого 	
леса	ле́са	дары 	
леса	ле́са	два 	
леса	ле́са	дебрям 	
леса	ле́са	дебрях 	
леса	ле́са	девственного 	
леса	ле́са	дерева 	
леса	ле́са	деревьев 	
леса	ле́са	деревья 	
леса	ле́са	деревьями 	
леса	ле́са	детей 	
леса	ле́са	дикого 	
леса	ле́са	для 	
леса	ле́са	до 	
леса	ле́са	до края 	
леса	ле́са	достигли 	
леса	ле́са	достигнул 	
леса	ле́са	дочерей 	
леса	ле́са	дочери 	
леса	ле́са	дочерьми 	
леса	ле́са	дочь 	
леса	ле́са	драконьего 	
леса	ле́са	дремлющего 	
леса	ле́са	дремучего 	
леса	ле́са	дрова из 	
леса	ле́са	дух 	
леса	ле́са	духи 	
леса	ле́са	дымку 	
леса	ле́са	жизни 	
леса	ле́са	жизнь 	
леса	ле́са	жизнью 	
леса	ле́са	жителю 	
леса	ле́са	заготовке 	
леса	ле́са	заготовку 	
леса	ле́са	закон 	
леса	ле́са	замечательного 	
леса	ле́са	запахи 	
леса	ле́са	запахом 	
леса	ле́са	запретного 	
леса	ле́са	заросли 	
леса	ле́са	застывшего 	
леса	ле́са	зачарованного 	
леса	ле́са	зверей 	
леса	ле́са	звуками 	
леса	ле́са	звуки 	
леса	ле́са	зелени 	
леса	ле́са	зимнего 	
леса	ле́са	зловещего 	
леса	ле́са	злого 	
леса	ле́са	знаки 	
леса	ле́са	знаток 	
леса	ле́са	зов 	
леса	ле́са	золотого 	
леса	ле́са	из 	
леса	ле́са	из за 	
леса	ле́са	из за стены 	
леса	ле́са	изгибам 	
леса	ле́са	излучения 	
леса	ле́са	инопланетного 	
леса	ле́са	исполинского 	
леса	ле́са	истории 	
леса	ле́са	исчезнувшего 	
леса	ле́са	ихнего 	
леса	ле́са	к краю 	
леса	ле́са	касается 	
леса	ле́са	клин 	
леса	ле́са	клинья 	
леса	ле́са	клочка 	
леса	ле́са	клочок 	
леса	ле́са	колючего 	
леса	ле́са	конец 	
леса	ле́са	концу 	
леса	ле́са	краем 	
леса	ле́са	край 	
леса	ле́са	красотой 	
леса	ле́са	красоту 	
леса	ле́са	красоты 	
леса	ле́са	краю 	
леса	ле́са	края 	
леса	ле́са	кроме 	
леса	ле́са	кромка 	
леса	ле́са	кромке 	
леса	ле́са	кромки 	
леса	ле́са	кромкой 	
леса	ле́са	кромку 	
леса	ле́са	крышу 	
леса	ле́са	кусок 	
леса	ле́са	кусочек 	
леса	ле́са	линии 	
леса	ле́са	лоска 	
леса	ле́са	людей 	
леса	ле́са	люди 	
леса	ле́са	магахонского 	
леса	ле́са	магия 	
леса	ле́са	массив 	
леса	ле́са	массу 	
леса	ле́са	месте 	
леса	ле́са	мимо 	
леса	ле́са	могучего 	
леса	ле́са	моего 	
леса	ле́са	мыском 	
леса	ле́са	на берегу 	
леса	ле́са	на краю 	
леса	ле́са	на опушке 	
леса	ле́са	настоящего 	
леса	ле́са	нашего 	
леса	ле́са	не видят 	
леса	ле́са	не покидаем 	
леса	ле́са	невероятного 	
леса	ле́са	немногие полосы 	
леса	ле́са	необозримого 	
леса	ле́са	непроходимого 	
леса	ле́са	нет 	
леса	ле́са	никакого 	
леса	ле́са	но 	 нет
леса	ле́са	ночного 	
леса	ле́са	обитателей 	
леса	ле́са	обитателем 	
леса	ле́са	обитатели 	
леса	ле́са	обитателя 	
леса	ле́са	обрыва и 	
леса	ле́са	обширного 	
леса	ле́са	огромного 	
леса	ле́са	около 	
леса	ле́са	окраине 	
леса	ле́са	окраину 	
леса	ле́са	окраины 	
леса	ле́са	окружающего 	
леса	ле́са	оного 	
леса	ле́са	опека 	
леса	ле́са	опеки 	
леса	ле́са	опекун 	
леса	ле́са	опекуном 	
леса	ле́са	опушка 	
леса	ле́са	опушке 	
леса	ле́са	опушке запретного 	
леса	ле́са	опушки 	
леса	ле́са	опушку 	
леса	ле́са	осеннего 	
леса	ле́са	островки 	
леса	ле́са	островок 	
леса	ле́са	от 	
леса	ле́са	отдыхающего 	
леса	ле́са	охрана 	
леса	ле́са	очертания 	
леса	ле́са	патриоты 	
леса	ле́са	первичного 	
леса	ле́са	первобытного 	
леса	ле́са	плотной стены 	
леса	ле́са	поворотом 	
леса	ле́са	поганого 	
леса	ле́са	покров 	
леса	ле́са	пологом 	
леса	ле́са	полосе 	
леса	ле́са	полоска 	
леса	ле́са	полоской 	
леса	ле́са	полоску 	
леса	ле́са	полосы 	
леса	ле́са	полумрак 	
леса	ле́са	полумраке 	
леса	ле́са	понимания 	
леса	ле́са	посередь 	
леса	ле́са	посреди 	
леса	ле́са	посредь 	
леса	ле́са	поставщиков 	
леса	ле́са	пределами 	
леса	ле́са	предрассветного 	
леса	ле́са	прекрасного 	
леса	ле́са	приграничного 	
леса	ле́са	прикрытием 	
леса	ле́са	пробуждающегося 	
леса	ле́са	проклятого 	
леса	ле́са	пустоты и 	
леса	ле́са	пылать 	
леса	ле́са	пятачке 	
леса	ле́са	разведении 	
леса	ле́са	районах 	
леса	ле́са	растительность вроде 	
леса	ле́са	редкого 	
леса	ле́са	ритме 	
леса	ле́са	родного 	
леса	ле́са	рощи 	
леса	ле́са	рубки 	
леса	ле́са	ряску 	
леса	ле́са	самово 	
леса	ле́са	самого 	
леса	ле́са	санитар 	
леса	ле́са	санитаром 	
леса	ле́са	санитары 	
леса	ле́са	сводах 	
леса	ле́са	своего 	
леса	ле́са	сектор 	
леса	ле́са	сектора 	
леса	ле́са	сердцу 	
леса	ле́са	середине 	
леса	ле́са	середины 	
леса	ле́са	сильного 	
леса	ле́са	со стороны 	
леса	ле́са	соседнего 	
леса	ле́са	соснового 	
леса	ле́са	сохранность 	
леса	ле́са	спасительного 	
леса	ле́са	спокойствие 	
леса	ле́са	среди 	
леса	ле́са	стена 	
леса	ле́са	стене 	
леса	ле́са	стеной 	
леса	ле́са	стену 	
леса	ле́са	сторонитесь 	
леса	ле́са	сторону 	
леса	ле́са	стороны 	
леса	ле́са	странного 	
леса	ле́са	сумерки 	
леса	ле́са	существа 	
леса	ле́са	существам 	
леса	ле́са	существах 	
леса	ле́са	существо 	
леса	ле́са	тайгу или 	
леса	ле́са	тайн 	
леса	ле́са	тайны 	
леса	ле́са	твоего 	
леса	ле́са	темнеющего 	
леса	ле́са	темноте 	
леса	ле́са	темноту 	
леса	ле́са	тени 	
леса	ле́са	тень 	
леса	ле́са	тиши 	
леса	ле́са	тишине 	
леса	ле́са	тишину 	
леса	ле́са	тишины 	
леса	ле́са	того 	
леса	ле́са	толстая 	
леса	ле́са	тропического 	
леса	ле́са	у 	
леса	ле́са	у края 	
леса	ле́са	у самого 	
леса	ле́са	уборка 	
леса	ле́са	уголкам 	
леса	ле́са	уголках 	
леса	ле́са	уголке 	
леса	ле́са	угрюмого 	
леса	ле́са	укрытия 	
леса	ле́са	утреннего 	
леса	ле́са	участках 	
леса	ле́са	участки 	
леса	ле́са	участков 	
леса	ле́са	участок 	
леса	ле́са	фоне 	
леса	ле́са	фрагмент 	
леса	ле́са	хозяев 	
леса	ле́са	хозяин 	
леса	ле́са	хозяином 	
леса	ле́са	хранители 	
леса	ле́са	хранитель 	
леса	ле́са	хранителю 	
леса	ле́са	хранителя 	
леса	ле́са	цвета 	
леса	ле́са	центре 	
леса	ле́са	части 	
леса	ле́са	часть 	
леса	ле́са	чаще 	
леса	ле́са	чащи 	
леса	ле́са	чащу 	
леса	ле́са	черноту 	
леса	ле́са	чьего та 	
леса	ле́са	шелест 	
леса	ле́са	шервудского 	
леса	ле́са	шкура 	
леса	ле́са	шкуре 	
леса	ле́са	шум 	
леса	ле́са	шума 	
леса	ле́са	эльфийского 	
леса	ле́са	эльфы 	
леса	ле́са	этого 	
леса	ле́са	языки 	
леса	леса́		 - фавнами
леса	леса́		 амазонки
леса	леса́		 ваши
леса	леса́		 вокруг
леса	леса́		 вырубили
леса	леса́		 густые
леса	леса́		 да болота
леса	леса́		 да болота кругом
леса	леса́		 дремучие
леса	леса́		 жгла
леса	леса́		 здесь
леса	леса́		 и безлюдье
леса	леса́		 и воды
леса	леса́		 и города
леса	леса́		 и горы
леса	леса́		 и луга
леса	леса́		 и моря
леса	леса́		 и озера
леса	леса́		 и отдельные рощи
леса	леса́		 и отели
леса	леса́		 и парки
леса	леса́		 и поля
леса	леса́		 и реки
леса	леса́		 и руды
леса	леса́		 и степи
леса	леса́		 и цеха
леса	леса́		 между
леса	леса́		 местные
леса	леса́		 надо беречь
леса	леса́		 наши
леса	леса́		 немыслимых
леса	леса́		 одни
леса	леса́		 остались позади
леса	леса́		 под
леса	леса́		 практически
леса	леса́		 сами
леса	леса́		 скоро станут
леса	леса́		 стали
леса	леса́		 сухие
леса	леса́		 теперь
леса	леса́		 то
леса	леса́		 только с
леса	леса́		 тоъ
леса	леса́		 тут обалденные
леса	леса́		 у нас
леса	леса́		 у нас глухие
леса	леса́	а 	
леса	леса́	бамбуковые 	
леса	леса́	болота да 	
леса	леса́	были 	
леса	леса́	в 	
леса	леса́	в тайгу или 	
леса	леса́	ваши 	
леса	леса́	вдоль дороги 	
леса	леса́	воды и 	
леса	леса́	восточные 	
леса	леса́	все 	
леса	леса́	выжигая 	
леса	леса́	вырубаем 	
леса	леса́	вырубаются 	
леса	леса́	вырубая 	
леса	леса́	глухие 	
леса	леса́	горели 	
леса	леса́	горные 	
леса	леса́	города и 	
леса	леса́	горы да 	
леса	леса́	горы и 	
леса	леса́	горы, 	
леса	леса́	густые 	
леса	леса́	дикие 	
леса	леса́	дождевые 	
леса	леса́	дремучие 	
леса	леса́	есть 	
леса	леса́	заколдованные 	
леса	леса́	занимали 	
леса	леса́	заповедные 	
леса	леса́	здесь 	
леса	леса́	здешние 	
леса	леса́	зеленели 	
леса	леса́	инструменты и 	
леса	леса́	какие 	
леса	леса́	когда нибудь 	
леса	леса́	корабельные 	
леса	леса́	кругом 	
леса	леса́	кустарники, 	
леса	леса́	луга и 	
леса	леса́	лучами 	
леса	леса́	люблю 	
леса	леса́	манящие 	
леса	леса́	мелколиственные 	
леса	леса́	местные 	
леса	леса́	металлические 	
леса	леса́	моря и 	
леса	леса́	на 	
леса	леса́	над ним 	
леса	леса́	начинаются 	
леса	леса́	наши 	
леса	леса́	о 	
леса	леса́	об 	
леса	леса́	обширные 	
леса	леса́	одни 	 да
леса	леса́	океаны, 	
леса	леса́	окрестные 	
леса	леса́	окружающие озеро 	
леса	леса́	орбитальные 	
леса	леса́	от них 	
леса	леса́	отдельные 	
леса	леса́	охранять 	
леса	леса́	охраняю 	
леса	леса́	пашни, 	
леса	леса́	пески и 	
леса	леса́	под 	
леса	леса́	подмосковные 	
леса	леса́	подобные 	
леса	леса́	пойменные 	
леса	леса́	покажи 	
леса	леса́	поля и 	
леса	леса́	поля, 	
леса	леса́	посещая 	
леса	леса́	превращая 	
леса	леса́	превращая 	 и поля
леса	леса́	прекрасные 	
леса	леса́	простирались 	
леса	леса́	протягивались 	
леса	леса́	пустыни и 	
леса	леса́	пустыню и 	
леса	леса́	равнины, 	
леса	леса́	растут 	
леса	леса́	реки и 	
леса	леса́	росли 	
леса	леса́	рощи и 	
леса	леса́	сами 	
леса	леса́	свела нафиг 	
леса	леса́	светлые 	
леса	леса́	свои 	
леса	леса́	сквозь 	
леса	леса́	смешанные 	
леса	леса́	снова 	
леса	леса́	сосновые 	
леса	леса́	строительные 	
леса	леса́	стройные 	
леса	леса́	там 	
леса	леса́	те 	
леса	леса́	те же 	
леса	леса́	тебе не 	
леса	леса́	только 	
леса	леса́	тундры и 	
леса	леса́	тянутся 	
леса	леса́	убери 	
леса	леса́	улицы и 	
леса	леса́	холмы, 	
леса	леса́	хуторов и 	
леса	леса́	целые 	
леса	леса́	чародейские 	
леса	леса́	через 	
леса	леса́	что 	
леса	леса́	чьи 	
леса	леса́	широколиственные 	
леса	леса́	эти 	
леса	леса́	южные 	
леска	ле́ска		 глубоко врезалась в
леска	ле́ска		 есть
леска	ле́ска		 как раз
леска	ле́ска		 натянута
леска	ле́ска		 оставалась
леска	ле́ска		 резко
леска	ле́ска	волосяная 	
леска	ле́ска	крепкая 	
леска	ле́ска	проволочка или 	
леска	ле́ска	спутанная 	
леска	ле́ска	такая же 	
леска	леска́	ближайшего 	
леска	леска́	глубины 	
леска	леска́	донельзя 	
леска	леска́	на месте 	
леска	леска́	на опушке 	
леска	леска́	обычного 	
леска	леска́	того 	
леска	леска́	этого 	
леске	ле́ске	тонкой 	
леске	ле́ске	тридцатиметровой 	
леске	леске́	небольшом 	
леску	ле́ску		 и крючки
леску	ле́ску		 на моталку
леску	ле́ску	зажал 	
леску	ле́ску	капроновую 	
леску	ле́ску	на 	
леску	ле́ску	натянул 	
леску	ле́ску	перерезав 	
леску	ле́ску	разложив 	
леску	ле́ску	руби 	
леску	ле́ску	смотал 	
леску	ле́ску	тянул 	
леску	леску́	в 	
леску	леску́	по 	
лесок	ле́сок	тончайших 	
лесок	лесо́к		 примыкал
лесок	лесо́к		 скроет
лесок	лесо́к		 этот
лесок	лесо́к	ближайший 	
лесок	лесо́к	в 	
лесок	лесо́к	злополучный 	
лесок	лесо́к	небольшой 	
лесок	лесо́к	окутали 	
лесок	лесо́к	преодолев 	
лесок	лесо́к	прибрежный 	
лесок	лесо́к	хвойный 	
лесок	лесо́к	через 	
лесок	лесо́к	этот 	
лесополосы	лесопо́лосы	редкие 	
лесополосы	лесополосы́	до 	
лесополосы	лесополосы́	из 	
лесополосы	лесополосы́	небольшой 	
лесополосы	лесополосы́	около 	
лесу	ле́су	ближе к 	
лесу	ле́су	близкому 	
лесу	ле́су	всему 	
лесу	ле́су	горному 	
лесу	ле́су	дикому 	
лесу	ле́су	древнему 	
лесу	ле́су	дремучему 	
лесу	ле́су	за спиной 	
лесу	ле́су	злому 	
лесу	ле́су	и 	
лесу	ле́су	из 	
лесу	ле́су	их 	
лесу	ле́су	к 	
лесу	ле́су	к запретному 	
лесу	ле́су	к самому 	
лесу	ле́су	кланяемся 	
лесу	ле́су	лиственничному 	
лесу	ле́су	металлическому 	
лесу	ле́су	мокрому 	
лесу	ле́су	нарисованному 	
лесу	ле́су	нашему 	
лесу	ле́су	незнакомому 	
лесу	ле́су	новому 	
лесу	ле́су	ночному 	
лесу	ле́су	орочьему 	
лесу	ле́су	осеннему 	
лесу	ле́су	перекусил 	
лесу	ле́су	по 	
лесу	ле́су	по ночному 	
лесу	ле́су	по утреннему 	
лесу	ле́су	подобен 	
лесу	ле́су	приближающемуся 	
лесу	ле́су	самому 	
лесу	ле́су	слава 	
лесу	ле́су	спасительному 	
лесу	ле́су	сумрачному 	
лесу	ле́су	темнеющему 	
лесу	ле́су	тенистому 	
лесу	ле́су	тропическому 	
лесу	ле́су	утреннему 	
лесу	ле́су	чернобыльскому 	
лесу	ле́су	экваториальному 	
лесу	ле́су	эльфийскому 	
лесу	ле́су	этому 	
лесу	лесу́	акациевом 	
лесу	лесу́	ближайшем 	
лесу	лесу́	в 	
лесу	лесу́	в ближнем 	
лесу	лесу́	в самом 	
лесу	лесу́	в этом 	
лесу	лесу́	высоком 	
лесу	лесу́	где то в 	
лесу	лесу́	где тоъ в 	
лесу	лесу́	где-то в 	
лесу	лесу́	густом 	
лесу	лесу́	густому 	
лесу	лесу́	диком 	
лесу	лесу́	дорога в 	
лесу	лесу́	дремучем 	
лесу	лесу́	жешувском 	
лесу	лесу́	любом 	
лесу	лесу́	мирном 	
лесу	лесу́	незнакомом 	
лесу	лесу́	но в 	
лесу	лесу́	ночном 	
лесу	лесу́	первобытном 	
лесу	лесу́	прилегающем 	
лесу	лесу́	растворились в 	
лесу	лесу́	редком 	
лесу	лесу́	самом 	
лесу	лесу́	сосновом 	
лесу	лесу́	тропическом 	
лесу	лесу́	шелестящем 	
лесу	лесу́	этом 	
лечите	ле́чите	не 	
лиса	ли́са		 с меня хватило
лиса	ли́са		 убил
лиса	ли́са	друзья 	
лиса	ли́са	за 	
лиса	ли́са	прикончив 	
лиса	ли́са	своего 	
лиса	ли́са	серебристого 	
лиса	ли́са	спасение 	
лиса	ли́са	старого 	
лиса	ли́са	у 	
лиса	ли́са	убил 	
лиса	лиса́		 корсак
лиса	лиса́		 переросток
лиса	лиса́	голубая 	
лиса	лиса́	девка 	
лиса	лиса́	красавица 	
лиса	лиса́	милая голубая 	
лиса	лиса́	паук и 	
лису	лису́	ели 	
лису	лису́	жалко 	
лису	лису́	запускать 	
лису	лису́	земную 	
лису	лису́	милую голубую 	
лису	лису́	уставшую 	
лисы	ли́сы		 да птичьи стаи
лисы	ли́сы	волки и 	
лисы	ли́сы	волки или 	
лисы	ли́сы	зайцы да 	
лисы	лисы́		 а[homo] лисы [/homo]
лисы	лисы́	милой голубой 	
лисы	лисы́	осторожней 	
лисы	лисы́	полярной 	
лисы	лисы́	чуть слышно 	
лиха	ли́ха		 хлебнуть
лиха	ли́ха	с ними 	
лиха	ли́ха	фунт 	
лиха	ли́ха	хлебнули 	
лиха	лиха́		 беда
лихом	ли́хом		 не поминайте
лихом	ли́хом	не поминайте 	
лихом	ли́хом	поминай 	
лица	ли́ца		 в его окнах
лица	ли́ца		 и руки
лица	ли́ца		 и руки сделались
лица	ли́ца		 их
лица	ли́ца		 клонов
лица	ли́ца		 разные
лица	ли́ца		 со временем
лица	ли́ца		 стоящих
лица	ли́ца		 страны
лица	ли́ца		 у всех
лица	ли́ца		 этой профессии
лица	ли́ца	в 	
лица	ли́ца	в их 	
лица	ли́ца	видел 	
лица	ли́ца	видеть их 	
лица	ли́ца	видны 	
лица	ли́ца	все 	
лица	ли́ца	вспомнить 	
лица	ли́ца	вспомнить их 	
лица	ли́ца	есть же 	
лица	ли́ца	запомнить 	
лица	ли́ца	и 	 этих
лица	ли́ца	исполни 	 их
лица	ли́ца	их 	
лица	ли́ца	могучие 	
лица	ли́ца	мои 	
лица	ли́ца	муки 	
лица	ли́ца	на 	
лица	ли́ца	наклонили 	
лица	ли́ца	наши 	
лица	ли́ца	но 	 их
лица	ли́ца	нужные мне 	
лица	ли́ца	облепил 	
лица	ли́ца	обратив 	
лица	ли́ца	оглядывая 	
лица	ли́ца	подняли 	
лица	ли́ца	причастны 	
лица	ли́ца	прятали 	
лица	ли́ца	руки и 	
лица	ли́ца	свои 	
лица	ли́ца	твои 	
лица	ли́ца	те 	
лица	ли́ца	те же 	
лица	ли́ца	тела и 	
лица	ли́ца	фигуры и 	
лица	ли́ца	характеры и 	
лица	ли́ца	чины и 	
лица	ли́ца	что 	 у
лица	ли́ца	чьи та 	
лица	ли́ца	эти 	
лица	ли́ца	я вижу 	
лица	лица́		 - никакого
лица	лица́		 гостя
лица	лица́		 доктора
лица	лица́		 на ней нет
лица	лица́		 нет
лица	лица́		 ни разу не видел
лица	лица́		 профессора
лица	лица́		 прямо нет
лица	лица́		 спала
лица	лица́		 стрелка
лица	лица́	а 	 у
лица	лица́	а что до 	
лица	лица́	арестованного 	
лица	лица́	без 	
лица	лица́	бледность 	
лица	лица́	бледных 	
лица	лица́	болезнью 	
лица	лица́	больного 	
лица	лица́	большую часть 	
лица	лица́	в выражении 	
лица	лица́	в поте 	
лица	лица́	в росписи 	
лица	лица́	в центре 	
лица	лица́	вашего 	
лица	лица́	вдоль 	
лица	лица́	веснушчатого 	
лица	лица́	вид 	
лица	лица́	вместо 	
лица	лица́	во свете 	
лица	лица́	во свете 	 его
лица	лица́	возле 	
лица	лица́	вокруг 	
лица	лица́	восстановлению 	
лица	лица́	всего 	
лица	лица́	вспомнить его 	
лица	лица́	вспомнить ее 	
лица	лица́	вспышки 	
лица	лица́	выражение 	
лица	лица́	выражение его 	
лица	лица́	выражение же 	
лица	лица́	выражение этого 	
лица	лица́	выражением 	
лица	лица́	выражении 	
лица	лица́	выражений 	
лица	лица́	выражению 	
лица	лица́	выражению 	 стрелка
лица	лица́	выражению его 	
лица	лица́	выражения 	
лица	лица́	высохшего 	
лица	лица́	вышеупомянутого 	
лица	лица́	для 	
лица	лица́	до голоса и 	
лица	лица́	другого 	
лица	лица́	его 	
лица	лица́	заинтересованного 	
лица	лица́	застывшего 	
лица	лица́	заявленного 	
лица	лица́	имя 	
лица	лица́	линии 	
лица	лица́	местонахождение 	
лица	лица́	моего 	
лица	лица́	не запомнил ни 	
лица	лица́	ни 	 его
лица	лица́	ни 	 человека
лица	лица́	низ 	
лица	лица́	от 	
лица	лица́	от 	 руки
лица	лица́	отчество 	
лица	лица́	первого 	
лица	лица́	поте 	
лица	лица́	потустороннего 	
лица	лица́	с 	
лица	лица́	с 	 войны
лица	лица́	с 	 земли
лица	лица́	с 	 земли города
лица	лица́	с 	 и волос
лица	лица́	с 	 и тела
лица	лица́	с волос и 	
лица	лица́	свисали по сторонам 	
лица	лица́	своего 	
лица	лица́	себя 	
лица	лица́	соответствующего 	
лица	лица́	спала с 	
лица	лица́	строение 	
лица	лица́	третьего 	
лица	лица́	у 	
лица	лица́	у самого 	
лица	лица́	ужасного 	
лица	лица́	улыбающегося 	
лица	лица́	улыбающихся 	
лица	лица́	фамиилия 	
лица	лица́	форму 	
лица	лица́	цвет 	
лица	лица́	цвета 	
лица	лица́	цветом 	
лица	лица́	части 	
лица	лица́	часть 	
лица	лица́	часть головы и 	
лица	лица́	часть его 	
лица	лица́	человеческого 	
лица	лица́	черт 	
лица	лица́	черт его 	
лица	лица́	черта 	
лица	лица́	чертам 	
лица	лица́	чертами 	
лица	лица́	чертах 	
лица	лица́	чертах его 	
лица	лица́	черты 	
лица	лица́	черты его 	
лица	лица́	четыре 	
лица	лица́	чужого 	
лица	лица́	широкого 	
лица	лица́	элегантным овалом 	
лица	лица́	этого же 	
лица	лица́	юного 	
лишая	лиша́я		 возможности
лишая	лиша́я		 меня
лишая	лиша́я		 себя
лишая	лиша́я	тем самым 	
ловите	ло́вите	друга 	
ловите	ло́вите	не 	
ловите	лови́те		 сами,
ловите	лови́те	не 	 это
ловлю	ло́влю		 рыбы
ловлю	ло́влю	возобновили 	
ловлю	ло́влю	за 	
ловлю	ло́влю	на 	
ловлю	ло́влю	прекратить 	
ловлю	ло́влю	про 	
ловлю	ло́влю	рыбную 	
ловлю	ловлю́		 боковым
ловлю	ловлю́		 в
ловлю	ловлю́		 вдруг
ловлю	ловлю́		 водителя
ловлю	ловлю́		 голову
ловлю	ловлю́		 его
ловлю	ловлю́		 мишень
ловлю	ловлю́		 на
ловлю	ловлю́		 на слове
ловлю	ловлю́		 оценивающие
ловлю	ловлю́		 попутку
ловлю	ловлю́		 себя
ловлю	ловлю́		 тебя
ловлю	ловлю́	быстро 	
ловлю	ловлю́	и 	
ловлю	ловлю́	уопять 	
ловлю	ловлю́	часто 	
ловлю	ловлю́	я 	
ложа	ло́жа	для 	
ложа	ло́жа	его 	
ложа	ло́жа	когда 	
ложа	ло́жа	с 	
ложа	ло́жа	своего 	
ложа	ло́жа	смертного 	
ложи	ло́жи		 были заняты.
ложи	ло́жи	в сторону 	 правителя
ложи	ло́жи	взгляд в сторону 	
ложи	ло́жи	запрещены 	
ложи	ло́жи	королевской 	
ложи	ло́жи	масонские 	
ложи	ло́жи	не в интересах 	
ложи	ло́жи	от всей 	
ложи	ло́жи	президентской 	
ложи	ло́жи	против 	
ложи	ло́жи	тайной 	
ложи	ло́жи	у 	
ложи	ло́жи	хорошей 	
ложи	ло́жи	этой 	
ложи	ложи́	быстро 	
ложи	ложи́	в гроб 	
ложи	ложи́	не 	
лозы	ло́зы		 оплетали
лозы	ло́зы	виноградные 	
лозы	лозы́	виноградной 	
лозы	лозы́	волшебной 	
лозы	лозы́	две 	
лозы	лозы́	из 	
лозы	лозы́	прутиком 	
лозы	лозы́	три 	
лозы	лозы́	четыре 	
луга	лу́га	большого 	
луга	лу́га	границе 	
луга	лу́га	этого 	
луга	луга́		 - панами
луга	луга́		 - тучного
луга	луга́		 были
луга	луга́		 ваши
луга	луга́		 вокруг
луга	луга́		 вытоптали
луга	луга́		 вытоптали миллионы ног
луга	луга́		 да
луга	луга́		 и болота
луга	луга́		 и леса
луга	луга́		 и поля
луга	луга́		 и холмы
луга	луга́		 наши
луга	луга́		 под
луга	луга́		 с высокой травой
луга	луга́		 сами
луга	луга́	альпийские 	
луга	луга́	в 	
луга	луга́	ваши 	
луга	луга́	высокие 	
луга	луга́	глядя на 	
луга	луга́	горные 	
луга	луга́	до 	
луга	луга́	леса и 	
луга	луга́	на 	
луга	луга́	наши 	
луга	луга́	о 	
луга	луга́	об 	
луга	луга́	окрестные 	
луга	луга́	под 	
луга	луга́	поля и 	
луга	луга́	поля, 	
луга	луга́	поляны и 	
луга	луга́	роскошные 	
луга	луга́	сами 	
луга	луга́	сквозь 	
луга	луга́	сплошные поля, да 	
луга	луга́	те 	
луга	луга́	трава и 	
луга	луга́	целые 	
луга	луга́	через 	
луга	луга́	эти 	
лугу	лугу́	большом 	
лугу	лугу́	затопленном 	
лугу	лугу́	здешнем 	
лугу	лугу́	на 	
лугу	лугу́	нашем 	
лугу	лугу́	обширному 	
лугу	лугу́	одном 	
лугу	лугу́	прибрежному 	
лугу	лугу́	речном 	
лугу	лугу́	свежевымытом 	
лугу	лугу́	том 	
лугу	лугу́	цыганском 	
лугу	лугу́	эльфийском 	
лука	лу́ка	сокрушил он стрелы 	
лука	лу́ка	стрелки из 	
лука	лу́ка	хлеба и 	
луке	луке́		 седла
луке	луке́	к 	
луки	лу́ки	боевые 	
луки	луки́		 седла
луки	луки́	главе от 	
луки	луки́	марка, 	
луки	луки́	от 	
луки	луки́	передней 	
луки	луки́	с 	
луку	лу́ку	к 	
луку	луку́		 седла
луку	луку́	переднюю 	
луны	лу́ны		 сместились
луны	лу́ны	все 	
луны	лу́ны	кометы и 	
луны	лу́ны	ледяные 	
луны	лу́ны	наши 	
луны	лу́ны	свои 	
луны	лу́ны	солнца и 	
луны	лу́ны	съедает 	
луны	луны́		 бледный
луны	луны́	альфанской 	
луны	луны́	блеск 	
луны	луны́	близость 	
луны	луны́	большой 	
луны	луны́	внутренней 	
луны	луны́	во имя солнца и 	
луны	луны́	восхода 	
луны	луны́	восходящей 	
луны	луны́	второй 	
луны	луны́	громадной 	
луны	луны́	дальней 	
луны	луны́	две 	
луны	луны́	детьми 	
луны	луны́	диск 	
луны	луны́	душу 	
луны	луны́	закате 	
луны	луны́	заселении 	
луны	луны́	защите 	
луны	луны́	знак 	
луны	луны́	камешек 	
луны	луны́	картой 	
луны	луны́	кланов 	
луны	луны́	колонизация 	
луны	луны́	край 	
луны	луны́	крупной 	
луны	луны́	лучи 	
луны	луны́	мерцанье 	
луны	луны́	месте 	
луны	луны́	на ремонт 	
луны	луны́	на фоне 	
луны	луны́	населении 	
луны	луны́	населения 	
луны	луны́	нашей 	
луны	луны́	неба и 	
луны	луны́	нет 	
луны	луны́	ни 	
луны	луны́	нижней 	
луны	луны́	новой 	
луны	луны́	объявление 	
луны	луны́	одной 	
луны	луны́	освоения 	
луны	луны́	осенней 	
луны	луны́	падавшей 	
луны	луны́	первой 	
луны	луны́	передачи 	
луны	луны́	поверхности 	
луны	луны́	поверхность 	
луны	луны́	полной 	
луны	луны́	полных 	
луны	луны́	поселенцами 	
луны	луны́	поселенцев 	
луны	луны́	с 	
луны	луны́	свет 	
луны	луны́	свете 	
луны	луны́	светом 	
луны	луны́	северного полюса 	
луны	луны́	серпом 	
луны	луны́	сиянии 	
луны	луны́	смен 	
луны	луны́	совета 	
луны	луны́	спутников 	
луны	луны́	стороне 	
луны	луны́	существования 	
луны	луны́	три 	
луны	луны́	фазу 	
луны	луны́	фазы 	
луны	луны́	часть 	
луны	луны́	четыре 	
луны	луны́	этой 	
любим	лю́бим		 никого
любим	лю́бим		 россию
любим	лю́бим		 сбиваться
любим	лю́бим		 смотреть
любим	лю́бим	вас 	
любим	лю́бим	кого 	
любим	лю́бим	мы 	
любим	лю́бим	мы не 	
любим	лю́бим	не 	
любим	лю́бим	очень 	
любим	лю́бим	потому что 	
любим	лю́бим	прибедняться 	
любим	лю́бим	сказать, 	
любим	лю́бим	таких не 	
любим	лю́бим	тоже 	
любим	лю́бим	шуток не 	
любим	лю́бим	это 	
любим	люби́м		 в народе
любим	люби́м		 и счастлив
любим	люби́м		 многими
любим	люби́м		 мною
любим	люби́м		 нашим
любим	люби́м		 нашими
любим	люби́м	был 	
любим	люби́м	был так 	
любим	люби́м	весьма 	
любим	люби́м	горячо 	
любим	люби́м	он 	
любите	лю́бите		 ли
любите	лю́бите		 любящих
любите	лю́бите		 читать
любите	лю́бите	аще 	 мя
любите	лю́бите	вы 	
любите	лю́бите	вы действительно 	
любите	лю́бите	вы его 	
любите	лю́бите	его 	
любите	лю́бите	если 	 жену
любите	лю́бите	если 	 меня
любите	лю́бите	если вы 	
любите	лю́бите	кого 	
любите	лю́бите	не 	
любите	лю́бите	не особенно 	
любите	лю́бите	очень 	
любите	лю́бите	раз вы так 	
любите	лю́бите	тоже 	
любите	лю́бите	чаек 	
любите	лю́бите	что 	 бога
любите	лю́бите	что 	 меня
любите	лю́бите	что 	 славу
любите	люби́те		 друг
любите	люби́те		 и будьте
малого	мало́го		 кормить
малого	мало́го		 одевать
малого	мало́го		 укладывать
малого	мало́го	кормить 	
масла	ма́сла		 было
масла	ма́сла		 в огонь
масла	ма́сла	без 	
масла	ма́сла	брызгами 	
масла	ма́сла	для 	
масла	ма́сла	из за 	
масла	ма́сла	из под 	
масла	ма́сла	капли 	
масла	ма́сла	каплю 	
масла	ма́сла	растительного 	
масла	ма́сла	угля, муки и 	
масла	масла́		 ваши
масла	масла́		 наши
масла	масла́		 сами
масла	масла́	ароматические 	
масла	масла́	в 	
масла	масла́	ваши 	
масла	масла́	жиры и 	
масла	масла́	мои 	
масла	масла́	наши 	
масла	масла́	о 	
масла	масла́	об 	
масла	масла́	под 	
масла	масла́	разжигает 	
масла	масла́	сами 	
масла	масла́	свои 	
масла	масла́	сквозь 	
масла	масла́	твои 	
масла	масла́	те 	
масла	масла́	топливо и 	
масла	масла́	через 	
масла	масла́	чьи та 	
масла	масла́	эти 	
мастера	ма́стера		 - диабет
мастера	ма́стера		 вора
мастера	ма́стера		 и маргариту
мастера	ма́стера		 и маргариты
мастера	ма́стера		 ксави
мастера	ма́стера		 не сделал
мастера	ма́стера		 некроманта
мастера	ма́стера		 охранителя
мастера	ма́стера		 пэвера
мастера	ма́стера		 рошаля
мастера	ма́стера		 с маргаритой
мастера	ма́стера		 свами
мастера	ма́стера		 сварога
мастера	ма́стера		 составления
мастера	ма́стера		 телекинетика
мастера	ма́стера		-кожевника
мастера	ма́стера	артистизма 	
мастера	ма́стера	бездельника и 	
мастера	ма́стера	большого 	
мастера	ма́стера	будить 	
мастера	ма́стера	в присутствии 	
мастера	ма́стера	в сопровождении 	
мастера	ма́стера	велению 	
мастера	ма́стера	великого 	
мастера	ма́стера	видеть 	
мастера	ма́стера	видеть тайных дел 	
мастера	ма́стера	визитка 	
мастера	ма́стера	встретил 	
мастера	ма́стера	выбор 	
мастера	ма́стера	выдающегося 	
мастера	ма́стера	гермокостюме 	
мастера	ма́стера	голова 	
мастера	ма́стера	головы 	
мастера	ма́стера	голосе 	
мастера	ма́стера	горного 	
мастера	ма́стера	данилу 	
мастера	ма́стера	два 	
мастера	ма́стера	действия 	
мастера	ма́стера	дел 	
мастера	ма́стера	для 	
мастера	ма́стера	до 	
мастера	ма́стера	доводами 	
мастера	ма́стера	дом 	
мастера	ма́стера	древнего 	
мастера	ма́стера	жизнь 	
мастера	ма́стера	жилищем 	
мастера	ма́стера	за 	
мастера	ма́стера	задание 	
мастера	ма́стера	заставить 	
мастера	ма́стера	звание 	
мастера	ма́стера	здоровьице 	
мастера	ма́стера	значок 	
мастера	ма́стера	и 	
мастера	ма́стера	из за спины 	
мастера	ма́стера	имени 	
мастера	ма́стера	искусство 	
мастера	ма́стера	искусством 	
мастера	ма́стера	ихнего 	
мастера	ма́стера	кабинета 	
мастера	ма́стера	кархеонского 	
мастера	ма́стера	кисти 	
мастера	ма́стера	клеймо 	
мастера	ма́стера	культ 	
мастера	ма́стера	лавкой 	
мастера	ма́стера	лежала к дому 	
мастера	ма́стера	лежала к подворью 	
мастера	ма́стера	лучше него 	
мастера	ма́стера	лучшего 	
мастера	ма́стера	мебель 	
мастера	ма́стера	место 	
мастера	ма́стера	мечника или 	
мастера	ма́стера	мнение 	
мастера	ма́стера	моего 	
мастера	ма́стера	молодого 	
мастера	ма́стера	на 	
мастера	ма́стера	найди 	
мастера	ма́стера	напротив 	 ножа
мастера	ма́стера	настоящего 	
мастера	ма́стера	нашего 	
мастера	ма́стера	неприятности 	
мастера	ма́стера	ниже 	
мастера	ма́стера	образа 	
мастера	ма́стера	обычного 	
мастера	ма́стера	опытного 	
мастера	ма́стера	от 	
мастера	ма́стера	палец 	
мастера	ма́стера	парусных 	
мастера	ма́стера	переигравшего его 	
мастера	ма́стера	планы 	
мастера	ма́стера	племянников 	
мастера	ма́стера	повидать 	
мастера	ма́стера	поднял 	
мастера	ма́стера	поиски 	
мастера	ма́стера	полюбил 	
мастера	ма́стера	поручений 	
мастера	ма́стера	потеющего 	
мастера	ма́стера	потороплю 	
мастера	ма́стера	похвалой 	
мастера	ма́стера	предложение 	
мастера	ма́стера	привлекли 	
мастера	ма́стера	признанного 	
мастера	ма́стера	приказам 	
мастера	ма́стера	природы и 	
мастера	ма́стера	прозвище 	
мастера	ма́стера	произведением 	
мастера	ма́стера	просьбе 	
мастера	ма́стера	разрешению декана или 	
мастера	ма́стера	расстреливая 	
мастера	ма́стера	рейнджера и 	
мастера	ма́стера	речь 	
мастера	ма́стера	родственница 	
мастера	ма́стера	рука 	
мастера	ма́стера	руками 	
мастера	ма́стера	руках 	
мастера	ма́стера	руки 	
мастера	ма́стера	рукой 	
мастера	ма́стера	с небрежностью 	
мастера	ма́стера	с работой 	
мастера	ма́стера	самого 	
мастера	ма́стера	своего 	
мастера	ма́стера	семейство 	
мастера	ма́стера	слов 	
мастера	ма́стера	слова 	
мастера	ма́стера	словами 	
мастера	ма́стера	спрашивать 	
мастера	ма́стера	спросили 	
мастера	ма́стера	старого 	
мастера	ма́стера	стиле 	
мастера	ма́стера	сын 	
мастера	ма́стера	табличкой 	
мастера	ма́стера	так звали 	
мастера	ма́стера	такого 	
мастера	ма́стера	талантливого 	
мастера	ма́стера	твоего 	
мастера	ма́стера	то есть 	
мастера	ма́стера	у 	
мастера	ма́стера	у дома 	
мастера	ма́стера	убивают 	 задолго
мастера	ма́стера	уважаемого 	
мастера	ма́стера	удар 	
мастера	ма́стера	украшательства 	
мастера	ма́стера	управленца, хоть 	
мастера	ма́стера	уровня 	
мастера	ма́стера	ученик 	
мастера	ма́стера	учить 	
мастера	ма́стера	фразу 	
мастера	ма́стера	чьего та 	
мастера	ма́стера	этого 	
мастера	ма́стера	я 	
мастерская	ма́стерская	работа 	
мастерские	мастерски́е		 и службы
мастерские	мастерски́е	где у них 	
мастерские	мастерски́е	реставрационные 	
мастерские	мастерски́е	увидел 	
мастерским	мастерски́м	ремонтным 	
мастерскими	ма́стерскими		 движениями
мастерскими	мастерски́ми		 и магазинчиками
мастерскими	мастерски́ми	занимаемую 	
мастерскими	мастерски́ми	маленькими 	
мастерских	мастерски́х	в наших 	
мастерских	мастерски́х	имеющихся в его 	
мастерских	мастерски́х	мастерские, и в этих 	
мастерских	мастерски́х	находятся мастерские, и в этих 	
мастерских	мастерски́х	продукцию 	
мастерских	мастерски́х	ремесленных 	
мастерских	мастерски́х	ювелирных 	
мастерской	ма́стерской		 работы
мастерской	ма́стерской		 рукой
мастерской	ма́стерской		 стрельбы
мастерской	ма́стерской	столь 	
мастерской	мастерско́й	в 	
мастерской	мастерско́й	заперся в 	
мастерской	мастерско́й	центре 	
мастерскую	ма́стерскую		 перевязку
мастерскую	ма́стерскую	провели 	 операцию
машу	машу́		 ему рукой
машу	машу́		 рукой
медсестры	медсестры́	в форме 	
медсестры	медсестры́	две 	
медсестры	медсестры́	дежурной 	
медсестры	медсестры́	от 	
медсестры	медсестры́	старшей 	
медсестры	медсестры́	стол 	
медсестры	медсё́стры		 были
медсестры	медсё́стры		 вызвали
медсестры	медсё́стры		 отсутствовали
медсестры	медсё́стры		 покрывают
медсестры	медсё́стры		 принесли
медсестры	медсё́стры		 приходили
медсестры	медсё́стры	врачи и 	
медсестры	медсё́стры	врачи, 	
медсестры	медсё́стры	где 	
медсестры	медсё́стры	медбратья и 	
медсестры	медсё́стры	меня 	
медсестры	медсё́стры	наши 	
мела	ме́ла	бледнее 	
мела	ме́ла	кусок 	
мела	мела́		 вьюга
мела	мела́		 пол
мела	мела́		 полы
мела	мела́		 пурга
мела	мела́		 языком
мели	ме́ли	на 	 и скалы
мели	ме́ли	опасные 	
мели	мели́	метлой 	
мели	мели́	на 	
мели	мели́	на, 	
мели	мели́	не 	
мелком	мелко́м		 по
мелком	мелко́м	как 	
мелком	мелко́м	красным 	
мелком	мелко́м	рисовать 	
мелком	мелко́м	синим 	
мелок	ме́лок		 и смешон
мелок	ме́лок	он 	
меньшинства	меньшинства́	фракции 	
места	ме́ста		 божьего
места	ме́ста		 больше нет
места	ме́ста		 было бы больше
места	ме́ста		 в голове
места	ме́ста		 в городе
места	ме́ста		 в них не предусматривалось
места	ме́ста		 в сейфе
места	ме́ста		 вдосталь
места	ме́ста		 встречи
места	ме́ста		 второго пилота
места	ме́ста		 действия
места	ме́ста		 для засады
места	ме́ста		 для проезда
места	ме́ста		 для штекера
места	ме́ста		 достаточно
места	ме́ста		 жительства
места	ме́ста		 занимает с
места	ме́ста		 занимали немного
места	ме́ста		 здесь много
места	ме́ста		 здесь не осталось
места	ме́ста		 здесь нет
места	ме́ста		 красивее
места	ме́ста		 мало
места	ме́ста		 маловато
места	ме́ста		 меньше
места	ме́ста		 много
места	ме́ста		 на планете хватит
места	ме́ста		 найти не
места	ме́ста		 не будет
места	ме́ста		 не было
места	ме́ста		 не жалко
места	ме́ста		 не сыскать
места	ме́ста		 не хватает
места	ме́ста		 не хватало
места	ме́ста		 не хватило
места	ме́ста		 не хватит
места	ме́ста		 нету
места	ме́ста		 он практически не занимает
места	ме́ста		 осталось
места	ме́ста		 очень мало
места	ме́ста		 полно
места	ме́ста		 предостаточно
места	ме́ста		 преступления.
места	ме́ста		 приземления
места	ме́ста		 принесения
места	ме́ста		 происшествия
места	ме́ста		 разойтись
места	ме́ста		 рождения
места	ме́ста		 своего
места	ме́ста		 себе
места	ме́ста		 себе не
места	ме́ста		 себе не находил
места	ме́ста		 себе не находила
места	ме́ста		 себе не находит
места	ме́ста		 сколько угодно
места	ме́ста		 сражения
места	ме́ста		 так мало
места	ме́ста		 там много
места	ме́ста		 там стало
места	ме́ста		 там хватало
места	ме́ста		 только и хватало
места	ме́ста		 у нас много
места	ме́ста		 хватает
места	ме́ста		 хватало
места	ме́ста		 хватать
места	ме́ста		 хватит
места	ме́ста		 что ли мало
места	ме́ста	аренду 	
места	ме́ста	безопасного 	
места	ме́ста	благо 	
места	ме́ста	ближайшего 	
места	ме́ста	больного 	
места	ме́ста	больше 	
места	ме́ста	будет 	
места	ме́ста	будущего 	
места	ме́ста	в качестве 	
места	ме́ста	вашего 	
места	ме́ста	вблизи 	
места	ме́ста	величия 	
места	ме́ста	водительского 	
места	ме́ста	возвышенного 	
места	ме́ста	возле 	
места	ме́ста	возле 	 засады
места	ме́ста	вокруг 	
места	ме́ста	вокруг 	 посадки
места	ме́ста	времени и 	
места	ме́ста	выбор 	
места	ме́ста	выбора 	
места	ме́ста	выборе 	
места	ме́ста	высокого 	
места	ме́ста	вышележащего 	
места	ме́ста	гиблого 	
места	ме́ста	глубокого 	
места	ме́ста	голове 	
места	ме́ста	данного 	
места	ме́ста	детских 	
места	ме́ста	для вас 	
места	ме́ста	для них 	
места	ме́ста	для тебя 	
места	ме́ста	до 	
места	ме́ста	до 	 засады
места	ме́ста	до одного 	
места	ме́ста	до самого 	
места	ме́ста	дорогой до 	
места	ме́ста	достаточно 	
места	ме́ста	достиг 	
места	ме́ста	достигли 	
места	ме́ста	достичь 	
места	ме́ста	древнего 	
места	ме́ста	другого 	
места	ме́ста	духами 	
места	ме́ста	духи 	
места	ме́ста	духовного 	
места	ме́ста	дьявольского 	
места	ме́ста	единственного 	
места	ме́ста	жаркого 	
места	ме́ста	живого 	
места	ме́ста	заколдованного 	
места	ме́ста	законного 	
места	ме́ста	зарезервированного 	
места	ме́ста	зачарованного 	
места	ме́ста	злого 	
места	ме́ста	знакомого 	
места	ме́ста	из 	
места	ме́ста	из за 	
места	ме́ста	изменения 	
места	ме́ста	иметь 	
места	ме́ста	их 	 привала
места	ме́ста	каждого 	
места	ме́ста	какого либо 	
места	ме́ста	какого-либо 	
места	ме́ста	какого-нибудь 	
места	ме́ста	карту 	
места	ме́ста	качестве 	
места	ме́ста	климату 	
места	ме́ста	конкретного 	
места	ме́ста	коснулся 	
места	ме́ста	куда больше 	
места	ме́ста	курилки и 	
места	ме́ста	лобного 	
места	ме́ста	лучше 	
места	ме́ста	лучшего 	
места	ме́ста	лучших 	
места	ме́ста	любимого 	
места	ме́ста	любого 	
места	ме́ста	мало 	
места	ме́ста	меньше 	
места	ме́ста	мимо 	
места	ме́ста	минимум 	
места	ме́ста	много 	
места	ме́ста	моего 	
места	ме́ста	мокрого 	
места	ме́ста	мягкого 	
места	ме́ста	найти 	 для
места	ме́ста	насиженного 	
места	ме́ста	настоящего 	
места	ме́ста	нашего 	
места	ме́ста	нашлось 	
места	ме́ста	не будет 	
места	ме́ста	не бывает 	
места	ме́ста	не было 	
места	ме́ста	не было сейчас 	
места	ме́ста	не вижу 	
места	ме́ста	не знаю 	
места	ме́ста	не имеет 	
места	ме́ста	не имели 	
места	ме́ста	не имело 	
места	ме́ста	не может быть 	
места	ме́ста	не находил себе 	
места	ме́ста	не находится 	
места	ме́ста	не нашлось 	
места	ме́ста	не оставит 	 сомнениям
места	ме́ста	не оставлял 	
места	ме́ста	не оставляли 	
места	ме́ста	не оставляют 	
места	ме́ста	не осталась 	
места	ме́ста	не осталось 	
места	ме́ста	не стало 	
места	ме́ста	не хватать 	
места	ме́ста	не хватило бы 	
места	ме́ста	недостаток 	
места	ме́ста	некоего 	
места	ме́ста	немало 	
места	ме́ста	немного 	
места	ме́ста	неожиданного 	
места	ме́ста	неподходящего 	
места	ме́ста	непонятного 	
места	ме́ста	непостижимого 	
места	ме́ста	неприятного 	
места	ме́ста	несуществующего 	
места	ме́ста	нет 	
места	ме́ста	нет здесь 	
места	ме́ста	нет им 	
места	ме́ста	нету 	
места	ме́ста	нехватка 	
места	ме́ста	ни 	 на полках
места	ме́ста	никакого 	
места	ме́ста	но 	 в мало
места	ме́ста	нового 	
места	ме́ста	номер 	
места	ме́ста	номером 	
места	ме́ста	нужного 	
места	ме́ста	нужного нам 	
места	ме́ста	оба эти 	
места	ме́ста	обзор 	
места	ме́ста	облюбованного им 	
места	ме́ста	обнаруженного 	
места	ме́ста	обследования 	
места	ме́ста	обычного 	
места	ме́ста	одного 	
места	ме́ста	около 	
места	ме́ста	около 	 засады
места	ме́ста	окончательного 	
места	ме́ста	опасного 	
места	ме́ста	описания 	
места	ме́ста	осмотр 	
места	ме́ста	оставалось 	
места	ме́ста	оставив 	
места	ме́ста	оставленного 	
места	ме́ста	оставляли 	
места	ме́ста	осталось 	
места	ме́ста	осталось в ней 	
места	ме́ста	останется 	
места	ме́ста	от 	
места	ме́ста	от пострадавшего 	
места	ме́ста	от того 	
места	ме́ста	открытого 	
места	ме́ста	относительно 	
места	ме́ста	отхожего 	
места	ме́ста	охрана 	
места	ме́ста	пальцев 	
места	ме́ста	панораму 	
места	ме́ста	первых 	
места	ме́ста	перемена 	
места	ме́ста	пикантного 	
места	ме́ста	по поводу 	
места	ме́ста	подходящего 	
места	ме́ста	поисках 	
места	ме́ста	поиске 	
места	ме́ста	покидала 	
места	ме́ста	покинул 	 у
места	ме́ста	покинутого 	
места	ме́ста	покой 	
места	ме́ста	полно 	
места	ме́ста	половину 	
места	ме́ста	поменьше 	
места	ме́ста	посадочных 	
места	ме́ста	последнего 	
места	ме́ста	последних 	
места	ме́ста	посреди 	
места	ме́ста	пострадавшего 	
места	ме́ста	потерь 	
места	ме́ста	потеря 	
места	ме́ста	почва 	
места	ме́ста	правильного 	
места	ме́ста	пределами 	
места	ме́ста	предостаточно 	
места	ме́ста	предполагаемого 	
места	ме́ста	прекрасного 	
места	ме́ста	приподнятого 	
места	ме́ста	проблемного 	
места	ме́ста	проклятого 	
места	ме́ста	просто 	
места	ме́ста	пустого 	
места	ме́ста	пустынного 	
места	ме́ста	пустых 	
места	ме́ста	реактивному 	
места	ме́ста	ровного 	
места	ме́ста	руки не из того 	
места	ме́ста	с 	
места	ме́ста	с 	 стада
места	ме́ста	самого 	
места	ме́ста	свободного 	
места	ме́ста	свободных 	
места	ме́ста	своего 	
места	ме́ста	святости 	
места	ме́ста	себе 	
места	ме́ста	сколько 	
места	ме́ста	смертельного 	
места	ме́ста	спокойнее 	
места	ме́ста	спокойного 	
места	ме́ста	стоить ему 	
места	ме́ста	столько 	
места	ме́ста	столько же 	
места	ме́ста	стороны 	
места	ме́ста	странного 	
места	ме́ста	страшного 	
места	ме́ста	строительстве 	
места	ме́ста	сухого 	
места	ме́ста	там 	 больше
места	ме́ста	там 	 хватило
места	ме́ста	текущего 	
места	ме́ста	теперешнего 	
места	ме́ста	того 	
места	ме́ста	того же 	
места	ме́ста	точного 	
места	ме́ста	у 	
места	ме́ста	уборке 	
места	ме́ста	удивительного 	
места	ме́ста	ужасного 	
места	ме́ста	указанного 	
места	ме́ста	укромного 	
места	ме́ста	условленного 	
места	ме́ста	фантастического 	
места	ме́ста	хватает 	
места	ме́ста	хватало 	
места	ме́ста	хватило 	
места	ме́ста	хватило бы 	
места	ме́ста	хватит 	
места	ме́ста	хватит ли 	
места	ме́ста	хорошего 	
места	ме́ста	царского 	
места	ме́ста	целого 	
места	ме́ста	часть 	
места	ме́ста	четыре 	
места	ме́ста	что 	 в
места	ме́ста	что 	 под что
места	ме́ста	чувствительного 	
места	ме́ста	чудного 	
места	ме́ста	чудовищного 	
места	ме́ста	чумного 	
места	ме́ста	шикарного 	
места	ме́ста	широту 	
места	ме́ста	экономии 	
места	ме́ста	этого 	
места	места́		 - [homo] места [/homo]ми
места	места́		 -[homo] места [/homo]ми
места	места́		 аварий
места	места́		 базирования,
места	места́		 безлюдные
места	места́		 были
места	места́		 в них распределялись
места	места́		 в школах
места	места́		 вам предоставлены
места	места́		 временного
места	места́		 вроде тихие
места	места́		 встречи назначали
места	места́		 выбирались безлюдные
места	места́		 выдались
места	места́		 глухие
места	места́		 города
места	места́		 дикие
места	места́		 для большого
места	места́		 для обмена информацией
места	места́		 для пикников
места	места́		 довольно глухие
места	места́		 довольно обитаемые
места	места́		 дурные
места	места́		 есть
места	места́		 забивали
места	места́		 заказаны
места	места́		 запомнились
места	места́		 здесь
места	места́		 земли
места	места́		 и похуже
места	места́		 имеются
места	места́		 исторические
места	места́		 их сходок
места	места́		 крепления
места	места́		 меняются
места	места́		 нам достались
места	места́		 начинались
места	места́		 не самые
места	места́		 не столь
места	места́		 неглубокого залегания
места	места́		 необитаемые
места	места́		 обитания
места	места́		 общего
места	места́		 общего сбора
места	места́		 отнюдь
места	места́		 по близости
места	места́		 по тревоге
места	места́		 под креслами
места	места́		 попроще
места	места́		 посещаются
места	места́		 потянулись
места	места́		 пошли
места	места́		 пустовали
места	места́		 с плохой зачисткой были
места	места́		 совершенно
места	места́		 соединений
места	места́		 старых
места	места́		 та какие
места	места́		 такие
места	места́		 там богатые
места	места́		 там гиблые
места	места́		 там дикие
места	места́		 там непуганые
места	места́		 то какие
места	места́		 топкие
места	места́		 тоъ какие
места	места́		 тут были
места	места́		 тут дикие
места	места́		 тут исторические
места	места́		 тут не сильно заросшие
места	места́		 тут очень
места	места́		 тут уж
места	места́		 у нас дикие
места	места́		 ударов
места	места́		 уже безопасные
места	места́		 узнаю
места	места́		 хорошие
места	места́		 чужие
места	места́		 эти
места	места́	а заодно и 	
места	места́	бают 	
места	места́	бегемотьи 	
места	места́	безопасные 	
места	места́	больные 	
места	места́	были 	
места	места́	в 	
места	места́	в основном 	
места	места́	ваши 	
места	места́	всем занять 	
места	места́	выбирает 	
места	места́	выбирать 	
места	места́	выбирая 	
места	места́	выбрали 	
места	места́	выбрать 	
места	места́	выискивая 	
места	места́	высматривая 	
места	места́	гиблые 	
места	места́	голые 	
места	места́	горячие 	
места	места́	гостеприимные 	
места	места́	даты и 	
места	места́	дикие 	
места	места́	для рыбалки 	
места	места́	другие 	
места	места́	едой 	
места	места́	есть 	
места	места́	есть там 	
места	места́	живописные 	
места	места́	заказал 	
места	места́	законные 	
места	места́	занимайте 	
места	места́	занимал 	
места	места́	занимали 	
места	места́	занимать 	
места	места́	занял 	
места	места́	заняли 	
места	места́	занять 	
места	места́	запасные 	
места	места́	зашибленные мною 	
места	места́	здешние 	
места	места́	знает 	
места	места́	знакомые 	
места	места́	знал 	
места	места́	знать 	
места	места́	излюбленные 	
места	места́	изучили 	
места	места́	интересные, с его точки зрения, 	
места	места́	интимные 	
места	места́	иные 	
места	места́	искать 	
места	места́	их 	
места	места́	ключевые 	
места	места́	когда 	
места	места́	когда 	 их
места	места́	красивые 	
места	места́	лесные 	
места	места́	лучшие 	
места	места́	любимые 	
места	места́	менять 	
места	места́	многие 	
места	места́	могучие 	
места	места́	мои 	
места	места́	мокрые 	
места	места́	на 	
места	места́	на свои 	
места	места́	найдутся 	
места	места́	находятся 	
места	места́	начали занимать 	
места	места́	наши 	
места	места́	нашли себе 	
места	места́	не его 	
места	места́	нежные 	
места	места́	незнакомые 	
места	места́	неизвестные 	
места	места́	некоторые 	
места	места́	необжитые 	
места	места́	непонятные 	
места	места́	неправильные 	
места	места́	нехорошие 	
места	места́	новые 	
места	места́	обживают 	
места	места́	обжитые 	
места	места́	обжитые им 	
места	места́	обитаемые 	
места	места́	обозначавшие 	
места	места́	обходя 	
места	места́	оказаться 	
места	места́	опасные 	
места	места́	определяя 	
места	места́	освобождали 	
места	места́	осмотрел 	
места	места́	особые 	
места	места́	оставались только 	
места	места́	отдельные 	
места	места́	откидные 	
места	места́	открытые 	
места	места́	отметь 	
места	места́	отмечая 	
места	места́	отхожие 	
места	места́	перебирая 	
места	места́	перепутать 	
места	места́	перечисли 	
места	места́	побросали 	
места	места́	подобные 	
места	места́	подобрать 	
места	места́	подозрительные 	
места	места́	подыскать 	
места	места́	покажи 	
места	места́	покажу вам 	
места	места́	пологие 	
места	места́	получил 	
места	места́	помечены 	
места	места́	понурые 	
места	места́	пора занимать 	
места	места́	посетить 	
места	места́	посещать 	
места	места́	поэтому 	 за
места	места́	предусмотрены 	
места	места́	прикрывавшими 	
места	места́	примечательные 	
места	места́	примечая 	
места	места́	приятные 	
места	места́	продуваемые 	
места	места́	пустые 	
места	места́	рабочие 	
места	места́	разные 	
места	места́	родные 	
места	места́	роскошные 	
места	места́	самые 	
места	места́	свободные 	
места	места́	свои 	
места	места́	святые 	
места	места́	сквозь 	
места	места́	скучные 	
места	места́	слабые 	
места	места́	следы и 	
места	места́	соседние 	
места	места́	средние 	
места	места́	стоящие 	
места	места́	сухие 	
места	места́	такие 	
места	места́	такие вот 	
места	места́	твои 	
места	места́	те 	
места	места́	тем 	 глуше
места	места́	торговые 	
места	места́	труднодоступные 	
места	места́	у вас 	
места	места́	убери 	
места	места́	увидеть 	
места	места́	удобные 	
места	места́	уж эти тоъ 	
места	места́	узнавать 	
места	места́	указал 	
места	места́	указанные звонившими 	
места	места́	унылые 	
места	места́	уступили нам 	
места	места́	ушибленные 	
места	места́	уютные 	
места	места́	уязвимые 	
места	места́	хороши 	
места	места́	хорошие 	
места	места́	хорошие здесь 	
места	места́	через 	
места	места́	что 	 в вагонах
места	места́	чьи та 	
места	места́	эти 	
мести	ме́сти		 ванакта
мести	ме́сти		 за
мести	ме́сти	белых птиц 	
мести	ме́сти	богиню 	
мести	ме́сти	боялся 	
мести	ме́сти	дурацкой 	
мести	ме́сти	жажда 	
мести	ме́сти	жаждали 	
мести	ме́сти	маленькой 	
мести	ме́сти	не время 	
мести	ме́сти	о 	
мести	ме́сти	план 	
мести	ме́сти	планы 	
мести	ме́сти	ради 	
мести	ме́сти	страшной 	
мести	ме́сти	час 	
мести	ме́сти	чувство 	
мести	ме́сти	чувством 	
мести	мести́		 комнату
мести	мести́		 пол
мести	мести́	двор 	
мести	мести́	начал 	
мести	мести́	продолжая 	
мести	мести́	пыль 	
метлы	метлы́		 сторожа
метлы	метлы́	в форме 	
метлы	метлы́	две 	
метлы	метлы́	две полноценных 	
метлы	метлы́	движения 	
метлы	метлы́	иглы 	
метлы	метлы́	на две 	
метлы	метлы́	обыкновенной 	
метлы	метлы́	три 	
метлы	метлы́	четыре 	
метлы	мё́тлы	все остальные 	
метлы	мё́тлы	их 	
метлы	мё́тлы	с собой 	
метода	мето́да	эта 	
методе	мето́де	новой 	
методе	мето́де	специальной 	
методу	ме́тоду	грязному 	
методу	ме́тоду	по 	
методу	мето́ду		 отработали
методу	мето́ду	разрабатывают 	
методу	мето́ду	эту 	
методы	ме́тоды		 игры
методы	мето́ды	две 	
методы	мето́ды	нехитрой 	
методы	мето́ды	три 	
методы	мето́ды	четыре 	
меха	ме́ха	беличьего 	
меха	ме́ха	белого 	
меха	ме́ха	белоснежного 	
меха	ме́ха	в груде 	
меха	ме́ха	длинного 	
меха	ме́ха	дорогого 	
меха	ме́ха	звериного 	
меха	ме́ха	из 	
меха	ме́ха	искусственного 	
меха	ме́ха	клочки 	
меха	ме́ха	кожи и 	
меха	ме́ха	комок 	
меха	ме́ха	кусков 	
меха	ме́ха	лисьего 	
меха	ме́ха	мохнатого 	
меха	ме́ха	никакого 	
меха	ме́ха	оранжевого 	
меха	ме́ха	покров 	
меха	ме́ха	с 	
меха	ме́ха	серого 	
меха	ме́ха	собачьего 	
меха	ме́ха	шелковистого 	
меха	меха́		 ваши
меха	меха́		 и воск
меха	меха́		 и шкуры
меха	меха́		 наши
меха	меха́		 сами
меха	меха́	были 	
меха	меха́	в 	
меха	меха́	в коричневые 	
меха	меха́	ваши 	
меха	меха́	золото и 	
меха	меха́	искусственные 	
меха	меха́	наши 	
меха	меха́	ни 	
меха	меха́	нужны 	
меха	меха́	о 	
меха	меха́	об 	
меха	меха́	плащи и 	
меха	меха́	под 	
меха	меха́	раздувая 	
меха	меха́	сами 	
меха	меха́	свои 	
меха	меха́	серые 	
меха	меха́	сквозь 	
меха	меха́	те 	
меха	меха́	через 	
меха	меха́	шкуры и 	
меха	меха́	эти 	
меху	меху́	медвежьем 	
меху	меху́	на 	
мечу	ме́чу		 в ваши
мечу	мечу́	к 	
мечу	мечу́	рыбе 	
мила	мила́		 эта
мила	мила́	жизнь не 	
милей	ми́лей		 ниже
миловать	ми́ловать	казнить и 	
миру	ми́ру		 ордена
миру	ми́ру	быть другом 	
миру	ми́ру	всему 	
миру	ми́ру	к 	
миру	ми́ру	неизвестном 	
миру	ми́ру	неслышимым 	
миру	ми́ру	окружающему 	
миру	ми́ру	оставив 	
миру	ми́ру	открыл 	
миру	ми́ру	по 	
миру	ми́ру	пустили по 	
миру	миру́	в 	
моем	мо́ем		 друг друга
моем	мо́ем		 полы
моем	мо́ем		 руки
моем	мо́ем	их 	
моем	мо́ем	мы 	
моем	мо́ем	полы 	
моем	мо́ем	руки 	
моем	мо́ем	тщательно 	
моем	моё́м		 горе
моем	моё́м		 добром
моем	моё́м		 же полку
моем	моё́м		 месте
моем	моё́м		 мозгу
моем	моё́м		 отношении
моем	моё́м		 счету
моем	моё́м	в 	
моем	моё́м	в 	 замке
моем	моё́м	в 	 мозгу
моем	моё́м	в 	-то
моем	моё́м	в воображении 	
моем	моё́м	вставившая в 	 замке
моем	моё́м	вставившего в 	 замке
моем	моё́м	вставившее в 	 замке
моем	моё́м	вставившей в 	 замке
моем	моё́м	вставившем в 	 замке
моем	моё́м	вставившему в 	 замке
моем	моё́м	вставившею в 	 замке
моем	моё́м	вставившие в 	 замке
моем	моё́м	вставивший в 	 замке
моем	моё́м	вставившим в 	 замке
моем	моё́м	вставившими в 	 замке
моем	моё́м	вставивших в 	 замке
моем	моё́м	вставившую в 	 замке
моем	моё́м	вставила в 	 замке
моем	моё́м	вставили в 	 замке
моем	моё́м	вставим в 	 замке
моем	моё́м	вставит в 	 замке
моем	моё́м	вставите в 	 замке
моем	моё́м	вставить в 	 замке
моем	моё́м	вставишь в 	 замке
моем	моё́м	вставлю в 	 замке
моем	моё́м	вставят в 	 замке
моем	моё́м	выламывавшая в 	 замке
моем	моё́м	выламывавшая в 	 замку
моем	моё́м	выламывавшее в 	 замке
моем	моё́м	выламывавшее в 	 замку
моем	моё́м	выламывавшей в 	 замке
моем	моё́м	выламывавшей в 	 замку
моем	моё́м	выламывавшем в 	 замке
моем	моё́м	выламывавшем в 	 замку
моем	моё́м	выламывавшею в 	 замке
моем	моё́м	выламывавшею в 	 замку
моем	моё́м	выламывавшие в 	 замке
моем	моё́м	выламывавшие в 	 замку
моем	моё́м	выламывавший в 	 замке
моем	моё́м	выламывавший в 	 замку
моем	моё́м	выламывавшим в 	 замке
моем	моё́м	выламывавшим в 	 замку
моем	моё́м	на 	
моем	моё́м	о 	
моем	моё́м	при 	
моем	моё́м	пружинка в 	 замке
моем	моё́м	пружинка в 	 замку
моем	моё́м	пружинку в 	 замке
моем	моё́м	пружинку в 	 замку
мозгу	мо́згу	к 	
мозгу	мо́згу	компьютерному 	
мозгу	мо́згу	сигнал 	
мозгу	мо́згу	твоему 	
мозгу	мо́згу	центральному 	
мозгу	мозгу́	в 	
мозгу	мозгу́	в больном 	
мозгу	мозгу́	в вашем 	
мозгу	мозгу́	в его 	
мозгу	мозгу́	в их 	
мозгу	мозгу́	в моем 	
мозгу	мозгу́	в промежуточном 	
мозгу	мозгу́	в собственном 	
мозгу	мозгу́	в усталом 	
мозгу	мозгу́	его 	
мозгу	мозгу́	моем 	
мозгу	мозгу́	от боли 	
мозгу	мозгу́	рассудочном 	
мозгу	мозгу́	спятившем 	
мозгу	мозгу́	человеческом 	
моли	мо́ли	две 	
моли	моли́		 бездну
моли	моли́		 бога
моли	моли́	или 	
молитесь	мо́литесь	вы 	
молитесь	мо́литесь	вы теперь 	
молитесь	моли́тесь	бодрствуйте и 	
молока	молока́		 подливает
молока	молока́	выпил 	
морока	мо́рока	без 	
морока	мо́рока	заклинание 	
морока	моро́ка		 одна
морока	моро́ка	вообще 	 адская
морока	моро́ка	лишняя 	
мороки	мо́роки		 наводить
мороки	мо́роки	наводить 	
мороки	мо́роки	странные, знаешь ли, 	
мороси	мо́роси	влажной 	
мороси	мо́роси	пеленой 	
мороси	мо́роси	холодной 	
морю	мо́рю	к 	
морю	мо́рю	по 	
морю	мо́рю	по 	 виски
морю	мо́рю	я еду к 	
морю	морю́		 голодом
морю	морю́	голодом 	
моря	мо́ря		 берега
моря	мо́ря		 больше нет
моря	мо́ря		 захотелось
моря	мо́ря		 или ветра
моря	мо́ря		 не было
моря	мо́ря		 нет
моря	мо́ря		 океана
моря	мо́ря	ангела 	
моря	мо́ря	ангелами 	
моря	мо́ря	аромат 	
моря	мо́ря	аспекте 	
моря	мо́ря	балтийского 	
моря	мо́ря	без 	
моря	мо́ря	безбрежного 	
моря	мо́ря	берег 	
моря	мо́ря	берегам 	
моря	мо́ря	берегов 	
моря	мо́ря	берегом 	
моря	мо́ря	берегу 	
моря	мо́ря	бескрайнего 	
моря	мо́ря	близкого 	
моря	мо́ря	близость 	
моря	мо́ря	боялись 	
моря	мо́ря	боятся 	
моря	мо́ря	бурого 	
моря	мо́ря	бушующего 	
моря	мо́ря	в глубине 	
моря	мо́ря	вдоль 	
моря	мо́ря	великого 	
моря	мо́ря	вечереющего 	
моря	мо́ря	владыка 	
моря	мо́ря	внутреннего 	
моря	мо́ря	водах 	
моря	мо́ря	воды 	
моря	мо́ря	возле 	
моря	мо́ря	волнение 	
моря	мо́ря	волны 	
моря	мо́ря	гиблого 	
моря	мо́ря	глади 	
моря	мо́ря	гладь 	
моря	мо́ря	глубин 	
моря	мо́ря	глубокого 	
моря	мо́ря	гнева 	
моря	мо́ря	голос 	
моря	мо́ря	голубизной 	
моря	мо́ря	гор и 	
моря	мо́ря	дальнего 	
моря	мо́ря	дарами 	
моря	мо́ря	дары 	
моря	мо́ря	движения 	
моря	мо́ря	дне 	
моря	мо́ря	дно 	
моря	мо́ря	дну 	
моря	мо́ря	до 	
моря	мо́ря	до самого 	
моря	мо́ря	достигли 	
моря	мо́ря	духам 	
моря	мо́ря	духов 	
моря	мо́ря	дымку 	
моря	мо́ря	дыхание 	
моря	мо́ря	европейского 	
моря	мо́ря	жизни 	
моря	мо́ря	загадках 	
моря	мо́ря	загадок 	
моря	мо́ря	запахи 	
моря	мо́ря	знатоков 	
моря	мо́ря	из 	
моря	мо́ря	из за 	
моря	мо́ря	из-за 	
моря	мо́ря	к берегу 	
моря	мо́ря	карибского 	
моря	мо́ря	карского 	
моря	мо́ря	кипящего 	
моря	мо́ря	китайского 	
моря	мо́ря	космоса и 	
моря	мо́ря	краешек 	
моря	мо́ря	край 	
моря	мо́ря	красного 	
моря	мо́ря	краю 	
моря	мо́ря	кроме 	
моря	мо́ря	кусочек 	
моря	мо́ря	линию 	
моря	мо́ря	лунного 	
моря	мо́ря	на берегу 	
моря	мо́ря	на средине 	
моря	мо́ря	на уровне 	
моря	мо́ря	не видел 	
моря	мо́ря	не видела 	
моря	мо́ря	неба и 	
моря	мо́ря	неведомого 	
моря	мо́ря	нет 	
моря	мо́ря	никакого 	
моря	мо́ря	ночного 	
моря	мо́ря	нрав 	
моря	мо́ря	обзор 	
моря	мо́ря	от 	
моря	мо́ря	открытого 	
моря	мо́ря	отступившего 	
моря	мо́ря	панцире 	
моря	мо́ря	патриоты 	
моря	мо́ря	песчаного 	
моря	мо́ря	по берегу 	
моря	мо́ря	поверх 	
моря	мо́ря	поверхности 	
моря	мо́ря	поверхность 	
моря	мо́ря	поверхностью 	
моря	мо́ря	посреди 	
моря	мо́ря	просторы 	
моря	мо́ря	пространством 	
моря	мо́ря	равнин 	
моря	мо́ря	с 	
моря	мо́ря	с 	 то
моря	мо́ря	с 	 тоъ
моря	мо́ря	с уровня 	
моря	мо́ря	самово 	
моря	мо́ря	самого 	
моря	мо́ря	своего 	
моря	мо́ря	северного 	
моря	мо́ря	символ 	
моря	мо́ря	синеве 	
моря	мо́ря	синего 	
моря	мо́ря	след 	
моря	мо́ря	со стороны 	
моря	мо́ря	сочетание 	
моря	мо́ря	спокойного 	
моря	мо́ря	средиземного 	
моря	мо́ря	стеклянного 	
моря	мо́ря	сторону 	
моря	мо́ря	стороны 	
моря	мо́ря	структуры 	
моря	мо́ря	суши и 	
моря	мо́ря	существовании 	
моря	мо́ря	тайны 	
моря	мо́ря	того же 	
моря	мо́ря	той стороне 	
моря	мо́ря	толщу 	
моря	мо́ря	травы и 	
моря	мо́ря	три 	
моря	мо́ря	тропического 	
моря	мо́ря	тумане 	
моря	мо́ря	у 	
моря	мо́ря	укумбийского 	
моря	мо́ря	уровнем 	
моря	мо́ря	уровню 	
моря	мо́ря	уровня 	
моря	мо́ря	устричного 	
моря	мо́ря	участок 	
моря	мо́ря	феи 	
моря	мо́ря	феям 	
моря	мо́ря	холодного 	
моря	мо́ря	цвет 	
моря	мо́ря	цветов и 	
моря	мо́ря	части 	
моря	мо́ря	чувством 	
моря	мо́ря	шум 	
моря	мо́ря	шума 	
моря	мо́ря	шуме 	
моря	мо́ря	шумом 	
моря	мо́ря	шуму 	
моря	мо́ря	эгейского 	
моря	мо́ря	южного 	
моря	мо́ря	яростью 	
моря	моря́		 - речки
моря	моря́		 высохнут
моря	моря́		 гипериона
моря	моря́		 голодом
моря	моря́		 и воздушные океаны
моря	моря́		 и горы
моря	моря́		 и континенты
моря	моря́		 и леса
моря	моря́		 и океаны
моря	моря́		 и реки
моря	моря́		 и страны
моря	моря́		 лжи
моря	моря́		 нимаилиса
моря	моря́		 покрыты
моря	моря́		 постепенно
моря	моря́		 старой земли
моря	моря́		 там
моря	моря́	бороздили 	
моря	моря́	бурлили 	
моря	моря́	были 	
моря	моря́	видел 	
моря	моря́	все реки и даже 	
моря	моря́	высохнут 	
моря	моря́	горы и 	
моря	моря́	де 	
моря	моря́	другие 	
моря	моря́	заполняя 	
моря	моря́	или 	
моря	моря́	континенты, 	
моря	моря́	леса и 	
моря	моря́	льются 	
моря	моря́	могучие 	
моря	моря́	настоящие 	
моря	моря́	новые 	
моря	моря́	одни 	
моря	моря́	озера и 	
моря	моря́	океаны и 	
моря	моря́	пенившего 	
моря	моря́	переплывая 	
моря	моря́	пока 	
моря	моря́	просила 	
моря	моря́	реки и 	
моря	моря́	сделал 	
моря	моря́	скорее 	
моря	моря́	создал 	
моря	моря́	соседние 	
моря	моря́	сотворил 	
моря	моря́	средние 	
моря	моря́	страны и 	
моря	моря́	страны, 	
моря	моря́	таларские 	
моря	моря́	те 	
моря	моря́	ты и 	
моря	моря́	уберегли 	
моря	моря́	уничтожил 	
моря	моря́	через 	
моря	моря́	эти 	
моря	моря́	южные 	
морячка	морячка́	комического 	
морячка	морячка́	того 	
мочи	мо́чи		 больше
мочи	мо́чи		 не хватит
мочи	мо́чи		 нет
мочи	мо́чи		 нет плестись:
мочи	мо́чи		 нету
мочи	мо́чи		 ни идти
мочи	мо́чи		 сидеть
мочи	мо́чи		 уж нет
мочи	мо́чи		 уже нет
мочи	мо́чи	бегу, что есть 	
мочи	мо́чи	всей 	
мочи	мо́чи	есть 	
мочи	мо́чи	изо всей 	
мочи	мо́чи	нет нам 	
мочи	мо́чи	силе 	
мочи	мо́чи	со всей 	
мочи	мо́чи	терпеть больше 	 нет
мочи	мо́чи	что было 	
мочи	мо́чи	что есть 	
мочи	мочи́		 всех подряд
мочи	мочи́		 козлов
мочи	мочи́		 неверных
мочи	мочи́	американской 	
мочи	мочи́	для 	
мочи	мочи́	запах 	
мочи	мочи́	кала и 	
мочи	мочи́	крови и 	
мочи	мочи́	лучше ты 	
мочи	мочи́	недержание 	
мочи	мочи́	недержании 	
мочи	мочи́	оазисы 	
мочи	мочи́	следы 	
мочи	мочи́	собственной 	
мочи	мочи́	ссохшихся от 	
мочи	мочи́	человеческой 	
мощен	мо́щен	насколько 	
мою	мо́ю		 ноги
мою	мо́ю		 пол
мою	мо́ю		 полы
мою	мо́ю		 посуду
мою	мо́ю		 регулярно
мою	мо́ю		 руки
мою	мо́ю	полы 	
мою	мо́ю	посуду 	
мою	мо́ю	раз в неделю 	
мою	мо́ю	стою в ванне и 	
мою	мою́		 глотку
мою	мою́		 дружбу
мою	мою́		 записку
мою	мою́		 империю
мою	мою́		 любовь
мою	мою́		 ненависть
мою	мою́		 работу
мою	мою́		 реплику
мою	мою́		 спину
мою	мою́		 цену
мою	мою́	в 	
мою	мою́	видя 	
мою	мою́	за 	
мою	мою́	и 	
мою	мою́	на 	
мою	мою́	погубил 	
мою	мою́	под 	
мою	мою́	покрасить 	
мою	мою́	примет 	
мою	мою́	пронзила 	
мою	мою́	тебе 	
моя	мо́я		 машину
моя	мо́я		 ноги
моя	мо́я		 окно
моя	мо́я		 пол
моя	мо́я		 полы
моя	мо́я		 посуду
моя	мо́я		 руки
моя	мо́я		 тарелки
моя	мо́я		 чашки
моя	моя́		 буйна голова
моя	моя́		 вера
моя	моя́		 возлюбленная
моя	моя́		 воля
моя	моя́		 догадка
моя	моя́		 дрожь
моя	моя́		 единственная
моя	моя́		 жизнь
моя	моя́		 крошка
моя	моя́		 любовь
моя	моя́		 милая
моя	моя́		 миссия
моя	моя́		 мишень
моя	моя́		 одежда
моя	моя́		 прекрасная
моя	моя́		 пушка
моя	моя́		 семья
моя	моя́		 сестра
моя	моя́		 специальность
моя	моя́		 стихия
моя	моя́		 судьба
моя	моя́		 сумка
моя	моя́		 твоя не понимай
моя	моя́		 цена
моя	моя́	где 	
моя	моя́	звезда 	
моя	моя́	исключительно 	
моя	моя́	любовь 	
моя	моя́	мне дорога 	
моя	моя́	прелесть 	
мужичья	мужичья́	угрюмого 	
мука	му́ка	боль. 	
мука	му́ка	жестокая 	
мука	му́ка	исказила 	
мука	му́ка	мне такая 	
мука	му́ка	написана такая 	
мука	му́ка	позор и 	
мука	му́ка	пушек 	
мука	му́ка	страшная 	
мука	му́ка	сущая 	
мука	мука́		 и батарея
мука	мука́		 то местная
мука	мука́		 тоъ местная
мука	мука́	как 	
мука	мука́	костная 	
мука	мука́	кружаная 	
мука	мука́	лучшая 	
мука	мука́	мелкий как 	
мука	мука́	низкосортная 	
мука	мука́	овсяная 	
мука	мука́	осыпается 	
мука	мука́	рассыпана 	
мука	мука́	точно 	
муке	муке́	были в 	
муке	муке́	в 	 с
муке	муке́	весь в 	
муке	муке́	всю в 	
муке	муке́	вся в 	
муке	муке́	нос в 	
муки	му́ки		 господа
муки	му́ки		 лица
муки	му́ки	горе и 	
муки	му́ки	жертвы и 	
муки	му́ки	невыносимые 	
муки	му́ки	ненужные 	
муки	му́ки	обычные 	
муки	муки́		 и зерна
муки	муки́		 или талька
муки	муки́		 у нас
муки	муки́		 шесть
муки	муки́	горсть 	
муки	муки́	для 	
муки	муки́	достаточно 	
муки	муки́	досыпали 	
муки	муки́	древесной 	
муки	муки́	запас 	
муки	муки́	запасов 	
муки	муки́	запасы 	
муки	муки́	зерна и 	
муки	муки́	из 	
муки	муки́	кадку 	
муки	муки́	костной 	
муки	муки́	кукурузной 	
муки	муки́	кулем 	
муки	муки́	куль 	
муки	муки́	мешки 	
муки	муки́	мешков 	
муки	муки́	мешку 	
муки	муки́	наверху полно 	
муки	муки́	немного 	
муки	муки́	несъедобной 	
муки	муки́	отряхнулся от 	
муки	муки́	порченой 	
муки	муки́	пшеничной 	
муки	муки́	расход 	
муки	муки́	ржаной 	
муки	муки́	рисовой 	
муки	муки́	рыбной 	
муки	муки́	сахара и 	
муки	муки́	своей 	
муки	муки́	стакан 	
муки	муки́	травяной 	
муки	муки́	угля, 	 и масла
муки	муки́	фунта 	
муки	муки́	хорошей 	
муки	муки́	чашку 	
мукой	му́кой	вечной 	
мукой	му́кой	выкрикнул с 	
мукой	му́кой	изломанных 	
мукой	му́кой	настоящей 	
мукой	му́кой	невыносимой 	
мукой	му́кой	повторил он с 	
мукой	му́кой	предсмертной 	
мукой	му́кой	простонал с 	
мукой	му́кой	с 	 в голосе
мукой	му́кой	с 	 произнося
мукой	му́кой	сказал с 	
мукой	му́кой	смотрел с 	
мукой	му́кой	сплошной 	
мукой	му́кой	сущей 	
мукой	муко́й		 и солью
мукой	муко́й	банке с 	
мукой	муко́й	белой 	
мукой	муко́й	в трюм за 	
мукой	муко́й	выпачканными 	
мукой	муко́й	до головы 	
мукой	муко́й	заляпанными 	
мукой	муко́й	зерном и 	
мукой	муко́й	костной 	
мукой	муко́й	крупами и 	
мукой	муко́й	куль с 	
мукой	муко́й	мешка с 	
мукой	муко́й	мешки с 	
мукой	муко́й	мешок с 	
мукой	муко́й	мясокостной 	
мукой	муко́й	обсыпанные 	
мукой	муко́й	обсыпанными 	
мукой	муко́й	обсыпанных 	
мукой	муко́й	отсыревшей 	
мукой	муко́й	очерченного 	
мукой	муко́й	перепачканные 	
мукой	муко́й	перепачканный 	
мукой	муко́й	посыпанном 	
мукой	муко́й	пшеничной 	
мукой	муко́й	творог с 	
мукой	муко́й	тюк с 	
муку	му́ку	боль и 	
муку	муку́		 и масло
муку	муку́		 и сахар
муку	муку́		 среднего помола
муку	муку́	в 	
муку	муку́	всю 	
муку	муку́	готовую 	
муку	муку́	добавляют 	
муку	муку́	зерно и 	
муку	муку́	измельчить в 	
муку	муку́	истолочь в 	
муку	муку́	макароны и 	
муку	муку́	мелют 	
муку	муку́	плесень 	
муку	муку́	продавшая планете 	
муку	муку́	просеивая 	
муку	муку́	пустить на 	
муку	муку́	рассыпанную 	
муку	муку́	сахар, 	
муку	муку́	хлеб и 	
муку	муку́	цельнозерновую 	
муку	муку́	ценами на 	
мути	му́ти	грязи и 	
мути	му́ти	зеленоватой 	
мути	му́ти	молочной 	
мути	му́ти	не было 	
мути	му́ти	пьяной 	
мути	мути́	не 	
мысу	мы́су	к 	
мысу	мысу́	на 	
набегу	набе́гу	разбойничьему 	
наводите	наво́дите	вы 	
наводите	наводи́те	не 	
надели	наде́ли		 корону
надели	наде́ли		 шубы
надели	наде́ли	на голову 	
надели	наде́ли	офицеры 	
наживу	наживу́		 себе
наживу	наживу́	не 	
наживу	наживу́	себе 	
наживу	наживу́	я 	
найму	на́йму	к 	
найму	на́йму	по 	
найму	найму́		 вашего
найму	найму́		 кого нибудь
найму	найму́		 этого
найму	найму́	я 	
наносите	нано́сите	мне 	
нападавший	напада́вший	как велел им 	
нападавших	напада́вших	новых 	
нападавших	напада́вших	один из 	
нападал	напада́л		 на человека
нападал	напада́л		 приступ
нападал	напада́л		 тогда
нападал	напада́л	и 	
нападал	напада́л	на кого не 	
нападал	напада́л	не 	
нападал	напада́л	никто не 	
нападала	напада́ла		 без
нападала	напада́ла		 тоска
нападала	напада́ла	не 	
напоен	напоё́н	воздух был 	
напряги	напря́ги	лишние 	
напряги	напря́ги	лишние 	 ей
напряги	напря́ги	лишние 	 ему
напряги	напря́ги	лишние 	 им
напряги	напря́ги	лишние 	 мне
напряги	напря́ги	такие 	
нарезал	нареза́л		 круги
нарезали	наре́зали		 блестящих
нарезали	нареза́ли		 круги
нарезать	наре́зать		 сумею
нарезать	нареза́ть		 круги
нарезать	нареза́ть	азартом 	
нарезать	нареза́ть	буду 	
нарезать	нареза́ть	начал 	
нарезать	нареза́ть	принялась 	
нарезать	нареза́ть	принялся 	
нарезать	нареза́ть	стали 	
наряду	наря́ду		 по кухне
наряду	наря́ду		 подозрительным
наряду	наря́ду	дополнительному 	
наряду	наря́ду	к 	
наряду	наря́ду	какому 	
наряду	наря́ду	новому 	
наряду	наря́ду	по 	
наряду	наря́ду	показалось 	
наряду	наря́ду	своему 	
наряду	наря́ду	элегантному 	
наряду	наряду́		 с
наряду	наряду́		 со
наряду	наряду́		 со стратегией
настою	настою́	следующую партию на бледных поганках 	
насыпать	насыпа́ть	начал 	
насыпать	насыпа́ть	не пришлось 	
насыпать	насыпа́ть	стал 	
насыпь	на́сыпь	сделать 	
насыпь	насы́пь		 мне
насыпь	насы́пь		 немного
насыпь	насы́пь		 сахара
насыпь	насы́пь		 соли
научитесь	нау́читесь	вы 	
научитесь	нау́читесь	даже 	
научитесь	нау́читесь	если 	
научитесь	нау́читесь	если вы 	
научитесь	нау́читесь	когда 	
научитесь	нау́читесь	не 	
научитесь	научи́тесь		 использовать
научитесь	научи́тесь		 сначала
научитесь	научи́тесь	как то 	
научитесь	научи́тесь	как тоъ 	
научитесь	научи́тесь	сперва 	
находите	нахо́дите		
находите	нахо́дите	вы 	
находите	нахо́дите	выход 	
находите	нахо́дите	и вы 	
находите	нахо́дите	не 	
находитесь	нахо́дитесь		 вволю
находитесь	нахо́дитесь		 на действительной
находитесь	нахо́дитесь	аэродроме 	
находитесь	нахо́дитесь	вы 	
находитесь	нахо́дитесь	где 	
находитесь	нахо́дитесь	где вы 	
находитесь	нахо́дитесь	здесь 	
находитесь	нахо́дитесь	момент 	
находитесь	нахо́дитесь	не 	
находитесь	нахо́дитесь	полностью 	
находитесь	нахо́дитесь	сейчас 	
находитесь	нахо́дитесь	точно 	
находитесь	нахо́дитесь	что 	
находитесь	нахо́дитесь	что вы 	
начала	нача́ла		 активных действий
начала	нача́ла		 атаки
начала	нача́ла		 боевых
начала	нача́ла		 большого
начала	нача́ла		 боя
начала	нача́ла		 века
начала	нача́ла		 вещей
начала	нача́ла		 возведения
начала	нача́ла		 войны
начала	нача́ла		 восьмого
начала	нача́ла		 вселенной
начала	нача́ла		 второго
начала	нача́ла		 голосования
начала	нача́ла		 гражданской
начала	нача́ла		 двадцатого
начала	нача́ла		 двадцатого века
начала	нача́ла		 двадцатых
начала	нача́ла		 двадцать
начала	нача́ла		 девяностых
начала	нача́ла		 действия
начала	нача́ла		 деятельности
начала	нача́ла		 дней
начала	нача́ла		 дороги
начала	нача́ла		 заболевания
начала	нача́ла		 заварушки
начала	нача́ла		 зимы
начала	нача́ла		 и конца
начала	нача́ла		 и окончания
начала	нача́ла		 изменений
начала	нача́ла		 какого нибудь
начала	нача́ла		 конца
начала	нача́ла		 косы
начала	нача́ла		 которой
начала	нача́ла		 лагеря
начала	нача́ла		 лета
начала	нача́ла		 месячных
начала	нача́ла		 мироздания
начала	нача́ла		 начал
начала	нача́ла		 нашей
начала	нача́ла		 нет
начала	нача́ла		 нового
начала	нача́ла		 новой
начала	нача́ла		 нынешнего столетия
начала	нача́ла		 обещанного
начала	нача́ла		 обучения
начала	нача́ла		 операции
начала	нача́ла		 осады
начала	нача́ла		 осени
начала	нача́ла		 переговоров
начала	нача́ла		 погрома
начала	нача́ла		 поезда
начала	нача́ла		 политического
начала	нача́ла		 поставок
начала	нача́ла		 процесса
начала	нача́ла		 прошлого
начала	нача́ла		 пути
начала	нача́ла		 работ
начала	нача́ла		 работы
начала	нача́ла		 разговора
начала	нача́ла		 сезона
начала	нача́ла		 середины
начала	нача́ла		 скачка
начала	нача́ла		 сороковых
начала	нача́ла		 состязаний
начала	нача́ла		 ствола
начала	нача́ла		 стрельбы
начала	нача́ла		 творения
начала	нача́ла		 тропы
начала	нача́ла		 урока
начала	нача́ла		 учебного
начала	нача́ла		 цеха
начала	нача́ла		 шестидесятых
начала	нача́ла		 широкой
начала	нача́ла		 шоу
начала	нача́ла		 эвакуации
начала	нача́ла		 эпохи
начала	нача́ла	без 	
начала	нача́ла	блистательного 	
начала	нача́ла	борются два 	
начала	нача́ла	внезапного 	
начала	нача́ла	возле 	
начала	нача́ла	времени 	
начала	нача́ла	время 	
начала	нача́ла	время 	 расследования
начала	нача́ла	вычленение 	
начала	нача́ла	дата 	
начала	нача́ла	дате 	
начала	нача́ла	два 	
начала	нача́ла	два этих 	
начала	нача́ла	день 	 операции
начала	нача́ла	для 	
начала	нача́ла	для 	 что то
начала	нача́ла	для 	 что тоъ
начала	нача́ла	до 	
начала	нача́ла	до 	 войны
начала	нача́ла	до 	 игры
начала	нача́ла	до 	 начал
начала	нача́ла	до 	 родов
начала	нача́ла	до 	 скачек
начала	нача́ла	до самого 	
начала	нача́ла	дождался 	
начала	нача́ла	дождусь 	
начала	нача́ла	дожидался 	
начала	нача́ла	дожидающегося 	
начала	нача́ла	достигшего 	
начала	нача́ла	духовного 	
начала	нача́ла	ждал 	
начала	нача́ла	ждала 	
начала	нача́ла	ждать 	
начала	нача́ла	жду 	
начала	нача́ла	жду 	 игры
начала	нача́ла	злого 	
начала	нача́ла	из 	
начала	нача́ла	именно 	
начала	нача́ла	ко времени 	
начала	нача́ла	команда 	
начала	нача́ла	конец 	
начала	нача́ла	конца и 	
начала	нача́ла	любого 	
начала	нача́ла	момент 	
начала	нача́ла	момента 	
начала	нача́ла	моменту 	
начала	нача́ла	мужского 	
начала	нача́ла	начало 	
начала	нача́ла	не было 	
начала	нача́ла	не имеет 	
начала	нача́ла	не имеет ни 	
начала	нача́ла	не позднее 	
начала	нача́ла	не с 	
начала	нача́ла	некоторые 	
начала	нача́ла	нет 	
начала	нача́ла	нет и 	
начала	нача́ла	нет ни 	
начала	нача́ла	ни 	
начала	нача́ла	о необходимости 	
начала	нача́ла	ожидании 	
начала	нача́ла	ожидающий 	
начала	нача́ла	ожидая 	
начала	нача́ла	осмелился искать 	
начала	нача́ла	от 	
начала	нача́ла	от 	 до
начала	нача́ла	от 	 до конца
начала	нача́ла	от 	 дороги дома
начала	нача́ла	подождать 	
начала	нача́ла	подождите 	
начала	нача́ла	после 	
начала	нача́ла	после 	 войны
начала	нача́ла	прежде 	
начала	нача́ла	признак 	
начала	нача́ла	провале 	
начала	нача́ла	противоборствующих 	
начала	нача́ла	с 	
начала	нача́ла	с 	 вечера
начала	нача́ла	с 	 года
начала	нача́ла	с другого 	
начала	нача́ла	с момента 	
начала	нача́ла	с самого 	
начала	нача́ла	с самого 	 был
начала	нача́ла	с самого 	 была
начала	нача́ла	с самого 	 были
начала	нача́ла	с самого 	 было
начала	нача́ла	с самого 	 войны
начала	нача́ла	с самого 	 игры
начала	нача́ла	с самого 	 она
начала	нача́ла	с самого 	 стрельбы
начала	нача́ла	с самого же 	
начала	нача́ла	самово 	
начала	нача́ла	самого 	
начала	нача́ла	самые 	
начала	нача́ла	свидетелем 	
начала	нача́ла	сигнал 	
начала	нача́ла	скорого 	
начала	нача́ла	случае 	
начала	нача́ла	сроки 	
начала	нача́ла	такого 	
начала	нача́ла	творческие 	
начала	нача́ла	творческого 	
начала	нача́ла	точке 	
начала	нача́ла	у 	
начала	нача́ла	у 	 тропы
начала	нача́ла	у его 	
начала	нача́ла	увидел 	
начала	нача́ла	удачного 	
начала	нача́ла	уровне 	
начала	нача́ла	церемонии 	
начала	нача́ла	эльфийского 	
начала	нача́ла	эпоху 	
начала	начала́		 безвольно
начала	начала́		 беспокоиться
начала	начала́		 бить
начала	начала́		 блекнуть
начала	начала́		 браниться
начала	начала́		 бы
начала	начала́		 быстро
начала	начала́		 вертеть
начала	начала́		 вздыматься
начала	начала́		 вибрировать
начала	начала́		 вилять
начала	начала́		 возвращать
начала	начала́		 возвращаться
начала	начала́		 возникать
начала	начала́		 воскресать
начала	начала́		 вращаться
начала	начала́		 вслух считывать
начала	начала́		 вспоминать
начала	начала́		 выправляться
начала	начала́		 выпуск
начала	начала́		 выравнивать
начала	начала́		 вырисовываться
начала	начала́		 вытаскивать
начала	начала́		 гладить
начала	начала́		 говорить
начала	начала́		 гореть
начала	начала́		 давать
начала	начала́		 двадцать первого века
начала	начала́		 движение
начала	начала́		 действовать
начала	начала́		 делать
начала	начала́		 делиться
начала	начала́		 диктовать
начала	начала́		 догадываться
начала	начала́		 душить
начала	начала́		 его душить
начала	начала́		 жестоко насмехаться
начала	начала́		 жить
начала	начала́		 задыхаться
начала	начала́		 закручиваться
начала	начала́		 заливать
начала	начала́		 заниматься
начала	начала́		 зарождаться
начала	начала́		 засыпать
начала	начала́		 играть
начала	начала́		 избегать
начала	начала́		 издавать
начала	начала́		 интересоваться
начала	начала́		 их растаскивать
начала	начала́		 казаться
начала	начала́		 карабкаться
начала	начала́		 кружить
начала	начала́		 кружиться
начала	начала́		 лаять
начала	начала́		 материализовываться
начала	начала́		 медленно
начала	начала́		 меня
начала	начала́		 менять
начала	начала́		 метаться
начала	начала́		 миссис
начала	начала́		 многих тревожить
начала	начала́		 молится
начала	начала́		 молиться
начала	начала́		 мэри
начала	начала́		 наползать
начала	начала́		 наполняться
начала	начала́		 нараспев читать
начала	начала́		 нарочито медленно
начала	начала́		 неистово
начала	начала́		 неудержимо раскручиваться
начала	начала́		 новую
начала	начала́		 обвиваться
начала	начала́		 обливать ноги
начала	начала́		 обрезать
начала	начала́		 обугливаться
начала	начала́		 обходить
начала	начала́		 оглядываться
начала	начала́		 одеваться
начала	начала́		 она
начала	начала́		 опускаться
начала	начала́		 освобождаться
начала	начала́		 осматривать
начала	начала́		 осматриваться
начала	начала́		 осознавать
начала	начала́		 осторожно стаскивать
начала	начала́		 осыпаться
начала	начала́		 отвечать
начала	начала́		 открываться
начала	начала́		 отступать
начала	начала́		 официальные
начала	начала́		 падать
начала	начала́		 перебирать
начала	начала́		 перевешиваться
начала	начала́		 передавать
начала	начала́		 перекатываться
начала	начала́		 переход
начала	начала́		 петлять
начала	начала́		 писать
начала	начала́		 плести
начала	начала́		 поворачивать
начала	начала́		 подавать
начала	начала́		 подворачивать
начала	начала́		 подготавливать
начала	начала́		 поджаривать
начала	начала́		 подниматься
начала	начала́		 подробнейший разбор
начала	начала́		 подсыпать
начала	начала́		 подумывать
начала	начала́		 помогать
начала	начала́		 понимать
начала	начала́		 постепенно
начала	начала́		 приближаться
начала	начала́		 применять
начала	начала́		 принимать
начала	начала́		 приспосабливаться
начала	начала́		 приходить
начала	начала́		 пробегать
начала	начала́		 пробираться
начала	начала́		 проваливаться
начала	начала́		 проводить
начала	начала́		 проигрываться
начала	начала́		 просматривать
начала	начала́		 проявлять
начала	начала́		 пульсировать
начала	начала́		 пытаться
начала	начала́		 разбирательство
начала	начала́		 разглядывать
начала	начала́		 раздеваться
начала	начала́		 размеренным
начала	начала́		 разрастаться
начала	начала́		 распаковывать
начала	начала́		 рассказ
начала	начала́		 рассказывать
начала	начала́		 рассматривать
начала	начала́		 рассчитывать
начала	начала́		 рассыпаться
начала	начала́		 расти
начала	начала́		 расшатывать
начала	начала́		 роптать
начала	начала́		 с
начала	начала́		 с шумом
начала	начала́		 светиться
начала	начала́		 сгущаться
начала	начала́		 складывать
начала	начала́		 слабо
начала	начала́		 снижаться
начала	начала́		 снова
начала	начала́		 снова скручиваться
начала	начала́		 со свистом всасывать
начала	начала́		 собирать
начала	начала́		 собираться
начала	начала́		 соображать
начала	начала́		 сочиться
начала	начала́		 спадать
начала	начала́		 спуск
начала	начала́		 спускаться
начала	начала́		 стихать
начала	начала́		 стремительно
начала	начала́		 так
начала	начала́		 танцевать
начала	начала́		 тасовать
начала	начала́		 таять
начала	начала́		 терять
начала	начала́		 теряться
начала	начала́		 ткать
начала	начала́		 торжествовать
начала	начала́		 трепать
начала	начала́		 трескаться
начала	начала́		 трещать
начала	начала́		 тускнеть
начала	начала́		 тянуть
начала	начала́		 угнетать
начала	начала́		 уменьшаться
начала	начала́		 утихать
начала	начала́		 формироваться
начала	начала́		 чтение
начала	начала́		 что та
начала	начала́		 что то
начала	начала́		 что тоъ
начала	начала́		 шептать
начала	начала́	а потом 	
начала	начала́	блондинка 	
начала	начала́	в срочном порядке 	
начала	начала́	вновь 	
начала	начала́	вода 	
начала	начала́	вскоре 	
начала	начала́	женщина 	
начала	начала́	и 	 приводить
начала	начала́	ива 	
начала	начала́	которая 	
начала	начала́	мама 	
начала	начала́	машина 	
начала	начала́	меня 	
начала	начала́	неуверенно 	
начала	начала́	она 	
начала	начала́	после чего 	
начала	начала́	раз 	
начала	начала́	с	 [homo] начала [/homo]
начала	начала́	с 	 [homo] начала [/homo]
начала	начала́	с того конца 	
начала	начала́	сама 	
начала	начала́	снова 	
начала	начала́	сразу же 	
начала	начала́	тут же 	
начала	начала́	тьма 	
начала	начала́	уже 	
начала	начала́	уже 	 работы
начала	начала́	что та 	
начала	начала́	я 	
начала	начала́	я 	 в
начало	на́чало		 багроветь
начало	на́чало		 безвольно
начало	на́чало		 бесить
начало	на́чало		 беспокоить
начало	на́чало		 блестеть
начало	на́чало		 бойко
начало	на́чало		 болеть
начало	на́чало		 бросать
начало	на́чало		 будоражить
начало	на́чало		 бухать
начало	на́чало		 бы отслаиваться
начало	на́чало		 быстро
начало	на́чало		 быть
начало	на́чало		 валиться
начало	на́чало		 вдавливаться
начало	на́чало		 везти
начало	на́чало		 вечереть
начало	на́чало		 вздымать
начало	на́чало		 вздыматься
начало	на́чало		 вливаться
начало	на́чало		 возвращаться
начало	на́чало		 возникать
начало	на́чало		 воспринимать
начало	на́чало		 вращаться
начало	на́чало		 вскипать
начало	на́чало		 всплывать
начало	на́чало		 вспухать
начало	на́чало		 вставать
начало	на́чало		 вставлять
начало	на́чало		 втягиваться
начало	на́чало		 выворачивать
начало	на́чало		 выкарабкиваться
начало	на́чало		 вымирать
начало	на́чало		 выползать
начало	на́чало		 вырастать
начало	на́чало		 вырезать
начало	на́чало		 вырисовываться
начало	на́чало		 высадку
начало	на́чало		 высасывать
начало	на́чало		 выступать
начало	на́чало		 вытягиваться
начало	на́чало		 выходить
начало	на́чало		 гаснуть
начало	на́чало		 готовиться
начало	на́чало		 греть
начало	на́чало		 грозно
начало	на́чало		 грохотать
начало	на́чало		 грызть
начало	на́чало		 давать
начало	на́чало		 двигаться
начало	на́чало		 движение
начало	на́чало		 двоиться
начало	на́чало		 действовать
начало	на́чало		 доноситься
начало	на́чало		 доходить
начало	на́чало		 дряхлеть
начало	на́чало		 жечь
начало	на́чало		 заваливаться
начало	на́чало		 заволакивать
начало	на́чало		 закладывать
начало	на́чало		 закрадываться
начало	на́чало		 закручивать
начало	на́чало		 заливать
начало	на́чало		 заниматься
начало	на́чало		 заносить
начало	на́чало		 заползать
начало	на́чало		 заполняться
начало	на́чало		 зарастать
начало	на́чало		 зарождаться
начало	на́чало		 застилать
начало	на́чало		 затачивать
начало	на́чало		 затягивать
начало	на́чало		 затягиваться
начало	на́чало		 здорово
начало	на́чало		 значительно
начало	на́чало		 знобить
начало	на́чало		 зреть
начало	на́чало		 извиваться
начало	на́чало		 издавать
начало	на́чало		 изливаться
начало	на́чало		 изменяться
начало	на́чало		 исполняться
начало	на́чало		 использоваться
начало	на́чало		 исправляться
начало	на́чало		 иссякать
начало	на́чало		 истекать
начало	на́чало		 истончаться
начало	на́чало		 исчезать
начало	на́чало		 казаться
начало	на́чало		 как бы раздваиваться
начало	на́чало		 каменеть
начало	на́чало		 карабкаться
начало	на́чало		 кидать
начало	на́чало		 клевать
начало	на́чало		 клонить
начало	на́чало		 клониться
начало	на́чало		 колебаться
начало	на́чало		 колотить
начало	на́чало		 колотиться
начало	на́чало		 кружить
начало	на́чало		 ли светать
начало	на́чало		 ломить
начало	на́чало		 материализоваться
начало	на́чало		 медленно
начало	на́чало		 медленный
начало	на́чало		 мелко
начало	на́чало		 меня
начало	на́чало		 менять
начало	на́чало		 меняться
начало	на́чало		 меркнуть
начало	на́чало		 мне надоедать
начало	на́чало		 многих тревожить
начало	на́чало		 мутить
начало	на́чало		 мять
начало	на́чало		 набирать
начало	на́чало		 наблюдаться
начало	на́чало		 нагреваться
начало	на́чало		 надоедать
начало	на́чало		 накаляться
начало	на́чало		 накрапывать
начало	на́чало		 наливаться
начало	на́чало		 напрягать
начало	на́чало		 нарастать
начало	на́чало		 настаивать
начало	на́чало		 неметь
начало	на́чало		 немного припекать
начало	на́чало		 нормально
начало	на́чало		 носиться
начало	на́чало		 нравиться
начало	на́чало		 ныть
начало	на́чало		 обвивать
начало	на́чало		 обжигать
начало	на́чало		 оборачиваться
начало	на́чало		 обходить
начало	на́чало		 окрашиваться
начало	на́чало		 окружать
начало	на́чало		 оно
начало	на́чало		 опадать
начало	на́чало		 опускать
начало	на́чало		 опускаться
начало	на́чало		 оседать
начало	на́чало		 ослабевать
начало	на́чало		 останавливаться
начало	на́чало		 остывать
начало	на́чало		 от
начало	на́чало		 открываться
начало	на́чало		 отматываться
начало	на́чало		 отползать
начало	на́чало		 отпускать
начало	на́чало		 отработку
начало	на́чало		 отчаянно трясти
начало	на́чало		 оформляться
начало	на́чало		 очищать
начало	на́чало		 очищаться
начало	на́чало		 ощутимо задувать
начало	на́чало		 падать
начало	на́чало		 перерастать
начало	на́чало		 перетекать
начало	на́чало		 пить
начало	на́чало		 плавно
начало	на́чало		 плановый
начало	на́чало		 плыть
начало	на́чало		 повышаться
начало	на́чало		 погромыхивать
начало	на́чало		 погружаться
начало	на́чало		 подбираться
начало	на́чало		 подбрасывать
начало	на́чало		 поднимать
начало	на́чало		 подниматься
начало	на́чало		 подташнивать
начало	на́чало		 подтягивать
начало	на́чало		 покалывать
начало	на́чало		 получаться
начало	на́чало		 помаленечку
начало	на́чало		 понемногу
начало	на́чало		 понемногу меняться
начало	на́чало		 порастать
начало	на́чало		 портиться
начало	на́чало		 порядком
начало	на́чало		 постепенно
начало	на́чало		 потихоньку
начало	на́чало		 потреблять
начало	на́чало		 потрескивать
начало	на́чало		 потряхивать
начало	на́чало		 пошатывать
начало	на́чало		 пощипывать
начало	на́чало		 появляться
начало	на́чало		 превращаться
начало	на́чало		 представляться
начало	на́чало		 преследовать
начало	на́чало		 прибывать
начало	на́чало		 привлекать
начало	на́чало		 пригорать
начало	на́чало		 приносить
начало	на́чало		 приобретать
начало	на́чало		 припекать
начало	на́чало		 приподниматься
начало	на́чало		 притормаживать
начало	на́чало		 пробиваться
начало	на́чало		 пробуждаться
начало	на́чало		 проглядывать
начало	на́чало		 прогрессировать
начало	на́чало		 происходить
начало	на́чало		 прокрадываться
начало	на́чало		 проникать
начало	на́чало		 просачиваться
начало	на́чало		 проседать
начало	на́чало		 проступать
начало	на́чало		 просыпаться
начало	на́чало		 протекать
начало	на́чало		 проходить
начало	на́чало		 процветать
начало	на́чало		 проявлять
начало	на́чало		 проявляться
начало	на́чало		 проясняться
начало	на́чало		 пульсировать
начало	на́чало		 пылать
начало	на́чало		 работать
начало	на́чало		 разбегаться
начало	на́чало		 разворачивать
начало	на́чало		 разворачиваться
начало	на́чало		 разглаживаться
начало	на́чало		 разгораться
начало	на́чало		 раздаваться
начало	на́чало		 раздваиваться
начало	на́чало		 раздвигаться
начало	на́чало		 разделяться
начало	на́чало		 раздражать
начало	на́чало		 разливаться
начало	на́чало		 размываться
начало	на́чало		 разогреваться
начало	на́чало		 разрабатывать
начало	на́чало		 разработку
начало	на́чало		 распирать
начало	на́чало		 расплываться
начало	на́чало		 расползаться
начало	на́чало		 распространяться
начало	на́чало		 распрямляться
начало	на́чало		 рассеиваться
начало	на́чало		 рассыпаться
начало	на́чало		 расти
начало	на́чало		 расшатывать
начало	на́чало		 расшатываться
начало	на́чало		 расширяться
начало	на́чало		 рвать
начало	на́чало		 резко
начало	на́чало		 розоветь
начало	на́чало		 рушиться
начало	на́чало		 с натугой
начало	на́чало		 садиться
начало	на́чало		 саднить
начало	на́чало		 сбиваться
начало	на́чало		 сбоить
начало	на́чало		 сбываться
начало	на́чало		 сверкать
начало	на́чало		 светать
начало	на́чало		 светить
начало	на́чало		 светиться
начало	на́чало		 светлеть
начало	на́чало		 сводить
начало	на́чало		 свой
начало	на́чало		 сгущаться
начало	на́чало		 сдвигаться
начало	на́чало		 сереть
начало	на́чало		 склонять
начало	на́чало		 скрывать
начало	на́чало		 слабеть
начало	на́чало		 слабо
начало	на́чало		 слегка
начало	на́чало		 смеркаться
начало	на́чало		 сминаться
начало	на́чало		 сморщиваться
начало	на́чало		 смущать
начало	на́чало		 смыкаться
начало	на́чало		 снижаться
начало	на́чало		 снижение
начало	на́чало		 сниться
начало	на́чало		 снова
начало	на́чало		 сносить
начало	на́чало		 собирать
начало	на́чало		 совершаться
начало	на́чало		 сочиться
начало	на́чало		 сползать
начало	на́чало		 срывать
начало	на́чало		 становиться
начало	на́чало		 стараться
начало	на́чало		 стареть
начало	на́чало		 стихать
начало	на́чало		 стремительно
начало	на́чало		 стучать
начало	на́чало		 стягивать
начало	на́чало		 стягиваться
начало	на́чало		 сужаться
начало	на́чало		 суматошно
начало	на́чало		 так сильно щипать
начало	на́чало		 таки
начало	на́чало		 таять
начало	на́чало		 твориться
начало	на́чало		 темнеть
начало	на́чало		 терять
начало	на́чало		 течь
начало	на́чало		 тлеть
начало	на́чало		 толстеть
начало	на́чало		 точить
начало	на́чало		 тошнить
начало	на́чало		 трансформироваться
начало	на́чало		 трескаться
начало	на́чало		 троиться
начало	на́чало		 трясти
начало	на́чало		 трястись
начало	на́чало		 тускнеть
начало	на́чало		 тянуться
начало	на́чало		 убивать
начало	на́чало		 убираться
начало	на́чало		 угасать
начало	на́чало		 угрожающе
начало	на́чало		 удлиняться
начало	на́чало		 уже доставать
начало	на́чало		 уже надоедать
начало	на́чало		 уже проявляться
начало	на́чало		 укачивать
начало	на́чало		 улучшаться
начало	на́чало		 уменьшаться
начало	на́чало		 уносить
начало	на́чало		 уплывать
начало	на́чало		 устало
начало	на́чало		 утрачивать
начало	на́чало		 ухудшаться
начало	на́чало		 учитываться
начало	на́чало		 учиться
начало	на́чало		 финансировать
начало	на́чало		 хвататься
начало	на́чало		 холодать
начало	на́чало		 царапатьс
начало	на́чало		 чернеть
начало	на́чало		 чертить
начало	на́чало		 что та падать
начало	на́чало		 что то
начало	на́чало		 что то падать
начало	на́чало		 что то происходить
начало	на́чало		 что тоъ
начало	на́чало		 что тоъ падать
начало	на́чало		 что тоъ происходить
начало	на́чало		 шатать
начало	на́чало		 швырять
начало	на́чало		 шириться
начало	на́чало		 щипать
начало	на́чало	вдруг 	
начало	на́чало	виски 	 ломить
начало	на́чало	гноиться 	
начало	на́чало	животное 	
начало	на́чало	зрение 	
начало	на́чало	клонить 	
начало	на́чало	лицо 	
начало	на́чало	меня 	
начало	на́чало	не 	 на
начало	на́чало	общество 	
начало	на́чало	оно 	
начало	на́чало	опять 	
начало	на́чало	палубу 	
начало	на́чало	пальцы 	
начало	на́чало	подступать 	
начало	на́чало	понемногу 	
начало	на́чало	потихонечку 	
начало	на́чало	светать 	
начало	на́чало	светлеть 	
начало	на́чало	сердце 	
начало	на́чало	сереть 	
начало	на́чало	снова 	
начало	на́чало	солнце 	
начало	на́чало	тарахтеть 	
начало	на́чало	тлеть 	
начало	на́чало	трясти 	
начало	на́чало	укачивать 	
начало	на́чало	что та 	
начало	нача́ло		 было
начало	нача́ло		 в
начало	нача́ло		 года
начало	нача́ло		 диалога
начало	нача́ло		 истории
начало	нача́ло		 конца
начало	нача́ло		 не пришлось
начало	нача́ло		 нового
начало	нача́ло		 новой
начало	нача́ло		 повествования
начало	нача́ло		 положено
начало	нача́ло		 пришлось
начало	нача́ло		 рассказа
начало	нача́ло	беда 	
начало	нача́ло	было 	
начало	нача́ло	на 	
начало	нача́ло	самое 	
начало	нача́ло	свое 	
нашей	на́шей	чести 	
небо	не́бо		 в очередной раз стало
небо	не́бо		 затянуло облаками
небо	не́бо		 и землю
небо	не́бо		 и облака
небо	не́бо		 и острова
небо	не́бо		 над головой
небо	не́бо		 озарила
небо	не́бо		 оказалось серым
небо	не́бо		 откровенно враждебное
небо	не́бо		 почернело
небо	не́бо		 серое
небо	не́бо		 стало серым
небо	не́бо		 трубы
небо	не́бо		 туманилось
небо	не́бо	безоблачное 	
небо	не́бо	блеснули, отражая 	
небо	не́бо	бороздили 	
небо	не́бо	в ночное 	
небо	не́бо	в серое 	
небо	не́бо	в утреннее 	
небо	не́бо	взбороздят 	
небо	не́бо	взглянули на 	
небо	не́бо	вздымавшиеся в 	 трубы
небо	не́бо	где земля, где 	
небо	не́бо	глядели на 	
небо	не́бо	голубое 	
небо	не́бо	да не допустит 	
небо	не́бо	дневное 	
небо	не́бо	жаркое 	
небо	не́бо	затянувшие 	
небо	не́бо	на 	
небо	не́бо	ночное 	
небо	не́бо	ночное 	 земли
небо	не́бо	окинул взглядом 	
небо	не́бо	освещая 	
небо	не́бо	открывалось высокое 	
небо	не́бо	поглядел в 	
небо	не́бо	поглядел на 	
небо	не́бо	поднялась в 	
небо	не́бо	порозовевшее 	
небо	не́бо	послеполуденное 	
небо	не́бо	посмотрели на 	
небо	не́бо	приказ в 	
небо	не́бо	просвечивалось 	
небо	не́бо	пустое 	
небо	не́бо	сверкающее 	
небо	не́бо	серое 	
небо	не́бо	синее 	
небо	не́бо	смотрела на 	
небо	не́бо	сумеречное 	
небо	не́бо	темнеющее 	
небо	не́бо	указывал на 	
небо	не́бо	через щели между досками на 	
небо	нё́бо	горло и 	
небо	нё́бо	гортань и 	
небо	нё́бо	мягкое 	
небо	нё́бо	оцарапал 	
небо	нё́бо	себе 	
небо	нё́бо	язык и 	
небу	не́бу		 звезды
небу	не́бу		 знаком
небу	не́бу		 и тяготению
небу	не́бу	вздымаются к 	
небу	не́бу	взметнул к 	
небу	не́бу	выбросив к 	
небу	не́бу	задранным к 	
небу	не́бу	и земле и 	
небу	не́бу	к 	 руки
небу	не́бу	к 	 стены
небу	не́бу	к свинцовому 	
небу	не́бу	лицо к 	
небу	не́бу	морду к 	
небу	не́бу	морю и 	
небу	не́бу	обращены к 	
небу	не́бу	очи к 	
небу	не́бу	плывших по 	
небу	не́бу	по 	
небу	не́бу	по 	 гоняются
небу	не́бу	по 	 проплыла
небу	не́бу	по ночному 	
небу	не́бу	поднял к 	
небу	не́бу	столбы поднялись к 	
небу	не́бу	тянущийся к 	
небу	не́бу	хвала 	
небу	нё́бу	к моему 	
небу	нё́бу	напиток по 	
небу	нё́бу	прилипал к 	
небу	нё́бу	прилипала к 	
небу	нё́бу	прилипало к 	
небу	нё́бу	языка к 	
нечистоты	нечистоты́	из-за 	
нечистоты	нечистоты́	образования 	
нечистоты	нечистоты́	проникновение 	
нечистоты	нечистоты́	степень 	
низу	ни́зу	к 	
низу	ни́зу	с 	
низу	ни́зу	с самого 	
низу	ни́зу	самого 	
низу	ни́зу	самому 	
низу	ни́зу	сверху до 	
низу	низу́	самом 	
ноги	но́ги		 - подпорки
ноги	но́ги		 бегущего
ноги	но́ги		 беззащитны
ноги	но́ги		 бить
ноги	но́ги		 босы
ноги	но́ги		 были
ноги	но́ги		 в кожаных
ноги	но́ги		 в коленях
ноги	но́ги		 в розовых
ноги	но́ги		 в руки
ноги	но́ги		 в стареньких
ноги	но́ги		 ватные
ноги	но́ги		 вверх
ноги	но́ги		 вместе
ноги	но́ги		 вниз
ноги	но́ги		 волок
ноги	но́ги		 волочил
ноги	но́ги		 волочит
ноги	но́ги		 врозь
ноги	но́ги		 вы совсем
ноги	но́ги		 выгибались
ноги	но́ги		 вырву
ноги	но́ги		 вытирал
ноги	но́ги		 вытирают
ноги	но́ги		 выше
ноги	но́ги		 вязли
ноги	но́ги		 вязнут
ноги	но́ги		 гарри
ноги	но́ги		 гарри перестали
ноги	но́ги		 гарри прекратили
ноги	но́ги		 гарри провалились
ноги	но́ги		 гарри сводила
ноги	но́ги		 гарри снова
ноги	но́ги		 гениальные
ноги	но́ги		 гудели
ноги	но́ги		 двигаться
ноги	но́ги		 делаем!
ноги	но́ги		 делаем,
ноги	но́ги		 делаем.
ноги	но́ги		 длиннее
ноги	но́ги		 длинные
ноги	но́ги		 дороже
ноги	но́ги		 дышат
ноги	но́ги		 его были
ноги	но́ги		 его сиятельства были
ноги	но́ги		 ему свяжи
ноги	но́ги		 есть
ноги	но́ги		 же промочила
ноги	но́ги		 задери
ноги	но́ги		 закидываешь
ноги	но́ги		 залечил
ноги	но́ги		 запутались в
ноги	но́ги		 засовываешь
ноги	но́ги		 змея
ноги	но́ги		 и глаза
ноги	но́ги		 и головы
ноги	но́ги		 и зубы
ноги	но́ги		 и колеса
ноги	но́ги		 и мысли
ноги	но́ги		 и полы
ноги	но́ги		 и руки
ноги	но́ги		 и спина
ноги	но́ги		 из
ноги	но́ги		 к стене прижал
ноги	но́ги		 как [homo] ноги [/homo]
ноги	но́ги		 как не свои
ноги	но́ги		 кверху
ноги	но́ги		 короткие
ноги	но́ги		 красивые
ноги	но́ги		 легко
ноги	но́ги		 ломал
ноги	но́ги		 ломать
ноги	но́ги		 механически
ноги	но́ги		 мужчины
ноги	но́ги		 мягкой лапкой
ноги	но́ги		 на вкус
ноги	но́ги		 на миг
ноги	но́ги		 на педали
ноги	но́ги		 нас
ноги	но́ги		 начнут
ноги	но́ги		 не бил
ноги	но́ги		 не волочи
ноги	но́ги		 не двигались
ноги	но́ги		 не затекли
ноги	но́ги		 не размять
ноги	но́ги		 не убирая
ноги	но́ги		 не ходят
ноги	но́ги		 он переставлял
ноги	но́ги		 он чувствовал
ноги	но́ги		 опасно
ноги	но́ги		 опущенные
ноги	но́ги		 опущены
ноги	но́ги		 оставил
ноги	но́ги		 открыты
ноги	но́ги		 отпили
ноги	но́ги		 отчаянно
ноги	но́ги		 отягощены
ноги	но́ги		 ошарашенного
ноги	но́ги		 ощутили
ноги	но́ги		 парит
ноги	но́ги		 пекло
ноги	но́ги		 пеньки
ноги	но́ги		 передвигал
ноги	но́ги		 переломать
ноги	но́ги		 переставлять
ноги	но́ги		 плохо
ноги	но́ги		 по дороге
ноги	но́ги		 по колено
ноги	но́ги		 поджимал
ноги	но́ги		 подкосились
ноги	но́ги		 подняты
ноги	но́ги		 поднятые
ноги	но́ги		 помыть
ноги	но́ги		 поневоле
ноги	но́ги		 понесут
ноги	но́ги		 поотлетали
ноги	но́ги		 почти не слушаются
ноги	но́ги		 прекрасно
ноги	но́ги		 проволок
ноги	но́ги		 противника
ноги	но́ги		 раздвигала
ноги	но́ги		 раздвинуты
ноги	но́ги		 разминает
ноги	но́ги		 размять
ноги	но́ги		 разомну
ноги	но́ги		 расставил
ноги	но́ги		 руки
ноги	но́ги		 с акселератора
ноги	но́ги		 с голодухи
ноги	но́ги		 свесил
ноги	но́ги		 свяжем
ноги	но́ги		 свяжет
ноги	но́ги		 свяжете
ноги	но́ги		 свяжешь
ноги	но́ги		 свяжи
ноги	но́ги		 свяжите
ноги	но́ги		 свяжу
ноги	но́ги		 свяжут
ноги	но́ги		 связав
ноги	но́ги		 связал
ноги	но́ги		 связала
ноги	но́ги		 связали
ноги	но́ги		 связало
ноги	но́ги		 связать
ноги	но́ги		 скрещены
ноги	но́ги		 сложенные
ноги	но́ги		 сломаешь
ноги	но́ги		 сломаю
ноги	но́ги		 согнул
ноги	но́ги		 статуи
ноги	но́ги		 столбы
ноги	но́ги		 сторожа подкосились
ноги	но́ги		 стоят
ноги	но́ги		 стрелка
ноги	но́ги		 сухие
ноги	но́ги		 твои
ноги	но́ги		 толще
ноги	но́ги		 торчали
ноги	но́ги		 торчат
ноги	но́ги		 тряпичными сделались
ноги	но́ги		 у детины подломились
ноги	но́ги		 у него
ноги	но́ги		 у них
ноги	но́ги		 у этой компании
ноги	но́ги		 унесла
ноги	но́ги		 унести
ноги	но́ги		 уноси
ноги	но́ги		 уносил
ноги	но́ги		 уносить
ноги	но́ги		 устали
ноги	но́ги		 утопали
ноги	но́ги		 утопают
ноги	но́ги		 целы
ноги	но́ги		 через
ноги	но́ги		 что то ослабли
ноги	но́ги		 что тоъ ослабли
ноги	но́ги		 чуть согнуть
ноги	но́ги		 шире
ноги	но́ги		 ширше
ноги	но́ги		 штыри
ноги	но́ги	а 	
ноги	но́ги	а не 	
ноги	но́ги	босые 	
ноги	но́ги	будь 	 подлиннее
ноги	но́ги	были 	
ноги	но́ги	в 	
ноги	но́ги	в кровь 	
ноги	но́ги	в рот мне 	
ноги	но́ги	в стороны 	
ноги	но́ги	вверх 	
ноги	но́ги	включая 	
ноги	но́ги	войне - его 	
ноги	но́ги	волоча 	
ноги	но́ги	волочить 	
ноги	но́ги	воткнул 	
ноги	но́ги	воткнула 	
ноги	но́ги	вскидывая 	
ноги	но́ги	всунув 	
ноги	но́ги	выдирая 	
ноги	но́ги	выпрямила 	
ноги	но́ги	вытерев 	
ноги	но́ги	вытирает 	
ноги	но́ги	вытирай 	
ноги	но́ги	вытирала 	
ноги	но́ги	вытирая 	
ноги	но́ги	вытягиваю 	
ноги	но́ги	вытягивая 	
ноги	но́ги	вытяни 	
ноги	но́ги	вытяните 	
ноги	но́ги	вытянув 	
ноги	но́ги	вытянул 	
ноги	но́ги	вытянула 	
ноги	но́ги	вытянули 	
ноги	но́ги	вытянуло 	
ноги	но́ги	вытянуть 	
ноги	но́ги	дай бог 	
ноги	но́ги	две задние 	
ноги	но́ги	делаем 	
ноги	но́ги	делай 	
ноги	но́ги	делать 	
ноги	но́ги	державшие 	
ноги	но́ги	держалась за его 	
ноги	но́ги	длинные 	
ноги	но́ги	до бедра 	
ноги	но́ги	до колен 	
ноги	но́ги	до кости 	
ноги	но́ги	до ступней 	
ноги	но́ги	его 	 в
ноги	но́ги	его руки и 	
ноги	но́ги	едва 	
ноги	но́ги	ей 	
ноги	но́ги	ей только 	
ноги	но́ги	еле 	 волоку
ноги	но́ги	ему 	
ноги	но́ги	есть 	
ноги	но́ги	живот и 	
ноги	но́ги	за его 	
ноги	но́ги	за плечи и 	
ноги	но́ги	забрасывая 	
ноги	но́ги	забросив 	
ноги	но́ги	забросила 	
ноги	но́ги	завернула 	
ноги	но́ги	задирал 	
ноги	но́ги	задирать 	
ноги	но́ги	задирая 	
ноги	но́ги	задние 	
ноги	но́ги	задрал 	
ноги	но́ги	заживут 	
ноги	но́ги	закидывая 	
ноги	но́ги	закинув 	
ноги	но́ги	закутав 	
ноги	но́ги	заплетались 	
ноги	но́ги	засовывая 	
ноги	но́ги	заставил 	
ноги	но́ги	заставляла 	
ноги	но́ги	заструпелые 	
ноги	но́ги	затем 	
ноги	но́ги	здоровые 	
ноги	но́ги	и 	 до щиколоток
ноги	но́ги	и 	 от
ноги	но́ги	измученные 	
ноги	но́ги	иметь 	
ноги	но́ги	испачканные 	
ноги	но́ги	испачканные глиной 	
ноги	но́ги	испачканные краской 	
ноги	но́ги	использовать 	
ноги	но́ги	короткие 	
ноги	но́ги	короче 	
ноги	но́ги	кремом 	
ноги	но́ги	кусал 	
ноги	но́ги	кусала 	
ноги	но́ги	ломая 	
ноги	но́ги	массировать 	
ноги	но́ги	машины 	
ноги	но́ги	меня 	
ноги	но́ги	моем 	
ноги	но́ги	мои 	
ноги	но́ги	мои 	 в стороны
ноги	но́ги	мою 	
ноги	но́ги	моя 	
ноги	но́ги	мыла мне 	
ноги	но́ги	мыть вам 	
ноги	но́ги	на 	
ноги	но́ги	на его 	
ноги	но́ги	на руки и 	
ноги	но́ги	надо 	
ноги	но́ги	намазал 	
ноги	но́ги	начала обливать 	
ноги	но́ги	начнут 	
ноги	но́ги	ни руки, ни 	 не двигались
ноги	но́ги	них 	
ноги	но́ги	нос или 	
ноги	но́ги	о 	
ноги	но́ги	о его 	
ноги	но́ги	облепили 	
ноги	но́ги	обнажать 	
ноги	но́ги	обнажив 	
ноги	но́ги	обхватив 	
ноги	но́ги	однако 	
ноги	но́ги	омыла его 	
ноги	но́ги	опуская 	
ноги	но́ги	опустив 	
ноги	но́ги	опустил 	
ноги	но́ги	опустила 	
ноги	но́ги	опустила вниз 	
ноги	но́ги	опущенные 	
ноги	но́ги	опущены 	
ноги	но́ги	освободил 	
ноги	но́ги	оставляя головы, руки, 	
ноги	но́ги	от асфальта 	
ноги	но́ги	отдавливаю 	
ноги	но́ги	отерев 	
ноги	но́ги	откуда 	
ноги	но́ги	отнимались 	
ноги	но́ги	отнимаются руки и 	
ноги	но́ги	оторвало 	
ноги	но́ги	отпили 	
ноги	но́ги	отсек 	
ноги	но́ги	отсюда 	
ноги	но́ги	оттаптывая 	
ноги	но́ги	оттуда 	
ноги	но́ги	ощупал 	
ноги	но́ги	парализованы 	
ноги	но́ги	парили 	
ноги	но́ги	парить 	
ноги	но́ги	перевесил 	
ноги	но́ги	перед собой 	
ноги	но́ги	передвигала 	
ноги	но́ги	передвигающую 	
ноги	но́ги	передвигая 	
ноги	но́ги	передние 	
ноги	но́ги	перекинул 	
ноги	но́ги	перекладывая 	
ноги	но́ги	переломаны 	
ноги	но́ги	переломать 	
ноги	но́ги	переменяя 	
ноги	но́ги	перепачканные 	
ноги	но́ги	перепачканные глиной 	
ноги	но́ги	перепачканные краской 	
ноги	но́ги	переплетя 	
ноги	но́ги	переставляет 	
ноги	но́ги	переставляй 	
ноги	но́ги	переставлял 	
ноги	но́ги	переставляла 	
ноги	но́ги	переставлять 	
ноги	но́ги	переставляя 	
ноги	но́ги	перетаскивать 	
ноги	но́ги	пленнику 	
ноги	но́ги	погладил 	
ноги	но́ги	поглаживая 	
ноги	но́ги	подбирая 	
ноги	но́ги	подвернув 	
ноги	но́ги	подгибаются 	
ноги	но́ги	поджав 	
ноги	но́ги	поджав под себя 	
ноги	но́ги	поджал 	
ноги	но́ги	поджала 	
ноги	но́ги	поджимал 	
ноги	но́ги	поджимая 	
ноги	но́ги	подкидывая 	
ноги	но́ги	подкосились 	
ноги	но́ги	поднимая 	
ноги	но́ги	поднял 	
ноги	но́ги	подняла 	
ноги	но́ги	поднялся на 	
ноги	но́ги	подняты 	
ноги	но́ги	подняты над головой 	
ноги	но́ги	поднятые 	
ноги	но́ги	поднятые над головой 	
ноги	но́ги	подняться на 	
ноги	но́ги	подобрал 	
ноги	но́ги	подогнув 	
ноги	но́ги	подогнул 	
ноги	но́ги	подсекла 	
ноги	но́ги	подспутав той 	
ноги	но́ги	пока 	
ноги	но́ги	покрывало 	
ноги	но́ги	полностью 	
ноги	но́ги	положив 	
ноги	но́ги	положил 	
ноги	но́ги	поломать 	
ноги	но́ги	полусогнутые 	
ноги	но́ги	попадали 	
ноги	но́ги	попарь 	
ноги	но́ги	поразмять 	
ноги	но́ги	поставив 	
ноги	но́ги	поставил 	
ноги	но́ги	потрогал 	
ноги	но́ги	пояс и 	
ноги	но́ги	придавило 	
ноги	но́ги	приделывать 	
ноги	но́ги	прикрывающую 	
ноги	но́ги	приношу домой 	
ноги	но́ги	промочил 	
ноги	но́ги	просто 	 вытрет
ноги	но́ги	просунул 	
ноги	но́ги	протиснув 	
ноги	но́ги	протянем 	
ноги	но́ги	протянет 	
ноги	но́ги	протянул 	
ноги	но́ги	разбивая 	
ноги	но́ги	разведя 	
ноги	но́ги	развернула 	
ноги	но́ги	развязать 	
ноги	но́ги	раздвигает 	
ноги	но́ги	раздвигать 	
ноги	но́ги	раздвигая 	
ноги	но́ги	раздвинула 	
ноги	но́ги	раздвинуть 	
ноги	но́ги	разминая 	
ноги	но́ги	размял 	
ноги	но́ги	размять 	
ноги	но́ги	разомните 	
ноги	но́ги	раскинем в стороны 	
ноги	но́ги	раскинет в стороны 	
ноги	но́ги	раскинете в стороны 	
ноги	но́ги	раскинешь в стороны 	
ноги	но́ги	раскину в стороны 	
ноги	но́ги	раскинув в стороны 	
ноги	но́ги	раскинувшая в стороны 	
ноги	но́ги	раскинувшего в стороны 	
ноги	но́ги	раскинувшее в стороны 	
ноги	но́ги	раскинувшей в стороны 	
ноги	но́ги	раскинувшем в стороны 	
ноги	но́ги	раскинувшему в стороны 	
ноги	но́ги	раскинувшею в стороны 	
ноги	но́ги	раскинувши в стороны 	
ноги	но́ги	раскинувшие в стороны 	
ноги	но́ги	раскинувший в стороны 	
ноги	но́ги	раскинувшим в стороны 	
ноги	но́ги	раскинувшими в стороны 	
ноги	но́ги	раскинувших в стороны 	
ноги	но́ги	раскинувшую в стороны 	
ноги	но́ги	раскинул в стороны 	
ноги	но́ги	раскинула в стороны 	
ноги	но́ги	раскинули в стороны 	
ноги	но́ги	раскинуло в стороны 	
ноги	но́ги	раскинут в стороны 	
ноги	но́ги	раскинутые для упора 	
ноги	но́ги	раскинуть в стороны 	
ноги	но́ги	раскинь в стороны 	
ноги	но́ги	раскиньте в стороны 	
ноги	но́ги	расправил 	
ноги	но́ги	распрямив 	
ноги	но́ги	распрямил 	
ноги	но́ги	расставив 	
ноги	но́ги	расставил 	
ноги	но́ги	расставила 	
ноги	но́ги	расставлять 	
ноги	но́ги	расставляя 	
ноги	но́ги	растирайте 	
ноги	но́ги	ровные 	
ноги	но́ги	руки 	
ноги	но́ги	руки - 	
ноги	но́ги	руки в 	
ноги	но́ги	руки и 	
ноги	но́ги	руки или 	
ноги	но́ги	руки, 	 и головы
ноги	но́ги	руки, и 	
ноги	но́ги	руку и 	
ноги	но́ги	самого 	
ноги	но́ги	сбивая 	
ноги	но́ги	сбила 	
ноги	но́ги	сбросил 	
ноги	но́ги	свело 	
ноги	но́ги	свесив 	
ноги	но́ги	свесил 	
ноги	но́ги	свесила 	
ноги	но́ги	свяжем 	
ноги	но́ги	свяжет 	
ноги	но́ги	свяжете 	
ноги	но́ги	свяжешь 	
ноги	но́ги	свяжи 	
ноги	но́ги	свяжите 	
ноги	но́ги	свяжу 	
ноги	но́ги	свяжут 	
ноги	но́ги	связав 	
ноги	но́ги	связал 	
ноги	но́ги	связала 	
ноги	но́ги	связали 	
ноги	но́ги	связало 	
ноги	но́ги	связаны 	
ноги	но́ги	связать 	
ноги	но́ги	сгибая 	
ноги	но́ги	сделал 	
ноги	но́ги	сделать 	
ноги	но́ги	себе 	
ноги	но́ги	скрестив 	
ноги	но́ги	скрестивши 	
ноги	но́ги	скрестил 	
ноги	но́ги	скрестила 	
ноги	но́ги	слишком открытые 	
ноги	но́ги	сложенные 	
ноги	но́ги	сложенные под собой 	
ноги	но́ги	сломал 	
ноги	но́ги	сломала 	
ноги	но́ги	смял его 	
ноги	но́ги	снял 	
ноги	но́ги	согнув 	
ноги	но́ги	согнул 	
ноги	но́ги	согнула 	
ноги	но́ги	согнуть 	
ноги	но́ги	согреть 	
ноги	но́ги	спиной 	
ноги	но́ги	спуская 	
ноги	но́ги	спустив 	
ноги	но́ги	спустил 	
ноги	но́ги	спустил вниз 	
ноги	но́ги	спустила 	
ноги	но́ги	спутывал 	
ноги	но́ги	спутывала 	
ноги	но́ги	ставить 	
ноги	но́ги	ставя 	
ноги	но́ги	старшины его 	
ноги	но́ги	стоят 	
ноги	но́ги	судорогой 	
ноги	но́ги	сунув 	
ноги	но́ги	сунул 	
ноги	но́ги	сунула 	
ноги	но́ги	сунули 	
ноги	но́ги	только 	
ноги	но́ги	только 	 они
ноги	но́ги	торчали 	
ноги	но́ги	торчали в разные стороны 	
ноги	но́ги	торчали в стороны 	
ноги	но́ги	торчат 	
ноги	но́ги	торчат в разные стороны 	
ноги	но́ги	торчат в стороны 	
ноги	но́ги	трущегося об 	
ноги	но́ги	туловище и 	
ноги	но́ги	убирает 	
ноги	но́ги	убрала 	
ноги	но́ги	увидел 	
ноги	но́ги	уже 	 затекли
ноги	но́ги	укладываю 	
ноги	но́ги	укрыл 	
ноги	но́ги	укутывал 	
ноги	но́ги	унесли 	
ноги	но́ги	унести 	
ноги	но́ги	уносим 	
ноги	но́ги	уносите 	
ноги	но́ги	уносить 	
ноги	но́ги	уносить отсюда 	
ноги	но́ги	уперев 	
ноги	но́ги	утопали 	
ноги	но́ги	утопают 	
ноги	но́ги	холодил 	
ноги	но́ги	целовала 	
ноги	но́ги	целуя 	
ноги	но́ги	частично 	
ноги	но́ги	чьи то 	
ноги	но́ги	чьи тоъ 	
ноги	ноги́		 б здесь моей не было
ноги	ноги́		 б моей не было
ноги	ноги́		 б не было
ноги	ноги́		 бы его тут
ноги	ноги́		 бы здесь моей не было
ноги	ноги́		 бы моей здесь не было
ноги	ноги́		 бы моей не было
ноги	ноги́		 бы не было
ноги	ноги́		 бы твоей в
ноги	ноги́		 бы твоей здесь не было
ноги	ноги́		 бы твоей не было
ноги	ноги́		 вашей
ноги	ноги́		 встал
ноги	ноги́		 его больше
ноги	ноги́		 его не будет
ноги	ноги́		 его там
ноги	ноги́		 моей
ноги	ноги́		 моей больше
ноги	ноги́		 моей больше не будет
ноги	ноги́		 моей здесь
ноги	ноги́		 моей там
ноги	ноги́		 моей тут
ноги	ноги́		 мускулистой
ноги	ноги́		 на ногу
ноги	ноги́		 не было
ноги	ноги́		 нет
ноги	ноги́		 согнутой
ноги	ноги́		 твоей
ноги	ноги́		 твоей в
ноги	ноги́	а 	 четыре
ноги	ноги́	а у 	
ноги	ноги́	ампутацей 	
ноги	ноги́	ампутации 	
ноги	ноги́	ампутацию 	
ноги	ноги́	ампутация 	
ноги	ноги́	артерией 	
ноги	ноги́	артерии 	
ноги	ноги́	артерий 	
ноги	ноги́	артерию 	
ноги	ноги́	артерия 	
ноги	ноги́	артериям 	
ноги	ноги́	артериями 	
ноги	ноги́	артериях 	
ноги	ноги́	бараньей 	
ноги	ноги́	без 	
ноги	ноги́	без руки или 	
ноги	ноги́	ближней 	
ноги	ноги́	босой 	
ноги	ноги́	в виде 	
ноги	ноги́	в тени 	
ноги	ноги́	вдоль 	
ноги	ноги́	вдоль его 	
ноги	ноги́	вдоль руки или 	
ноги	ноги́	вен 	
ноги	ноги́	вена 	
ноги	ноги́	венам 	
ноги	ноги́	венами 	
ноги	ноги́	венах 	
ноги	ноги́	вене 	
ноги	ноги́	веной 	
ноги	ноги́	вену 	
ноги	ноги́	вены 	
ноги	ноги́	вес 	
ноги	ноги́	веса 	
ноги	ноги́	весе 	
ноги	ноги́	весом 	
ноги	ноги́	весу 	
ноги	ноги́	взмах 	
ноги	ноги́	взмах его 	
ноги	ноги́	взмах их 	
ноги	ноги́	взмаха 	
ноги	ноги́	взмаха его 	
ноги	ноги́	взмаха их 	
ноги	ноги́	взмахам 	
ноги	ноги́	взмахам его 	
ноги	ноги́	взмахам их 	
ноги	ноги́	взмахами 	
ноги	ноги́	взмахами его 	
ноги	ноги́	взмахами их 	
ноги	ноги́	взмахах 	
ноги	ноги́	взмахах его 	
ноги	ноги́	взмахах их 	
ноги	ноги́	взмахе 	
ноги	ноги́	взмахе его 	
ноги	ноги́	взмахе их 	
ноги	ноги́	взмахи 	
ноги	ноги́	взмахи его 	
ноги	ноги́	взмахи их 	
ноги	ноги́	взмахов 	
ноги	ноги́	взмахов его 	
ноги	ноги́	взмахов их 	
ноги	ноги́	взмахом 	
ноги	ноги́	взмахом его 	
ноги	ноги́	взмахом их 	
ноги	ноги́	взмаху 	
ноги	ноги́	взмаху его 	
ноги	ноги́	взмаху их 	
ноги	ноги́	вид 	
ноги	ноги́	вида 	
ноги	ноги́	видам 	
ноги	ноги́	видами 	
ноги	ноги́	видах 	
ноги	ноги́	виде 	
ноги	ноги́	видов 	
ноги	ноги́	видом 	
ноги	ноги́	виду 	
ноги	ноги́	виды 	
ноги	ноги́	внешней стороны 	
ноги	ноги́	внутренней стороны 	
ноги	ноги́	внутри 	
ноги	ноги́	внутрь 	
ноги	ноги́	воздетой 	
ноги	ноги́	воздетой вверх 	
ноги	ноги́	возле 	
ноги	ноги́	возле его 	
ноги	ноги́	возле руки или 	
ноги	ноги́	возле самой 	
ноги	ноги́	вокруг 	
ноги	ноги́	вокруг 	 или руки
ноги	ноги́	вокруг его 	
ноги	ноги́	вокруг руки или 	
ноги	ноги́	волочащейся 	
ноги	ноги́	восьмой 	
ноги	ноги́	вращение 	
ноги	ноги́	вращением 	
ноги	ноги́	вращении 	
ноги	ноги́	вращений 	
ноги	ноги́	вращению 	
ноги	ноги́	вращения 	
ноги	ноги́	вращениям 	
ноги	ноги́	вращениями 	
ноги	ноги́	вращениях 	
ноги	ноги́	вскидывание 	
ноги	ноги́	вскидыванием 	
ноги	ноги́	вскидывании 	
ноги	ноги́	вскидыванию 	
ноги	ноги́	вскидывания 	
ноги	ноги́	второй 	
ноги	ноги́	вывих 	
ноги	ноги́	вывиха 	
ноги	ноги́	вывихам 	
ноги	ноги́	вывихами 	
ноги	ноги́	вывихах 	
ноги	ноги́	вывихе 	
ноги	ноги́	вывихи 	
ноги	ноги́	вывихов 	
ноги	ноги́	вывихом 	
ноги	ноги́	вывиху 	
ноги	ноги́	вытянутой 	
ноги	ноги́	вытянутой назад 	
ноги	ноги́	вялой 	
ноги	ноги́	говяжьих 	
ноги	ноги́	голой 	
ноги	ноги́	грязной 	
ноги	ноги́	да 	 моей
ноги	ноги́	две 	
ноги	ноги́	две 	 будут
ноги	ноги́	две 	 были
ноги	ноги́	две голые 	
ноги	ноги́	две длинные 	
ноги	ноги́	две длинные толстые 	
ноги	ноги́	две длинные тощие 	
ноги	ноги́	две длинных 	
ноги	ноги́	две здоровенные 	
ноги	ноги́	две здоровые 	
ноги	ноги́	две короткие 	
ноги	ноги́	две короткие толстые 	
ноги	ноги́	две короткие тощие 	
ноги	ноги́	две коротких 	
ноги	ноги́	две кривые 	
ноги	ноги́	две кривые толстые 	
ноги	ноги́	две кривые тощие 	
ноги	ноги́	две левые 	
ноги	ноги́	две передние 	
ноги	ноги́	две правые 	
ноги	ноги́	две руки, две 	
ноги	ноги́	две толстые 	
ноги	ноги́	две тощие 	
ноги	ноги́	движение 	
ноги	ноги́	движение руки или 	
ноги	ноги́	движением 	
ноги	ноги́	движением руки или 	
ноги	ноги́	движении 	
ноги	ноги́	движений 	
ноги	ноги́	движению 	
ноги	ноги́	движения 	
ноги	ноги́	движениям 	
ноги	ноги́	движениями 	
ноги	ноги́	движениях 	
ноги	ноги́	девической 	
ноги	ноги́	девичьей 	
ноги	ноги́	девятой 	
ноги	ноги́	действие веса 	
ноги	ноги́	действием веса 	
ноги	ноги́	действии веса 	
ноги	ноги́	действий веса 	
ноги	ноги́	действию веса 	
ноги	ноги́	действия веса 	
ноги	ноги́	действиям веса 	
ноги	ноги́	действиями веса 	
ноги	ноги́	действиях веса 	
ноги	ноги́	деревянной 	
ноги	ноги́	десятой 	
ноги	ноги́	длина 	
ноги	ноги́	длине 	
ноги	ноги́	длиннее 	
ноги	ноги́	длинней 	
ноги	ноги́	длиной 	
ноги	ноги́	длину 	
ноги	ноги́	длины 	
ноги	ноги́	для 	
ноги	ноги́	до 	
ноги	ноги́	дрожи 	
ноги	ноги́	дрожь 	
ноги	ноги́	дрожью 	
ноги	ноги́	другой 	
ноги	ноги́	другой стороны 	
ноги	ноги́	женской 	
ноги	ноги́	за обе 	
ноги	ноги́	загорелой 	
ноги	ноги́	задней 	
ноги	ноги́	замотанной 	
ноги	ноги́	замотанной в тряпье 	
ноги	ноги́	захват 	
ноги	ноги́	захвата 	
ноги	ноги́	захватам 	
ноги	ноги́	захватами 	
ноги	ноги́	захватах 	
ноги	ноги́	захвате 	
ноги	ноги́	захватов 	
ноги	ноги́	захватом 	
ноги	ноги́	захвату 	
ноги	ноги́	захваты 	
ноги	ноги́	из 	
ноги	ноги́	из за 	
ноги	ноги́	из под 	
ноги	ноги́	из под его 	
ноги	ноги́	из под руки или 	
ноги	ноги́	изображение 	
ноги	ноги́	изображением 	
ноги	ноги́	изображении 	
ноги	ноги́	изображений 	
ноги	ноги́	изображению 	
ноги	ноги́	изображения 	
ноги	ноги́	изображениям 	
ноги	ноги́	изображениями 	
ноги	ноги́	изображениях 	
ноги	ноги́	индюшачьей 	
ноги	ноги́	какой 	
ноги	ноги́	какой то 	
ноги	ноги́	какой тоъ 	
ноги	ноги́	касавшаяся 	
ноги	ноги́	касавшегося 	
ноги	ноги́	касавшееся 	
ноги	ноги́	касавшейся 	
ноги	ноги́	касавшемся 	
ноги	ноги́	касавшемуся 	
ноги	ноги́	касавшеюся 	
ноги	ноги́	касавшиеся 	
ноги	ноги́	касавшийся 	
ноги	ноги́	касавшийся его 	
ноги	ноги́	касавшимися 	
ноги	ноги́	касавшимся 	
ноги	ноги́	касавшихся 	
ноги	ноги́	касавшуюся 	
ноги	ноги́	касаемся 	
ноги	ноги́	касается 	
ноги	ноги́	касаешься 	
ноги	ноги́	касайся 	
ноги	ноги́	касайтесь 	
ноги	ноги́	касалась 	
ноги	ноги́	касалась его 	
ноги	ноги́	касались 	
ноги	ноги́	касались его 	
ноги	ноги́	касалось 	
ноги	ноги́	касалось его 	
ноги	ноги́	касался 	
ноги	ноги́	касатся 	
ноги	ноги́	касатся его 	
ноги	ноги́	касаться 	
ноги	ноги́	касаться его 	
ноги	ноги́	касаюсь 	
ноги	ноги́	касаюсь его 	
ноги	ноги́	касаются 	
ноги	ноги́	касаются его 	
ноги	ноги́	касающаяся 	
ноги	ноги́	касающегося 	
ноги	ноги́	касающееся 	
ноги	ноги́	касающейся 	
ноги	ноги́	касающемся 	
ноги	ноги́	касающемуся 	
ноги	ноги́	касающеюся 	
ноги	ноги́	касающиеся 	
ноги	ноги́	касающийся 	
ноги	ноги́	касающимися 	
ноги	ноги́	касающимся 	
ноги	ноги́	касающихся 	
ноги	ноги́	касающуюся 	
ноги	ноги́	касаясь 	
ноги	ноги́	касаясь его 	
ноги	ноги́	кожа 	
ноги	ноги́	коже 	
ноги	ноги́	кожой 	
ноги	ноги́	кожу 	
ноги	ноги́	кожы 	
ноги	ноги́	колена 	
ноги	ноги́	колене 	
ноги	ноги́	колено 	
ноги	ноги́	коленом 	
ноги	ноги́	колену 	
ноги	ноги́	конструкцию 	
ноги	ноги́	коснись 	
ноги	ноги́	коснись его 	
ноги	ноги́	коснитесь 	
ноги	ноги́	коснитесь его 	
ноги	ноги́	коснувшись 	
ноги	ноги́	коснувшихся 	
ноги	ноги́	коснувшихся его 	
ноги	ноги́	коснувшуюся 	
ноги	ноги́	коснувшуюся его 	
ноги	ноги́	коснулась 	
ноги	ноги́	коснулась его 	
ноги	ноги́	коснулось 	
ноги	ноги́	коснулось его 	
ноги	ноги́	коснулся 	
ноги	ноги́	коснулся его 	
ноги	ноги́	коснусь 	
ноги	ноги́	коснусь его 	
ноги	ноги́	костей 	
ноги	ноги́	кости 	
ноги	ноги́	кость 	
ноги	ноги́	костью 	
ноги	ноги́	костям 	
ноги	ноги́	костями 	
ноги	ноги́	костях 	
ноги	ноги́	краешек 	
ноги	ноги́	крепкой 	
ноги	ноги́	крепости его 	
ноги	ноги́	крепость его 	
ноги	ноги́	крепостью его 	
ноги	ноги́	кроме 	
ноги	ноги́	культе 	
ноги	ноги́	культи 	
ноги	ноги́	культи 	 или руки
ноги	ноги́	культи руки или 	
ноги	ноги́	культю 	
ноги	ноги́	культя 	
ноги	ноги́	культям 	
ноги	ноги́	культями 	
ноги	ноги́	культях 	
ноги	ноги́	кусок 	
ноги	ноги́	кусочек 	
ноги	ноги́	левой 	
ноги	ноги́	ледяной 	
ноги	ноги́	линией 	
ноги	ноги́	линиею 	
ноги	ноги́	линии 	
ноги	ноги́	линий 	
ноги	ноги́	линию 	
ноги	ноги́	линия 	
ноги	ноги́	линиям 	
ноги	ноги́	линиями 	
ноги	ноги́	линиях 	
ноги	ноги́	лишался 	
ноги	ноги́	лишался руки или 	
ноги	ноги́	лишатся 	
ноги	ноги́	лишившаяся 	
ноги	ноги́	лишившегося 	
ноги	ноги́	лишившееся 	
ноги	ноги́	лишившейся 	
ноги	ноги́	лишившемся 	
ноги	ноги́	лишившемуся 	
ноги	ноги́	лишившиеся 	
ноги	ноги́	лишившийся 	
ноги	ноги́	лишившимися 	
ноги	ноги́	лишившимся 	
ноги	ноги́	лишившись 	
ноги	ноги́	лишившихся 	
ноги	ноги́	лишившуюся 	
ноги	ноги́	лишилась 	
ноги	ноги́	лишились 	
ноги	ноги́	лишилось 	
ноги	ноги́	лишился 	
ноги	ноги́	лишимся 	
ноги	ноги́	лишись 	
ноги	ноги́	лишитесь 	
ноги	ноги́	лишится 	
ноги	ноги́	лишиться 	
ноги	ноги́	лишишься 	
ноги	ноги́	лишусь 	
ноги	ноги́	махом 	
ноги	ноги́	механической 	
ноги	ноги́	мимо 	
ноги	ноги́	могучей 	
ноги	ноги́	моей 	
ноги	ноги́	мокрой 	
ноги	ноги́	мужской 	
ноги	ноги́	мускулистой 	
ноги	ноги́	мышцы 	
ноги	ноги́	мякоти 	
ноги	ноги́	мякоть 	
ноги	ноги́	мякотью 	
ноги	ноги́	на обе 	
ноги	ноги́	наличие 	
ноги	ноги́	наличием 	
ноги	ноги́	наличии 	
ноги	ноги́	наличию 	
ноги	ноги́	наличия 	
ноги	ноги́	направление 	
ноги	ноги́	направлением 	
ноги	ноги́	направлении 	
ноги	ноги́	направлений 	
ноги	ноги́	направлению 	
ноги	ноги́	направления 	
ноги	ноги́	направлениям 	
ноги	ноги́	направлениями 	
ноги	ноги́	направлениях 	
ноги	ноги́	настоящей 	
ноги	ноги́	не было 	
ноги	ноги́	не было вовсе 	
ноги	ноги́	не имел 	
ноги	ноги́	не хватало 	
ноги	ноги́	невидимой 	
ноги	ноги́	некрепкой 	
ноги	ноги́	ненастоящей 	
ноги	ноги́	нет 	
ноги	ноги́	нет больше 	
ноги	ноги́	нет у него 	
ноги	ноги́	нечеловеческой 	
ноги	ноги́	ни 	
ноги	ноги́	никакой 	
ноги	ноги́	ничьей 	
ноги	ноги́	носка 	
ноги	ноги́	носкам 	
ноги	ноги́	носками 	
ноги	ноги́	носках 	
ноги	ноги́	носке 	
ноги	ноги́	носки 	
ноги	ноги́	носков 	
ноги	ноги́	носком 	
ноги	ноги́	носку 	
ноги	ноги́	носок 	
ноги	ноги́	обе 	
ноги	ноги́	обе 	 будут
ноги	ноги́	обе 	 были
ноги	ноги́	обе его 	
ноги	ноги́	обе задние 	
ноги	ноги́	обе левые 	
ноги	ноги́	обе передние 	
ноги	ноги́	обе правые 	
ноги	ноги́	обладателе 	
ноги	ноги́	обладателем 	
ноги	ноги́	обладатель 	
ноги	ноги́	обладателю 	
ноги	ноги́	обладателя 	
ноги	ноги́	образ 	
ноги	ноги́	образа 	
ноги	ноги́	образам 	
ноги	ноги́	образами 	
ноги	ноги́	образах 	
ноги	ноги́	образе 	
ноги	ноги́	образов 	
ноги	ноги́	образом 	
ноги	ноги́	образу 	
ноги	ноги́	образы 	
ноги	ноги́	обрубка 	
ноги	ноги́	обрубкам 	
ноги	ноги́	обрубками 	
ноги	ноги́	обрубках 	
ноги	ноги́	обрубке 	
ноги	ноги́	обрубки 	
ноги	ноги́	обрубков 	
ноги	ноги́	обрубком 	
ноги	ноги́	обрубку 	
ноги	ноги́	обрубок 	
ноги	ноги́	огромной 	
ноги	ноги́	одной 	
ноги	ноги́	одной 	 или руки
ноги	ноги́	одной руки или 	
ноги	ноги́	ожог 	
ноги	ноги́	ожога 	
ноги	ноги́	ожогам 	
ноги	ноги́	ожогами 	
ноги	ноги́	ожогах 	
ноги	ноги́	ожоге 	
ноги	ноги́	ожоги 	
ноги	ноги́	ожогов 	
ноги	ноги́	ожогом 	
ноги	ноги́	ожогу 	
ноги	ноги́	около 	
ноги	ноги́	около его 	
ноги	ноги́	опорной 	
ноги	ноги́	опустившейся 	
ноги	ноги́	опухолей 	
ноги	ноги́	опухоли 	
ноги	ноги́	опухоль 	
ноги	ноги́	опухолью 	
ноги	ноги́	опухолям 	
ноги	ноги́	опухолями 	
ноги	ноги́	опухолях 	
ноги	ноги́	от 	
ноги	ноги́	от его 	
ноги	ноги́	отдавленной 	
ноги	ноги́	отеки 	
ноги	ноги́	отеку 	
ноги	ноги́	оторванной 	
ноги	ноги́	отпечатка 	
ноги	ноги́	отпечаткам 	
ноги	ноги́	отпечатками 	
ноги	ноги́	отпечатках 	
ноги	ноги́	отпечатке 	
ноги	ноги́	отпечатки 	
ноги	ноги́	отпечатков 	
ноги	ноги́	отпечатком 	
ноги	ноги́	отпечатку 	
ноги	ноги́	отпечаток 	
ноги	ноги́	отражение 	
ноги	ноги́	отражением 	
ноги	ноги́	отражении 	
ноги	ноги́	отражений 	
ноги	ноги́	отражению 	
ноги	ноги́	отражения 	
ноги	ноги́	отражениям 	
ноги	ноги́	отражениями 	
ноги	ноги́	отражениях 	
ноги	ноги́	отсутствие 	
ноги	ноги́	очередь 	
ноги	ноги́	очертание 	
ноги	ноги́	очертанием 	
ноги	ноги́	очертании 	
ноги	ноги́	очертаний 	
ноги	ноги́	очертанию 	
ноги	ноги́	очертания 	
ноги	ноги́	очертаниям 	
ноги	ноги́	очертаниями 	
ноги	ноги́	очертаниях 	
ноги	ноги́	палец 	
ноги	ноги́	пальца 	
ноги	ноги́	пальцам 	
ноги	ноги́	пальцами 	
ноги	ноги́	пальцах 	
ноги	ноги́	пальце 	
ноги	ноги́	пальцев 	
ноги	ноги́	пальцем 	
ноги	ноги́	пальцу 	
ноги	ноги́	пальцы 	
ноги	ноги́	паучьей 	
ноги	ноги́	первой 	
ноги	ноги́	передней 	
ноги	ноги́	перелом 	
ноги	ноги́	перелома 	
ноги	ноги́	переломавшейся 	
ноги	ноги́	переломам 	
ноги	ноги́	переломами 	
ноги	ноги́	переломах 	
ноги	ноги́	переломе 	
ноги	ноги́	переломившейся 	
ноги	ноги́	переломов 	
ноги	ноги́	переломом 	
ноги	ноги́	перелому 	
ноги	ноги́	переломы 	
ноги	ноги́	перехват 	
ноги	ноги́	перехвата 	
ноги	ноги́	перехватам 	
ноги	ноги́	перехватами 	
ноги	ноги́	перехватах 	
ноги	ноги́	перехвате 	
ноги	ноги́	перехватов 	
ноги	ноги́	перехватом 	
ноги	ноги́	перехвату 	
ноги	ноги́	перехваты 	
ноги	ноги́	пик 	
ноги	ноги́	пинка 	
ноги	ноги́	пинкам 	
ноги	ноги́	пинками 	
ноги	ноги́	пинках 	
ноги	ноги́	пинке 	
ноги	ноги́	пинки 	
ноги	ноги́	пинков 	
ноги	ноги́	пинком 	
ноги	ноги́	пинком 	 под
ноги	ноги́	пинку 	
ноги	ноги́	пинок 	
ноги	ноги́	поверх 	
ноги	ноги́	поверхностей 	
ноги	ноги́	поверхности 	
ноги	ноги́	поверхности его 	
ноги	ноги́	поверхность 	
ноги	ноги́	поверхность его 	
ноги	ноги́	поверхностью 	
ноги	ноги́	поверхностью его 	
ноги	ноги́	поверхностям 	
ноги	ноги́	поверхностям его 	
ноги	ноги́	поверхностями 	
ноги	ноги́	поверхностями его 	
ноги	ноги́	поверхностях 	
ноги	ноги́	поверхностях его 	
ноги	ноги́	поверху 	
ноги	ноги́	повисшей 	
ноги	ноги́	поворот 	
ноги	ноги́	поворота 	
ноги	ноги́	поворотам 	
ноги	ноги́	поворотами 	
ноги	ноги́	поворотах 	
ноги	ноги́	повороте 	
ноги	ноги́	поворотов 	
ноги	ноги́	поворотом 	
ноги	ноги́	повороту 	
ноги	ноги́	повороты 	
ноги	ноги́	подломившейся 	
ноги	ноги́	поднявшейся 	
ноги	ноги́	подобие 	
ноги	ноги́	подобием 	
ноги	ноги́	подобии 	
ноги	ноги́	подобий 	
ноги	ноги́	подобию 	
ноги	ноги́	подобия 	
ноги	ноги́	подобиям 	
ноги	ноги́	подобиями 	
ноги	ноги́	подобиях 	
ноги	ноги́	подогнувшейся 	
ноги	ноги́	половинкой 	
ноги	ноги́	положение 	
ноги	ноги́	помимо 	
ноги	ноги́	порез 	
ноги	ноги́	пореза 	
ноги	ноги́	порезам 	
ноги	ноги́	порезами 	
ноги	ноги́	порезах 	
ноги	ноги́	порезе 	
ноги	ноги́	порезов 	
ноги	ноги́	порезом 	
ноги	ноги́	порезу 	
ноги	ноги́	порезы 	
ноги	ноги́	посадку 	
ноги	ноги́	посредством 	
ноги	ноги́	постановка 	
ноги	ноги́	постановкам 	
ноги	ноги́	постановками 	
ноги	ноги́	постановках 	
ноги	ноги́	постановке 	
ноги	ноги́	постановки 	
ноги	ноги́	постановкой 	
ноги	ноги́	постановку 	
ноги	ноги́	постановок 	
ноги	ноги́	потерей 	
ноги	ноги́	потери 	
ноги	ноги́	потерь 	
ноги	ноги́	потерю 	
ноги	ноги́	потеря 	
ноги	ноги́	потерям 	
ноги	ноги́	потерями 	
ноги	ноги́	потерях 	
ноги	ноги́	потной 	
ноги	ноги́	правой 	
ноги	ноги́	прикосновение 	
ноги	ноги́	прикосновением 	
ноги	ноги́	прикосновении 	
ноги	ноги́	прикосновений 	
ноги	ноги́	прикосновению 	
ноги	ноги́	прикосновения 	
ноги	ноги́	прикосновениям 	
ноги	ноги́	прикосновениями 	
ноги	ноги́	прикосновениях 	
ноги	ноги́	приложение 	
ноги	ноги́	приложением 	
ноги	ноги́	приложении 	
ноги	ноги́	приложению 	
ноги	ноги́	приложения 	
ноги	ноги́	продолжение 	
ноги	ноги́	продолжение его 	
ноги	ноги́	продолжением 	
ноги	ноги́	продолжением его 	
ноги	ноги́	продолжении 	
ноги	ноги́	продолжении его 	
ноги	ноги́	продолжению 	
ноги	ноги́	продолжения 	
ноги	ноги́	протез 	
ноги	ноги́	протеза 	
ноги	ноги́	протезам 	
ноги	ноги́	протезами 	
ноги	ноги́	протезах 	
ноги	ноги́	протезе 	
ноги	ноги́	протезов 	
ноги	ноги́	протезом 	
ноги	ноги́	протезу 	
ноги	ноги́	протезы 	
ноги	ноги́	пятой 	
ноги	ноги́	разворот 	
ноги	ноги́	разворота 	
ноги	ноги́	разворотам 	
ноги	ноги́	разворотами 	
ноги	ноги́	разворотах 	
ноги	ноги́	развороте 	
ноги	ноги́	разворотов 	
ноги	ноги́	разворотом 	
ноги	ноги́	развороту 	
ноги	ноги́	развороты 	
ноги	ноги́	размер 	
ноги	ноги́	размера 	
ноги	ноги́	размерам 	
ноги	ноги́	размерами 	
ноги	ноги́	размерах 	
ноги	ноги́	размере 	
ноги	ноги́	размеров 	
ноги	ноги́	размером 	
ноги	ноги́	размеру 	
ноги	ноги́	размеры 	
ноги	ноги́	разрубленной 	
ноги	ноги́	ран 	
ноги	ноги́	рана 	
ноги	ноги́	ранам 	
ноги	ноги́	ранами 	
ноги	ноги́	ранах 	
ноги	ноги́	ране 	
ноги	ноги́	ранение 	
ноги	ноги́	ранением 	
ноги	ноги́	ранении 	
ноги	ноги́	ранений 	
ноги	ноги́	ранению 	
ноги	ноги́	ранения 	
ноги	ноги́	ранениям 	
ноги	ноги́	ранениями 	
ноги	ноги́	ранениях 	
ноги	ноги́	раненой 	
ноги	ноги́	раной 	
ноги	ноги́	рану 	
ноги	ноги́	раны 	
ноги	ноги́	рентген 	
ноги	ноги́	рентгена 	
ноги	ноги́	рентгенам 	
ноги	ноги́	рентгенами 	
ноги	ноги́	рентгенах 	
ноги	ноги́	рентгене 	
ноги	ноги́	рентгенов 	
ноги	ноги́	рентгеном 	
ноги	ноги́	рентгену 	
ноги	ноги́	рентгены 	
ноги	ноги́	рывку 	
ноги	ноги́	с 	
ноги	ноги́	с его 	
ноги	ноги́	с левой 	
ноги	ноги́	самой 	
ноги	ноги́	сбережение 	
ноги	ноги́	сбережения 	
ноги	ноги́	сбоку 	
ноги	ноги́	своей 	
ноги	ноги́	связка 	
ноги	ноги́	связкам 	
ноги	ноги́	связками 	
ноги	ноги́	связках 	
ноги	ноги́	связке 	
ноги	ноги́	связки 	
ноги	ноги́	связкой 	
ноги	ноги́	связку 	
ноги	ноги́	связок 	
ноги	ноги́	сгибе 	
ноги	ноги́	седьмой 	
ноги	ноги́	середин 	
ноги	ноги́	середина 	
ноги	ноги́	середине 	
ноги	ноги́	серединой 	
ноги	ноги́	середину 	
ноги	ноги́	середины 	
ноги	ноги́	сильных 	
ноги	ноги́	след 	
ноги	ноги́	следа 	
ноги	ноги́	следам 	
ноги	ноги́	следами 	
ноги	ноги́	следах 	
ноги	ноги́	следе 	
ноги	ноги́	следов 	
ноги	ноги́	следом 	
ноги	ноги́	следу 	
ноги	ноги́	слепка 	
ноги	ноги́	слепкам 	
ноги	ноги́	слепками 	
ноги	ноги́	слепках 	
ноги	ноги́	слепке 	
ноги	ноги́	слепки 	
ноги	ноги́	слепку 	
ноги	ноги́	слепок 	
ноги	ноги́	сломавшейся 	
ноги	ноги́	сломалась бы от удара 	
ноги	ноги́	сломанной 	
ноги	ноги́	смуглой 	
ноги	ноги́	сняла с 	
ноги	ноги́	собственной 	
ноги	ноги́	согнутой 	
ноги	ноги́	сочленение 	
ноги	ноги́	сочленение его 	
ноги	ноги́	сочленением 	
ноги	ноги́	сочленением его 	
ноги	ноги́	сочленении 	
ноги	ноги́	сочленении его 	
ноги	ноги́	сочленений 	
ноги	ноги́	сочленений его 	
ноги	ноги́	сочленению 	
ноги	ноги́	сочленению его 	
ноги	ноги́	сочленения 	
ноги	ноги́	сочленения его 	
ноги	ноги́	сочленениям 	
ноги	ноги́	сочленениям его 	
ноги	ноги́	сочленениями 	
ноги	ноги́	сочленениями его 	
ноги	ноги́	сочленениях 	
ноги	ноги́	сочленениях его 	
ноги	ноги́	стащила с 	
ноги	ноги́	сторон 	
ноги	ноги́	сторона 	
ноги	ноги́	сторонам 	
ноги	ноги́	сторонами 	
ноги	ноги́	сторонах 	
ноги	ноги́	стороне 	
ноги	ноги́	стороной 	
ноги	ноги́	сторону 	
ноги	ноги́	стороны 	
ноги	ноги́	строение 	
ноги	ноги́	строением 	
ноги	ноги́	строении 	
ноги	ноги́	строений 	
ноги	ноги́	строению 	
ноги	ноги́	строения 	
ноги	ноги́	строениям 	
ноги	ноги́	строениями 	
ноги	ноги́	строениях 	
ноги	ноги́	сустав 	
ноги	ноги́	сустава 	
ноги	ноги́	суставам 	
ноги	ноги́	суставами 	
ноги	ноги́	суставах 	
ноги	ноги́	суставе 	
ноги	ноги́	суставов 	
ноги	ноги́	суставом 	
ноги	ноги́	суставу 	
ноги	ноги́	суставы 	
ноги	ноги́	сухой 	
ноги	ноги́	такой 	
ноги	ноги́	такой вот 	
ноги	ноги́	такой то 	
ноги	ноги́	такой тоъ 	
ноги	ноги́	твоей 	
ноги	ноги́	телячьих 	
ноги	ноги́	теней 	
ноги	ноги́	тени 	
ноги	ноги́	тень 	
ноги	ноги́	тенью 	
ноги	ноги́	теням 	
ноги	ноги́	тенями 	
ноги	ноги́	тенях 	
ноги	ноги́	тепло 	
ноги	ноги́	ткани 	
ноги	ноги́	ткань 	
ноги	ноги́	тканью 	
ноги	ноги́	той 	
ноги	ноги́	толчка 	
ноги	ноги́	толчкам 	
ноги	ноги́	толчками 	
ноги	ноги́	толчках 	
ноги	ноги́	толчке 	
ноги	ноги́	толчки 	
ноги	ноги́	толчков 	
ноги	ноги́	толчком 	
ноги	ноги́	толчку 	
ноги	ноги́	толчок 	
ноги	ноги́	треть 	
ноги	ноги́	третьей 	
ноги	ноги́	три 	
ноги	ноги́	три 	 будут
ноги	ноги́	три 	 были
ноги	ноги́	три длинные 	
ноги	ноги́	три длинные толстые 	
ноги	ноги́	три длинные тощие 	
ноги	ноги́	три длинных 	
ноги	ноги́	три задние 	
ноги	ноги́	три короткие 	
ноги	ноги́	три короткие толстые 	
ноги	ноги́	три короткие тощие 	
ноги	ноги́	три коротких 	
ноги	ноги́	три кривые 	
ноги	ноги́	три кривые толстые 	
ноги	ноги́	три кривые тощие 	
ноги	ноги́	три левые 	
ноги	ноги́	три передние 	
ноги	ноги́	три правые 	
ноги	ноги́	три толстые 	
ноги	ноги́	три тощие 	
ноги	ноги́	тычка 	
ноги	ноги́	тычкам 	
ноги	ноги́	тычками 	
ноги	ноги́	тычках 	
ноги	ноги́	тычке 	
ноги	ноги́	тычки 	
ноги	ноги́	тычков 	
ноги	ноги́	тычком 	
ноги	ноги́	тычку 	
ноги	ноги́	тычок 	
ноги	ноги́	у 	
ноги	ноги́	у его 	
ноги	ноги́	у моей 	
ноги	ноги́	у самой его 	
ноги	ноги́	у самой моей 	
ноги	ноги́	у самой твоей 	
ноги	ноги́	удар 	
ноги	ноги́	удар его 	
ноги	ноги́	удара 	
ноги	ноги́	удара его 	
ноги	ноги́	ударам 	
ноги	ноги́	ударам его 	
ноги	ноги́	ударами 	
ноги	ноги́	ударами его 	
ноги	ноги́	ударах 	
ноги	ноги́	ударах его 	
ноги	ноги́	ударе 	
ноги	ноги́	ударе его 	
ноги	ноги́	ударов 	
ноги	ноги́	ударов его 	
ноги	ноги́	ударом 	
ноги	ноги́	ударом его 	
ноги	ноги́	удару 	
ноги	ноги́	удару его 	
ноги	ноги́	удары 	
ноги	ноги́	удары его 	
ноги	ноги́	узкой 	
ноги	ноги́	укол 	
ноги	ноги́	укола 	
ноги	ноги́	уколам 	
ноги	ноги́	уколами 	
ноги	ноги́	уколах 	
ноги	ноги́	уколе 	
ноги	ноги́	уколов 	
ноги	ноги́	уколом 	
ноги	ноги́	уколу 	
ноги	ноги́	уколы 	
ноги	ноги́	упор 	
ноги	ноги́	упора 	
ноги	ноги́	упорам 	
ноги	ноги́	упорами 	
ноги	ноги́	упорах 	
ноги	ноги́	упоре 	
ноги	ноги́	упоров 	
ноги	ноги́	упором 	
ноги	ноги́	упору 	
ноги	ноги́	упоры 	
ноги	ноги́	усилие 	
ноги	ноги́	усилием 	
ноги	ноги́	усилий 	
ноги	ноги́	усилию 	
ноги	ноги́	усилия 	
ноги	ноги́	усилиям 	
ноги	ноги́	усилиями 	
ноги	ноги́	усилиях 	
ноги	ноги́	усталой 	
ноги	ноги́	усталость 	
ноги	ноги́	усталостью 	
ноги	ноги́	ушиба 	
ноги	ноги́	фон 	
ноги	ноги́	фона 	
ноги	ноги́	фонам 	
ноги	ноги́	фонами 	
ноги	ноги́	фонах 	
ноги	ноги́	фоне 	
ноги	ноги́	фонов 	
ноги	ноги́	фоном 	
ноги	ноги́	фону 	
ноги	ноги́	фоны 	
ноги	ноги́	форм 	
ноги	ноги́	форма 	
ноги	ноги́	формам 	
ноги	ноги́	формами 	
ноги	ноги́	формах 	
ноги	ноги́	форме 	
ноги	ноги́	формой 	
ноги	ноги́	форму 	
ноги	ноги́	формы 	
ноги	ноги́	фрагмент 	
ноги	ноги́	фрагмента 	
ноги	ноги́	фрагментам 	
ноги	ноги́	фрагментами 	
ноги	ноги́	фрагментах 	
ноги	ноги́	фрагменте 	
ноги	ноги́	фрагментов 	
ноги	ноги́	фрагментом 	
ноги	ноги́	фрагменту 	
ноги	ноги́	фрагменты 	
ноги	ноги́	функцией 	
ноги	ноги́	функции 	
ноги	ноги́	функций 	
ноги	ноги́	функцию 	
ноги	ноги́	функция 	
ноги	ноги́	функциям 	
ноги	ноги́	функциями 	
ноги	ноги́	функциях 	
ноги	ноги́	хозяин 	
ноги	ноги́	хромой 	
ноги	ноги́	частей 	
ноги	ноги́	части 	
ноги	ноги́	часть 	
ноги	ноги́	частью 	
ноги	ноги́	частям 	
ноги	ноги́	частями 	
ноги	ноги́	частях 	
ноги	ноги́	человеческой 	
ноги	ноги́	четыре 	
ноги	ноги́	четыре 	 будут
ноги	ноги́	четыре 	 были
ноги	ноги́	четыре длинные 	
ноги	ноги́	четыре длинные толстые 	
ноги	ноги́	четыре длинные тощие 	
ноги	ноги́	четыре длинных 	
ноги	ноги́	четыре задние 	
ноги	ноги́	четыре короткие 	
ноги	ноги́	четыре короткие толстые 	
ноги	ноги́	четыре короткие тощие 	
ноги	ноги́	четыре коротких 	
ноги	ноги́	четыре кривые 	
ноги	ноги́	четыре кривые толстые 	
ноги	ноги́	четыре кривые тощие 	
ноги	ноги́	четыре левые 	
ноги	ноги́	четыре передние 	
ноги	ноги́	четыре правые 	
ноги	ноги́	четыре толстые 	
ноги	ноги́	четыре тощие 	
ноги	ноги́	чистой 	
ноги	ноги́	что 	 его здесь
ноги	ноги́	чтоб 	 вашей
ноги	ноги́	чтоб 	 его
ноги	ноги́	чтоб 	 их
ноги	ноги́	чтоб 	 ихней
ноги	ноги́	чтоб 	 моей
ноги	ноги́	чтоб 	 нашей
ноги	ноги́	чтоб 	 твоей
ноги	ноги́	чтобы 	 вашей
ноги	ноги́	чтобы 	 его
ноги	ноги́	чтобы 	 их
ноги	ноги́	чтобы 	 ихней
ноги	ноги́	чтобы 	 моей
ноги	ноги́	чтобы 	 нашей
ноги	ноги́	чтобы 	 твоей
ноги	ноги́	чужой 	
ноги	ноги́	чьей 	
ноги	ноги́	чьей то 	
ноги	ноги́	чьей тоъ 	
ноги	ноги́	шаг 	
ноги	ноги́	шага 	
ноги	ноги́	шагам 	
ноги	ноги́	шагами 	
ноги	ноги́	шагах 	
ноги	ноги́	шаге 	
ноги	ноги́	шаги 	
ноги	ноги́	шагов 	
ноги	ноги́	шагом 	
ноги	ноги́	шагу 	
ноги	ноги́	шестой 	
ноги	ноги́	ширин 	
ноги	ноги́	ширина 	
ноги	ноги́	ширинам 	
ноги	ноги́	ширинами 	
ноги	ноги́	ширинах 	
ноги	ноги́	ширине 	
ноги	ноги́	шириной 	
ноги	ноги́	ширину 	
ноги	ноги́	ширины 	
ноги	ноги́	широкой 	
ноги	ноги́	этой 	
ноги	ноги́	этой же 	
ноги	ноги́	юношеской 	
ноздри	но́здри		 и брови
ноздри	но́здри		 и глаза
ноздри	но́здри		 и губы
ноздри	но́здри		 и кончики
ноздри	но́здри		 избавлены
ноздри	но́здри		 раздулись
ноздри	но́здри		 тех
ноздри	но́здри	в 	
ноздри	но́здри	видны 	
ноздри	но́здри	его 	
ноздри	но́здри	ей 	
ноздри	но́здри	затрепетали 	
ноздри	но́здри	и 	
ноздри	но́здри	по 	
ноздри	но́здри	прикрывающие 	
ноздри	но́здри	раздувал 	
ноздри	но́здри	раздувать 	
ноздри	но́здри	раздувая 	
ноздри	но́здри	раздул 	
ноздри	но́здри	рот и 	
ноздри	но́здри	уши и 	
ноздри	но́здри	щекотал 	
ноздри	но́здри	щекочет 	
ноздри	ноздри́	две 	
ноздри	ноздри́	из 	
ноздри	ноздри́	обе 	
ноздри	ноздри́	три 	
ноздри	ноздри́	четыре 	
номера	но́мера		 второго
номера	но́мера		 медали
номера	но́мера		 отделения
номера	но́мера		 счета
номера	но́мера		 телефона
номера	но́мера		 части я
номера	но́мера		 я не знал
номера	но́мера	апартаменты 	
номера	но́мера	вдоль 	
номера	но́мера	внутрь 	
номера	но́мера	восемнадцатого 	
номера	но́мера	восемнадцатого герцога 	
номера	но́мера	время их 	
номера	но́мера	второго 	
номера	но́мера	гибели 	
номера	но́мера	гостиничного 	
номера	но́мера	два 	
номера	но́мера	дверей 	
номера	но́мера	дверь 	
номера	но́мера	дверь его 	
номера	но́мера	дверями 	
номера	но́мера	до 	
номера	но́мера	за окнами 	
номера	но́мера	из 	
номера	но́мера	из его 	
номера	но́мера	исполнении 	
номера	но́мера	ихнего 	
номера	но́мера	к двери 	
номера	но́мера	контактного 	
номера	но́мера	мазурова 	
номера	но́мера	мимо 	
номера	но́мера	моего 	
номера	но́мера	направлении дома или 	
номера	но́мера	нашего 	
номера	но́мера	не было 	
номера	но́мера	нет 	
номера	но́мера	никакого 	
номера	но́мера	новых 	
номера	но́мера	номер 	
номера	но́мера	окно его 	
номера	но́мера	около 	
номера	но́мера	окончание 	
номера	но́мера	определитель 	
номера	но́мера	от 	
номера	но́мера	первого 	
номера	но́мера	поисках 	
номера	но́мера	пороге 	
номера	но́мера	порядкового 	
номера	но́мера	посреди 	
номера	но́мера	пятого 	
номера	но́мера	с 	
номера	но́мера	своего 	
номера	но́мера	семьдесят второй 	
номера	но́мера	серийного 	
номера	но́мера	стены 	
номера	но́мера	табличка 	
номера	но́мера	твоего 	
номера	но́мера	телефонного 	
номера	но́мера	телефонных 	
номера	но́мера	три 	
номера	но́мера	три последних 	
номера	но́мера	тринадцатого 	
номера	но́мера	указанного 	
номера	но́мера	хозяина 	
номера	но́мера	хозяину 	
номера	но́мера	хотя бы 	
номера	но́мера	четыре 	
номера	но́мера	чьего та 	
номера	но́мера	этого 	
номера	номера́		 всех проехавших
номера	номера́		 выписанных
номера	номера́		 документов
номера	номера́		 домов
номера	номера́		 из
номера	номера́		 кончаются
номера	номера́		 которых
номера	номера́		 мест
номера	номера́		 нужных
номера	номера́		 отечественных
номера	номера́		 прочесть
номера	номера́		 с
номера	номера́		 сотовых
номера	номера́		 телефонов
номера	номера́		 чуть
номера	номера́	блестящие 	
номера	номера́	в 	
номера	номера́	всем 	
номера	номера́	выкидывать 	
номера	номера́	выступать 	
номера	номера́	где 	
номера	номера́	глубь 	
номера	номера́	домашний и служебный 	
номера	номера́	знать 	
номера	номера́	имеющие 	
номера	номера́	их 	
номера	номера́	листать 	
номера	номера́	лучшие 	
номера	номера́	марки и 	
номера	номера́	набранные 	
номера	номера́	пишут 	
номера	номера́	прикреплял ему 	
номера	номера́	смени 	
номера	номера́	такие 	
номера	номера́	те 	
номера	номера́	телефонные 	
номера	номера́	только 	
номера	номера́	чужие 	
номера	номера́	чьи 	
номера	номера́	эти 	
норы	но́ры		 и птицы
норы	но́ры	дома 	
норы	но́ры	звериные 	
норы	но́ры	рыли 	
норы	но́ры	тайники и 	
норы	но́ры	чьи то 	
норы	но́ры	чьи тоъ 	
норы	норы́	внутрь 	
норы	норы́	возле их 	
норы	норы́	выход из 	
норы	норы́	две 	
норы	норы́	до 	
норы	норы́	долбаной 	
норы	норы́	из 	
норы	норы́	лисьей 	
норы	норы́	мышиной 	
норы	норы́	неплохих 	
норы	норы́	своей 	
норы	норы́	следующей 	
норы	норы́	три 	
норы	норы́	у самой 	
норы	норы́	хозяин 	
норы	норы́	хозяина 	
норы	норы́	четыре 	
носите	но́сите		 такое
носите	но́сите	вы 	
носите	но́сите	вы не 	
носите	но́сите	даже на шее 	
носите	но́сите	не 	
носите	но́сите	хоть и 	
носите	носи́те		 на здоровье
носите	носи́те		 с честью
носите	носи́те		 сами
носите	носи́те	не 	 его
носите	носи́те	никуда не 	
носка	но́ска	вечная 	
носке	но́ске	долгой 	
носу	но́су		 на поверхность
носу	но́су		 на улицу
носу	но́су		 назад
носу	но́су		 не высовывай
носу	но́су		 не высунул
носу	но́су		 не высунули
носу	но́су		 не кажет
носу	но́су		 не показывать
носу	но́су		 показывать
носу	но́су	высокому 	
носу	но́су	и 	
носу	но́су	из 	
носу	но́су	к 	
носу	но́су	к его 	
носу	но́су	к их 	
носу	но́су	к самому 	
носу	но́су	клювообразному 	
носу	но́су	комар 	
носу	но́су	моему 	
носу	но́су	не высовывать 	
носу	но́су	немалому 	
носу	но́су	никто и 	
носу	но́су	разбитому 	
носу	но́су	распухшему 	
носу	носу́	в 	
носу	носу́	на 	
ночи	но́чи		 любви
ночи	но́чи		 мглы
ночи	но́чи		 проводили
ночи	но́чи	в такие 	
ночи	но́чи	воспоминания той 	
ночи	но́чи	вурдалачьей 	
ночи	но́чи	две 	
ночи	но́чи	дитя 	
ночи	но́чи	дни и 	
ночи	но́чи	дня и 	
ночи	но́чи	до глубокой 	
ночи	но́чи	до самой 	
ночи	но́чи	доброй 	
ночи	но́чи	дождаться 	
ночи	но́чи	к 	
ночи	но́чи	крыльях 	
ночи	но́чи	наступлением 	
ночи	но́чи	наступлению 	
ночи	но́чи	наступления 	
ночи	но́чи	одной 	
ночи	но́чи	остаток 	
ночи	но́чи	отступлению 	
ночи	но́чи	первой 	
ночи	но́чи	покойной 	
ночи	но́чи	покровом 	
ночи	но́чи	полярной 	
ночи	но́чи	посреди 	
ночи	но́чи	приближение 	
ночи	но́чи	приближением 	
ночи	но́чи	раскованные 	
ночи	но́чи	с 	
ночи	но́чи	синие 	
ночи	но́чи	среди 	
ночи	но́чи	той жуткой 	
ночи	но́чи	часть 	
ночи	ночи́	багровой 	
ночи	ночи́	в 	
ночи	ночи́	в 	 этой
ночи	ночи́	в прохладной весенней 	
ночи	ночи́	пропала в 	
ночи	ночи́	след в 	
нужды	ну́жды		 чрева
нужды	ну́жды	в 	
нужды	ну́жды	военные 	
нужды	ну́жды	всякия 	
нужды	ну́жды	желания и 	
нужды	ну́жды	имеют уже 	
нужды	ну́жды	имеющих 	
нужды	ну́жды	личные 	
нужды	ну́жды	на их 	
нужды	ну́жды	оперативные 	
нужды	ну́жды	свои 	
нужды	ну́жды	хозяйственные 	
нужды	нужды́		 в
нужды	нужды́		 и бедствий
нужды	нужды́		 не
нужды	нужды́		 не будет
нужды	нужды́		 не было
нужды	нужды́		 нет
нужды	нужды́		 самому
нужды	нужды́	без 	
нужды	нужды́	больше 	
нужды	нужды́	большой 	
нужды	нужды́	будет 	
нужды	нужды́	будет вам 	
нужды	нужды́	было 	
нужды	нужды́	было ни 	
нужды	нужды́	в них 	
нужды	нужды́	в случае 	
нужды	нужды́	в том 	
нужды	нужды́	в этом 	 нет
нужды	нужды́	великой 	
нужды	нужды́	величайшей 	
нужды	нужды́	видно 	
нужды	нужды́	внутренней 	
нужды	нужды́	возникает 	
нужды	нужды́	возникало 	
нужды	нужды́	времена 	
нужды	нужды́	всей 	
нужды	нужды́	две 	
нужды	нужды́	дня 	
нужды	нужды́	до 	
нужды	нужды́	душевной 	
нужды	нужды́	знающий 	
нужды	нужды́	испытывать 	
нужды	нужды́	ихней 	
нужды	нужды́	крайней 	
нужды	нужды́	материальной 	
нужды	нужды́	моей 	
нужды	нужды́	на то 	
нужды	нужды́	на тоъ 	
нужды	нужды́	наибольшей 	
нужды	нужды́	наивысшей 	
нужды	нужды́	нашей 	
нужды	нужды́	не будет 	
нужды	нужды́	не бывает 	
нужды	нужды́	не было 	
нужды	нужды́	не видел 	
нужды	нужды́	не знали бы 	
нужды	нужды́	не имел 	
нужды	нужды́	не имелось 	
нужды	нужды́	не испытывающая 	
нужды	нужды́	не стало 	
нужды	нужды́	не терпят 	
нужды	нужды́	незначительной 	
нужды	нужды́	нет 	
нужды	нужды́	никакой 	
нужды	нужды́	особой 	
нужды	нужды́	от 	
нужды	нужды́	от жесточайшей 	
нужды	нужды́	своей 	
нужды	нужды́	страха и 	
нужды	нужды́	так 	 ж
нужды	нужды́	твоей 	
нужды	нужды́	той 	
нужды	нужды́	три 	
нужды	нужды́	тягот 	
нужды	нужды́	тягчайшей 	
нужды	нужды́	у 	
нужды	нужды́	час 	
нужды	нужды́	часам 	
нужды	нужды́	четыре 	
нужды	нужды́	чужой 	
нужды	нужды́	чьей та 	
нужды	нужды́	этой 	
обегал	обега́л		
обегал	обега́л		 большое скопление
обегал	обега́л		 стороной
обегали	обега́ли		 бы
обегали	обега́ли		 гостей
обереги	обере́ги		 никто не сделает
обереги	обере́ги	амулеты 	
обереги	обере́ги	в 	
обереги	обере́ги	висят 	
обереги	обере́ги	заклинания 	
обереги	обере́ги	магические 	
обереги	обере́ги	на 	
обереги	обере́ги	носят 	
обереги	обере́ги	рассмотрим 	
обереги	обере́ги	слова 	
обереги	обере́ги	сплела им 	
обереги	обере́ги	топорики 	
обереги	обере́ги	что это 	
обереги	обереги́		 меня от
обитая	оби́тая		 коричневой
обитая	оби́тая		 коричневым
обитая	оби́тая	старательно 	
обитая	обита́я		 в теле
обитая	обита́я		 на суше
облака	о́блака		 дыма
облака	о́блака		 огня
облака	о́блака		 оорта
облака	о́блака	в объятия 	
облака	о́блака	вдоль 	
облака	о́блака	виде 	
облака	о́блака	внутри 	
облака	о́блака	газового 	
облака	о́блака	газопылевого 	
облака	о́блака	гаснущего 	
облака	о́блака	гибели 	
облака	о́блака	границы 	
облака	о́блака	грибовидного 	
облака	о́блака	густого 	
облака	о́блака	два 	
облака	о́блака	дыма и 	
облака	о́блака	дымного 	
облака	о́блака	из 	
облака	о́блака	из за 	
облака	о́блака	ихнего 	
облака	о́блака	клочок 	
облака	о́блака	клубящегося 	
облака	о́блака	кометного 	
облака	о́блака	кроме 	
облака	о́блака	магелланова 	
облака	о́блака	массу 	
облака	о́блака	мимо 	
облака	о́блака	моего 	
облака	о́блака	моих 	
облака	о́блака	нашего 	
облака	о́блака	одного 	
облака	о́блака	около 	
облака	о́блака	от 	
облака	о́блака	плазменного 	
облака	о́блака	пламенного 	
облака	о́блака	плетении 	
облака	о́блака	плиты 	
облака	о́блака	плотного 	
облака	о́блака	по поводу 	
облака	о́блака	поверхностью 	
облака	о́блака	поднявшегося 	
облака	о́блака	приближавшегося 	
облака	о́блака	пылевого 	
облака	о́блака	пыльного 	
облака	о́блака	радиоактивного 	
облака	о́блака	рассеивающегося 	
облака	о́блака	растущего 	
облака	о́блака	с 	
облака	о́блака	своего 	
облака	о́блака	секретер 	
облака	о́блака	сизого 	
облака	о́блака	сияющего 	
облака	о́блака	слои 	
облака	о́блака	сторону 	
облака	о́блака	танце 	
облака	о́блака	твоего 	
облака	о́блака	тенью 	
облака	о́блака	тонкая ткань 	 прикрыла
облака	о́блака	три 	
облака	о́блака	четыре 	
облака	о́блака	чьего та 	
облака	о́блака	элементами 	
облака	о́блака	этого 	
облака	облака́		 барашки
облака	облака́		 над морем
облака	облака́		 неслись
облака	облака́		 остались
облака	облака́		 пыли
облака	облака́		 стеной
облака	облака́		 такие
облака	облака́		 упали
облака	облака́	в 	
облака	облака́	вздымающиеся вверх под 	 дома
облака	облака́	видны 	
облака	облака́	вырвались 	
облака	облака́	горы и 	
облака	облака́	грозовые 	
облака	облака́	дождевые 	
облака	облака́	звезды и 	
облака	облака́	и 	 -
облака	облака́	как 	
облака	облака́	когда 	 на
облака	облака́	коры и 	
облака	облака́	могучие 	
облака	облака́	на 	
облака	облака́	небо и 	
облака	облака́	отгоняя 	
облака	облака́	перистые 	
облака	облака́	плотные 	
облака	облака́	плывущие 	
облака	облака́	под 	
облака	облака́	поднял 	
облака	облака́	протыкал 	
облака	облака́	птиц и 	
облака	облака́	серебряные 	
облака	облака́	серые 	
облака	облака́	сквозь 	
облака	облака́	средние 	
облака	облака́	табачные 	
облака	облака́	те 	
облака	облака́	эти 	
облачка	о́блачка	без 	
облачка	о́блачка	единого 	
облачка	о́блачка	малейшего 	
облачка	о́блачка	ни 	
облачка	о́блачка	ни единого 	
облачка	о́блачка	ни одного 	
облачка	о́блачка	одного 	
облачка	облачка́		 ледяных
облачка	облачка́		 морозного
облачка	облачка́		 пара
облачка	облачка́		 праха
облачка	облачка́	в 	
облачка	облачка́	на 	
облачка	облачка́	покажи 	
облачка	облачка́	последние 	
облачка	облачка́	светящиеся 	
облачка	облачка́	сизые 	
облачка	облачка́	сквозь 	
облачка	облачка́	средние 	
облачка	облачка́	те 	
облачка	облачка́	убери 	
облачка	облачка́	через 	
обману	обма́ну	к 	
обману	обма́ну	оптическому 	
обману	обма́ну	поддающийся 	
обману	обману́	я 	
обмер	о́бмер		 в изумлении
обмер	о́бмер	будто 	
обмер	о́бмер	весь и 	
обмер	о́бмер	он 	
обмер	о́бмер	повернул голову и 	
образа	о́браза		 и подобия
образа	о́браза		 мастера
образа	о́браза		 ноги
образа	о́браза		 руки
образа	о́браза	из 	
образа	о́браза	нет ни дела, ни 	
образа	образа́		 ваши
образа	образа́		 наши
образа	образа́		 сами
образа	образа́	в 	
образа	образа́	в углу 	
образа	образа́	ваши 	
образа	образа́	заброшенные 	
образа	образа́	на 	
образа	образа́	наши 	
образа	образа́	о 	
образа	образа́	об 	
образа	образа́	под 	
образа	образа́	сами 	
образа	образа́	святые 	
образа	образа́	сквозь 	
образа	образа́	те 	
образа	образа́	через 	
образа	образа́	эти 	
образам	о́бразам		 ноги
образам	о́бразам		 руки
образами	о́бразами		 ноги
образами	о́бразами		 руки
образах	о́бразах		 ноги
образах	о́бразах		 руки
образов	о́бразов		 ноги
образов	образо́в	череда 	
обрезать	обреза́ть		 длинные
обрезать	обреза́ть	давайте 	
обрезать	обреза́ть	начала 	
обрезать	обреза́ть	принялся 	
обрезать	обреза́ть	упрощать, 	
обсыпать	обсыпа́ть	стал 	
обсыпать	обсыпа́ть	стала 	
обходите	обходи́те		 стороной
обходитесь	обходи́тесь		 своими силами
объявите	объя́вите	вы 	
овцы	о́вцы		 и холмы
овцы	о́вцы		 целы
овцы	о́вцы	бы его 	
овцы	о́вцы	волки и 	
овцы	о́вцы	дзр 	
овцы	о́вцы	как 	
овцы	о́вцы	люди 	
овцы	о́вцы	словно 	
овцы	о́вцы	точно 	
овцы	о́вцы	трава и 	
овцы	овцы́	блеянию 	
овцы	овцы́	возле 	
овцы	овцы́	второй 	
овцы	овцы́	голову 	
овцы	овцы́	две 	
овцы	овцы́	другой 	
овцы	овцы́	игрушечной 	
овцы	овцы́	лукавой 	
овцы	овцы́	одной 	
овцы	овцы́	от 	 или козы
овцы	овцы́	паршивой 	
овцы	овцы́	первой 	
овцы	овцы́	рисунком 	
овцы	овцы́	свежезарезанной 	
овцы	овцы́	трески и 	
овцы	овцы́	третьей 	
овцы	овцы́	три 	
овцы	овцы́	у 	
овцы	овцы́	человека и 	
овцы	овцы́	четыре 	
одержим	одержи́м		 бесом
одержим	одержи́м		 дьяволом
одержим	одержи́м	был 	
одержим	одержи́м	я не 	
озера	о́зера		 или дома
озера	о́зера		 не было
озера	о́зера	безымянного 	
озера	о́зера	берег 	
озера	о́зера	берега 	
озера	о́зера	берегам 	
озера	о́зера	берегом 	
озера	о́зера	берегу 	
озера	о́зера	близ 	 или реки
озера	о́зера	в районе 	
озера	о́зера	вдоль 	
озера	о́зера	вдоль берега 	
озера	о́зера	вид 	
озера	о́зера	вода 	
озера	о́зера	водопада и 	
озера	о́зера	воду 	
озера	о́зера	воды 	
озера	о́зера	возле 	
озера	о́зера	вокруг 	
озера	о́зера	глади 	
озера	о́зера	гладью 	
озера	о́зера	глубинах 	
озера	о́зера	горного 	
озера	о́зера	два 	
озера	о́зера	дна 	
озера	о́зера	дне 	
озера	о́зера	дно 	
озера	о́зера	дну 	
озера	о́зера	до 	
озера	о́зера	достичь 	
озера	о́зера	другого 	
озера	о́зера	зеркале 	
озера	о́зера	зимнего 	
озера	о́зера	из 	
озера	о́зера	к берегу 	
озера	о́зера	какого то 	
озера	о́зера	какого тоъ 	
озера	о́зера	конце 	
озера	о́зера	край 	
озера	о́зера	края 	
озера	о́зера	круглого 	
озера	о́зера	кусок 	
озера	о́зера	лебединого 	
озера	о́зера	ледяного 	
озера	о́зера	маленького 	
озера	о́зера	мимо 	
озера	о́зера	на берега 	
озера	о́зера	на берегу 	
озера	о́зера	на глади 	
озера	о́зера	натиском 	
озера	о́зера	небольшого 	
озера	о́зера	обзор 	
озера	о́зера	обход 	
озера	о́зера	около 	
озера	о́зера	окрестности 	
озера	о́зера	окрестностях 	
озера	о́зера	островке 	
озера	о́зера	от 	
озера	о́зера	от берега 	
озера	о́зера	по берегу 	
озера	о́зера	поверхности 	
озера	о́зера	поверхность 	
озера	о́зера	поверхностью 	
озера	о́зера	подземного 	
озера	о́зера	посреди 	
озера	о́зера	ручейка или 	
озера	о́зера	с 	
озера	о́зера	самого 	
озера	о́зера	середине 	
озера	о́зера	серединой 	
озера	о́зера	середины 	
озера	о́зера	со стороны 	
озера	о́зера	стороне 	
озера	о́зера	сторону 	
озера	о́зера	тихого 	
озера	о́зера	у 	
озера	о́зера	у самой кромки 	
озера	о́зера	холодного 	
озера	о́зера	центре 	
озера	о́зера	чаше 	
озера	о́зера	чудовищу 	
озера	озё́ра		 берете
озера	озё́ра		 заросли
озера	озё́ра		 и заводи
озера	озё́ра		 и острова
озера	озё́ра		 и предгорья
озера	озё́ра		 и реки
озера	озё́ра		 и ущелья
озера	озё́ра		 кипящей
озера	озё́ра	блюдами 	
озера	озё́ра	болота и 	
озера	озё́ра	будто 	
озера	озё́ра	в 	
озера	озё́ра	в реки и 	
озера	озё́ра	великие 	
озера	озё́ра	высыхают 	
озера	озё́ра	вытянутые 	
озера	озё́ра	горами 	
озера	озё́ра	горы и 	
озера	озё́ра	горы, 	
озера	озё́ра	заливы и 	
озера	озё́ра	заросли 	
озера	озё́ра	земли и 	
озера	озё́ра	леса и 	
озера	озё́ра	мелкие 	
озера	озё́ра	на реки и 	
озера	озё́ра	неглубокие 	
озера	озё́ра	отсверкивали 	
озера	озё́ра	потоки и 	
озера	озё́ра	пруды и 	
озера	озё́ра	реки 	
озера	озё́ра	реки и 	
озера	озё́ра	реки, 	
озера	озё́ра	речки, 	
озера	озё́ра	соседние 	
озера	озё́ра	средние 	
озера	озё́ра	такие 	
озера	озё́ра	те 	
озера	озё́ра	только 	
озера	озё́ра	тут 	
озера	озё́ра	холмы и 	
окна	о́кна		 амбразуры
окна	о́кна		 арки
окна	о́кна		 были
окна	о́кна		 в
окна	о́кна		 в домах
окна	о́кна		 выходили
окна	о́кна		 выходят
окна	о́кна		 двери
окна	о́кна		 двух
окна	о́кна		 дома
окна	о́кна		 домов
окна	о́кна		 донеслись
окна	о́кна		 духа
окна	о́кна		 замка
окна	о́кна		 занавешенные
окна	о́кна		 занавешены
окна	о́кна		 зданий
окна	о́кна		 и входы
окна	о́кна		 и двери
окна	о́кна		 и дверь
окна	о́кна		 и замки
окна	о́кна		 и статуи
окна	о́кна		 или двери
окна	о́кна		 комнаты
окна	о́кна		 которого
окна	о́кна		 мыть
окна	о́кна		 наглухо
окна	о́кна		 неудачно
окна	о́кна		 обращены
окна	о́кна		 опустели
окна	о́кна		 открыты
окна	о́кна		 покрыты
окна	о́кна		 сияют
окна	о́кна		 следует
окна	о́кна		 узкие
окна	о́кна		 целы
окна	о́кна		 цеха
окна	о́кна		 щели
окна	о́кна	а 	 -
окна	о́кна	а 	 на
окна	о́кна	бить 	
окна	о́кна	боковые 	
окна	о́кна	были 	
окна	о́кна	в 	
окна	о́кна	все 	
окна	о́кна	вскрывать 	
окна	о́кна	выбивает 	
окна	о́кна	выбило 	
окна	о́кна	выбитого 	
окна	о́кна	выводит 	
окна	о́кна	вымоем 	
окна	о́кна	вымыла 	
окна	о́кна	вымыть 	
окна	о́кна	высоких 	
окна	о́кна	гасли 	
окна	о́кна	где 	
окна	о́кна	глаза 	
окна	о́кна	двери 	
окна	о́кна	двери и 	
окна	о́кна	двери, 	
окна	о́кна	дверь и 	
окна	о́кна	доме 	
окна	о́кна	его 	
окна	о́кна	есть 	
окна	о́кна	есть тут 	
окна	о́кна	завесите 	
окна	о́кна	завешивай 	
окна	о́кна	закрывать 	
окна	о́кна	закрыл 	
окна	о́кна	закрыты ли 	
окна	о́кна	затемнить 	
окна	о́кна	имелись 	
окна	о́кна	как 	
окна	о́кна	как очки или 	
окна	о́кна	лишь 	
окна	о́кна	многие 	
окна	о́кна	многостворчатые 	
окна	о́кна	мои 	
окна	о́кна	мыла 	
окна	о́кна	мыть 	
окна	о́кна	на 	
окна	о́кна	на его 	
окна	о́кна	настежь 	
окна	о́кна	наши 	
окна	о́кна	немногие 	
окна	о́кна	но 	
окна	о́кна	осмотрел 	
окна	о́кна	оставив 	
окна	о́кна	откроются 	
окна	о́кна	открыли 	
окна	о́кна	открытые 	
окна	о́кна	открыть 	
окна	о́кна	очищая 	
окна	о́кна	под 	
окна	о́кна	покажи 	
окна	о́кна	покрыв 	
окна	о́кна	полы и 	
окна	о́кна	поменять 	
окна	о́кна	разбитые 	
окна	о́кна	распахивая 	
окна	о́кна	сами 	
окна	о́кна	самые 	
окна	о́кна	свои 	
окна	о́кна	сквозь 	
окна	о́кна	со звоном распахнулись 	
окна	о́кна	соседние 	
окна	о́кна	сплошь 	
окна	о́кна	средние 	
окна	о́кна	стенах и 	
окна	о́кна	стены и 	
окна	о́кна	стрельчатые 	
окна	о́кна	считая 	
окна	о́кна	там 	 на
окна	о́кна	твои 	
окна	о́кна	те 	
окна	о́кна	то 	
окна	о́кна	только 	
окна	о́кна	только 	 с
окна	о́кна	только 	 с каменными
окна	о́кна	тоъ 	
окна	о́кна	убери 	
окна	о́кна	узкие 	
окна	о́кна	узнал 	
окна	о́кна	укрепить 	
окна	о́кна	через 	
окна	о́кна	что 	
окна	о́кна	чьи та 	
окна	о́кна	эти 	
окна	о́кна	это действительно 	
окна	окна́	алюминиевой рамы 	
окна	окна́	в направлении 	
окна	окна́	в сторону 	
окна	окна́	возле 	
окна	окна́	до 	 дома
окна	окна́	другого 	
окна	окна́	из 	
окна	окна́	из 	 дома
окна	окна́	из за 	
окна	окна́	маленького 	
окна	окна́	место - напротив 	
окна	окна́	моего 	
окна	окна́	на самом краю 	
окна	окна́	на фоне 	
окна	окна́	не имела 	
окна	окна́	не считая 	
окна	окна́	от 	
окна	окна́	от 	 дома
окна	окна́	открытого 	
окна	окна́	открытого настежь 	
окна	окна́	положение 	
окна	окна́	проплывающие мимо 	
окна	окна́	разбитого 	 то
окна	окна́	разбитого 	 тоъ
окна	окна́	раскрытого настежь 	
окна	окна́	с его 	
окна	окна́	своего 	
окна	окна́	села у 	
окна	окна́	стоит у 	
окна	окна́	стороны 	
окна	окна́	стоя у 	
окна	окна́	стоявшего у самого 	
окна	окна́	стоявшую у самого 	
окна	окна́	стоящий у 	
окна	окна́	стоящим напротив 	
окна	окна́	стоящим у 	
окна	окна́	терминала и 	
окна	окна́	того же 	
окна	окна́	у 	
окна	окна́	у 	 стоит
окна	окна́	у края 	
окна	окна́	у нужного 	
окна	окна́	у самого 	
окна	окна́	части 	
окорока	окорока́		 ваши
окорока	окорока́		 наши
окорока	окорока́		 сами
окорока	окорока́	в 	
окорока	окорока́	ваши 	
окорока	окорока́	наши 	
окорока	окорока́	о 	
окорока	окорока́	об 	
окорока	окорока́	под 	
окорока	окорока́	покажи 	
окорока	окорока́	сами 	
окорока	окорока́	сквозь 	
окорока	окорока́	словно 	
окорока	окорока́	те 	
окорока	окорока́	убери 	
окорока	окорока́	через 	
окорока	окорока́	эти 	
округе	о́круге		 колумбия
округе	о́круге	нашем 	
округе	окру́ге		 вести
округе	окру́ге	в 	
округе	окру́ге	в вашей 	
округе	окру́ге	всей 	
округе	окру́ге	и 	
округе	окру́ге	известной в 	
округе	окру́ге	по 	
округу	окру́гу		 держит
округу	окру́гу	всю 	
округу	окру́гу	на всю 	
округу	окру́гу	обследовали 	
округу	окру́гу	оглядев 	
округу	окру́гу	освещая 	
округу	окру́гу	осматривая 	
округу	окру́гу	патрулирующих 	
округу	окру́гу	следует 	
окуни	о́куни	водятся 	
окуни	о́куни	что 	
опали	опа́ли	как 	
опали	опа́ли	тут же 	
опали	опа́ли	цветы 	
описалась	опи́салась		 на
описалась	опи́салась		 перед всеми
описалась	опи́салась		 по дороге
описалась	опи́салась		 при
описалась	опи́салась	испугалась и 	
описалась	опи́салась	не 	
описалась	опи́салась	ночью я 	
описалась	опи́салась	чуть не 	
оплатите	опла́тите	вы 	
оплатите	опла́тите	если вы 	
оплатите	опла́тите	не 	
оплачу	оплачу́	кармана 	
оплачу	оплачу́	штраф 	
опустите	опу́стите	когда 	
опустите	опусти́те	вы 	
опуститесь	опу́ститесь	когда вы 	
орган	о́рган		 чувств
орган	о́рган	детородный 	
орган	о́рган	судебный 	
орган	орга́н		 зазвучал
орган	орга́н		 звучал
орган	орга́н		 ревел
орган	орга́н	зазвучал 	
орган	орга́н	старинный 	
орган	орга́н	церковный 	
органа	о́ргана		 боли
органа	о́ргана		 в церкви
органа	о́ргана		 зрения
органа	о́ргана		 физического
органа	о́ргана		 чувств
органа	о́ргана	внутреннего 	
органа	о́ргана	каждого 	
органа	о́ргана	кошачьего 	
органа	о́ргана	нет этого 	
органа	о́ргана	физического 	
органа	орга́на	звуками 	
органа	орга́на	звуки 	
органа	орга́на	звучание 	
органа	орга́на	клавиатура 	
органа	орга́на	клавиатуре 	
органа	орга́на	мелодия 	
органа	орга́на	напор 	
органа	орга́на	нового 	
органам	о́рганам		 воспроизведения
органам	о́рганам	половым 	
органам	о́рганам	помощь 	
органах	о́рганах		 нервной системы
органе	о́ргане	детородном 	
органе	орга́не	на 	
органе	орга́не	струнах в 	
органе	орга́не	струнах и 	
органе	орга́не	церкви на 	
органов	о́рганов		 зрения
органов	о́рганов		 физического
органов	о́рганов		 чувств
органов	о́рганов	в перечне 	
органов	о́рганов	детородных 	
органов	о́рганов	обонятельных 	
органов	о́рганов	пересадки 	
органов	о́рганов	пищеварительных 	
органов	о́рганов	половина его 	
органов	о́рганов	половых 	
органов	о́рганов	правоохранительных 	
органов	о́рганов	представитель 	
органов	о́рганов	сотрудник 	
органом	орга́ном	оркестра с 	
органы	о́рганы		 жены
органы	о́рганы	больные 	
органы	о́рганы	внутренние 	
органы	о́рганы	ребра и внутренние 	
ордена	о́рдена		 феникса
ордена	о́рдена	аббаты нашего 	
ордена	о́рдена	библиотек 	
ордена	о́рдена	браслет 	
ордена	о́рдена	в обычае 	
ордена	о́рдена	в одежде 	
ордена	о́рдена	вашего 	
ордена	о́рдена	вдоль 	
ордена	о́рдена	величие 	
ордена	о́рдена	верхушки 	
ордена	о́рдена	взаимоотношения его 	
ордена	о́рдена	власти 	
ордена	о́рдена	власть 	
ордена	о́рдена	влияние 	
ордена	о́рдена	вне 	
ордена	о́рдена	воинского 	
ордена	о́рдена	войнам 	
ордена	о́рдена	войнов 	
ордена	о́рдена	войск 	
ордена	о́рдена	войска 	
ордена	о́рдена	вояками 	
ордена	о́рдена	вояки 	
ордена	о́рдена	всего 	
ордена	о́рдена	вырождения 	
ордена	о́рдена	генерал 	
ордена	о́рдена	гибели 	
ордена	о́рдена	глава 	
ордена	о́рдена	главе 	
ордена	о́рдена	главы 	
ордена	о́рдена	гланского 	
ордена	о́рдена	группу 	
ордена	о́рдена	группы 	
ордена	о́рдена	девиза 	
ордена	о́рдена	делам 	
ордена	о́рдена	дело 	
ордена	о́рдена	для 	
ордена	о́рдена	до 	
ордена	о́рдена	древнейшего 	
ордена	о́рдена	жрицей 	
ордена	о́рдена	забытого 	
ордена	о́рдена	задаче 	
ордена	о́рдена	записями 	
ордена	о́рдена	запретами 	
ордена	о́рдена	запреты 	
ордена	о́рдена	затейливого 	
ордена	о́рдена	землях 	
ордена	о́рдена	знаком 	
ордена	о́рдена	золотые времена 	
ордена	о́рдена	зрения 	
ордена	о́рдена	из 	
ордена	о́рдена	из иного 	
ордена	о́рдена	именем 	
ордена	о́рдена	имущества 	
ордена	о́рдена	имуществом 	
ордена	о́рдена	иного 	
ордена	о́рдена	инструкции 	
ордена	о́рдена	истории 	
ордена	о́рдена	кавалер 	
ордена	о́рдена	каждого 	
ордена	о́рдена	казармы 	
ордена	о́рдена	какого то 	
ордена	о́рдена	какого тоъ 	
ордена	о́рдена	капитуле 	
ордена	о́рдена	касается 	
ордена	о́рдена	клюнийского 	
ордена	о́рдена	козни 	
ордена	о́рдена	командованию 	
ордена	о́рдена	командора 	
ордена	о́рдена	корабле 	
ордена	о́рдена	кораблей 	
ордена	о́рдена	корабли 	
ордена	о́рдена	корабль 	
ордена	о́рдена	корабля 	
ордена	о́рдена	корвета 	
ордена	о́рдена	красотой 	
ордена	о́рдена	кресты 	
ордена	о́рдена	лапы 	
ордена	о́рдена	магического 	
ордена	о́рдена	мастер 	
ордена	о́рдена	матери 	
ордена	о́рдена	машины 	
ордена	о́рдена	миру 	
ордена	о́рдена	монахов 	
ордена	о́рдена	одежды 	
ордена	о́рдена	основателей 	
ордена	о́рдена	остатки 	
ордена	о́рдена	от 	
ордена	о́рдена	плащ 	
ордена	о́рдена	плаще 	
ордена	о́рдена	пол 	
ордена	о́рдена	пользу 	
ордена	о́рдена	помощь 	
ордена	о́рдена	посланцы 	
ордена	о́рдена	послушником 	
ордена	о́рдена	представитель 	
ордена	о́рдена	против 	
ордена	о́рдена	радости всего 	
ордена	о́рдена	репутация 	
ордена	о́рдена	рыцарь 	
ордена	о́рдена	рыцаря 	
ордена	о́рдена	своих 	
ордена	о́рдена	средневекового 	
ордена	о́рдена	старшинам 	
ордена	о́рдена	судьба 	
ордена	о́рдена	тайного 	
ордена	о́рдена	того 	
ордена	о́рдена	того же 	
ордена	о́рдена	упразднения 	
ордена	о́рдена	уставе 	
ордена	о́рдена	факельщиком 	
ордена	о́рдена	флот 	
ордена	о́рдена	флотом 	
ордена	о́рдена	форме 	
ордена	о́рдена	форму 	
ордена	о́рдена	францисканского 	
ордена	о́рдена	хоругви 	
ордена	о́рдена	хранителем 	
ордена	о́рдена	целей 	
ордена	о́рдена	церкви и 	
ордена	о́рдена	церковь 	
ордена	о́рдена	цитадели 	
ордена	о́рдена	цитадель 	
ордена	о́рдена	честь 	
ордена	о́рдена	четыре 	
ордена	о́рдена	член 	
ордена	о́рдена	членами 	
ордена	о́рдена	членом 	
ордена	о́рдена	члены 	
ордена	о́рдена	члены 	 были
ордена	о́рдена	школу 	
ордена	о́рдена	элементы 	
ордена	о́рдена	эмблема 	
ордена	о́рдена	эмблемой 	
ордена	ордена́		 бою
ордена	ордена́		 вручались
ордена	ордена́		 и медали
ордена	ордена́		 красной звезды и красного
ордена	ордена́		 сверкают
ордена	ордена́		 та монашеские
ордена	ордена́		 увесистые
ордена	ордена́		 эти
ордена	ордена́	а 	 на груди
ордена	ордена́	блестят 	
ордена	ордена́	в 	
ордена	ордена́	дедовы 	
ордена	ордена́	деньги и 	
ордена	ордена́	золотые 	
ордена	ордена́	медали и 	
ордена	ордена́	новые 	
ордена	ордена́	пообещав 	
ордена	ордена́	раздал 	
ордена	ордена́	создавать 	
ордена	ордена́	тебе - 	
ордера	о́рдера		 нет
ордера	о́рдера		 у нас
ордера	о́рдера	без 	
ордера	о́рдера	внутри 	
ордера	о́рдера	добиться 	 на обыск.
ордера	о́рдера	соответствующего 	
ордера	ордера́		 ваши
ордера	ордера́		 наши
ордера	ордера́		 сами
ордера	ордера́	в 	
ордера	ордера́	ваши 	
ордера	ордера́	наши 	
ордера	ордера́	о 	
ордера	ордера́	об 	
ордера	ордера́	под 	
ордера	ордера́	сами 	
ордера	ордера́	сквозь 	
ордера	ордера́	те 	
ордера	ордера́	через 	
ордера	ордера́	эти 	
орды	о́рды		 чингисхана
орды	о́рды	а 	 же
орды	о́рды	в 	
орды	о́рды	ваши 	
орды	о́рды	надменные 	
орды	о́рды	отправляли на них 	
орды	о́рды	через 	
орды	о́рды	эти 	
орды	орды́	выродившейся 	
орды	орды́	дикой 	
осел	осе́л		 бы где нибудь
осел	осе́л		 в
осел	осе́л		 в кресло
осел	осе́л		 в песок
осел	осе́л		 в снег
осел	осе́л		 в толпу
осел	осе́л		 вначале
осел	осе́л		 где нибудь
осел	осе́л		 иней
осел	осе́л		 на
осел	осе́л		 на землю
осел	осе́л		 на колени
осел	осе́л		 набок
осел	осе́л		 назад
осел	осе́л		 наземь
осел	осе́л		 неприятный
осел	осе́л		 он на районе
осел	осе́л		 по стене
осел	осе́л		 со стоном
осел	осе́л		 целый
осел	осе́л	аппарата 	
осел	осе́л	бессильно 	
осел	осе́л	бесшумно 	
осел	осе́л	вот и я здесь 	
осел	осе́л	грузно 	
осел	осе́л	и 	 на
осел	осе́л	иней 	
осел	осе́л	как то вдруг 	
осел	осе́л	как то сразу 	
осел	осе́л	как тоъ вдруг 	
осел	осе́л	как тоъ сразу 	
осел	осе́л	когда он 	
осел	осе́л	который 	
осел	осе́л	крякнул и 	
осел	осе́л	куст 	
осел	осе́л	мгновенно 	
осел	осе́л	медленно 	
осел	осе́л	месяцев 	
осел	осе́л	мешковато 	
осел	осе́л	на месте и 	
осел	осе́л	не 	 в
осел	осе́л	неглубоко 	
осел	осе́л	немного 	
осел	осе́л	нескольких местах 	
осел	осе́л	неуклюже 	
осел	осе́л	нехотя 	
осел	осе́л	он 	 всем
осел	осе́л	он 	 около
осел	осе́л	он 	 под
осел	осе́л	он 	 почти
осел	осе́л	охнул и 	
осел	осе́л	плавно 	
осел	осе́л	пока не 	
осел	осе́л	поначалу 	 в
осел	осе́л	резко 	
осел	осе́л	сжался и 	
осел	осе́л	скрежетом 	
осел	осе́л	слегка 	
осел	осе́л	снег 	
осел	осе́л	снова 	
осел	осе́л	сразу 	
осел	осе́л	то весь 	
осел	осе́л	тот 	 с
осел	осе́л	тот тоже 	
осел	осе́л	тяжело 	
осел	осе́л	уже 	
осел	осе́л	хрустнул и 	
осел	осе́л	чуть 	
осел	осё́л		 -
осел	осё́л		 вы
осел	осё́л		 может
осел	осё́л	вы 	
осел	осё́л	глуп как 	
осел	осё́л	глупый как 	
осел	осё́л	именно как 	
осел	осё́л	как 	
осел	осё́л	ленив как 	
осел	осё́л	не 	 ли я
осел	осё́л	нибудь как 	
осел	осё́л	ну и 	 же ты
осел	осё́л	он как 	
осел	осё́л	ревел как 	
осел	осё́л	себя как 	
осел	осё́л	старый 	
осел	осё́л	тащил 	
осел	осё́л	туп как 	
осел	осё́л	тупой как 	
осел	осё́л	ты как 	
осел	осё́л	упирается как 	
осел	осё́л	упирался как 	
осел	осё́л	упрям как 	
осел	осё́л	упряма как 	
осел	осё́л	упрямая как 	
осел	осё́л	упрямо как 	
осел	осё́л	упрямой как 	
осел	осё́л	упрямый как 	
осел	осё́л	упрямым как 	
осел	осё́л	я как 	
осени	о́сени	будущей 	
осени	о́сени	начала 	
осени	осени́		 себя
оси	о́си		 ваши
оси	о́си		 наши
оси	о́си		 сами
оси	о́си	в 	
оси	о́си	ваши 	
оси	о́си	их 	
оси	о́си	как 	
оси	о́си	каркас да 	
оси	о́си	наши 	
оси	о́си	о 	
оси	о́си	об 	
оси	о́си	по самые 	
оси	о́си	под 	
оси	о́си	сами 	
оси	о́си	сквозь 	
оси	о́си	те 	
оси	о́си	через 	
оси	о́си	эти 	
оси	оси́	в самой большой 	
оси	оси́	вдоль 	
оси	оси́	вокруг 	
оси	оси́	вокруг своей 	
оси	оси́	воображаемой 	
оси	оси́	временной 	
оси	оси́	до 	
оси	оси́	к 	
оси	оси́	наклон 	
оси	оси́	наклона 	
оси	оси́	невидимой 	
оси	оси́	отн	тельно [homo] оси [/homo]
оси	оси́	продольной 	
оси	оси́	своей 	
оси	оси́	собственной 	
оси	оси́	страны 	
осознаем	осозна́ем		
осознает	осозна́ет		
осознает	осозна́ет	вдруг 	
осознает	осознаё́т	вполне 	
осознает	осознаё́т	казалось, она не 	
осознает	осознаё́т	не 	
осознает	осознаё́т	не вполне 	
осознает	осознаё́т	он прекрасно 	
осознает	осознаё́т	полностью 	
осознает	осознаё́т	прекрасно это 	
осознает	осознаё́т	ум твой это 	
осознает	осознаё́т	что 	
осознают	осозна́ют	никогда не 	
осознают	осозна́ют	покуда не 	
осознают	осозна́ют	рано или поздно 	
осознают	осозна́ют	тогда люди постепенно 	
осознают	осознаю́т	не 	
осознают	осознаю́т	они 	
остановите	остано́вите	вы 	
остановите	остано́вите	вы не 	
остановите	остано́вите	не 	
остановите	останови́те		 их
остановите	останови́те		 свой
остановитесь	остано́витесь	если вы 	
остановитесь	остано́витесь	не 	
остановитесь	останови́тесь		 или
острова	о́строва		 крым
острова	о́строва		 мэн
острова	о́строва		 порос
острова	о́строва		 святой елены
острова	о́строва		 холоми
острова	о́строва	авиалайнера и 	
острова	о́строва	бабушкиного 	
острова	о́строва	берег 	
острова	о́строва	берега 	
острова	о́строва	берега то 	
острова	о́строва	берегах 	
острова	о́строва	берегу 	
острова	о́строва	блаженного 	
острова	о́строва	ближайшего их 	
острова	о́строва	близ 	
острова	о́строва	бойцов 	
острова	о́строва	большого 	
острова	о́строва	большую часть 	
острова	о́строва	бухте 	
острова	о́строва	в виду 	
острова	о́строва	в воды 	
острова	о́строва	в глубине 	
острова	о́строва	васильевского 	
острова	о́строва	вглубь 	
острова	о́строва	вдоль 	
острова	о́строва	верхушке 	
острова	о́строва	вершине 	
острова	о́строва	вершины 	
острова	о́строва	взрыв 	
острова	о́строва	властями 	
острова	о́строва	вместо 	
острова	о́строва	вне 	
острова	о́строва	воды 	
острова	о́строва	возле 	
острова	о́строва	вокруг 	
острова	о́строва	вражеского 	
острова	о́строва	всего 	
острова	о́строва	всех свор 	
острова	о́строва	гавани 	
острова	о́строва	гарнизона 	
острова	о́строва	герб 	
острова	о́строва	главой 	
острова	о́строва	глубине 	
острова	о́строва	глубь 	
острова	о́строва	границе 	
острова	о́строва	губернатор 	
острова	о́строва	губернатора 	
острова	о́строва	два 	
острова	о́строва	двенадцатого 	
острова	о́строва	до 	
острова	о́строва	до берега 	
острова	о́строва	до его 	
острова	о́строва	до самого 	
острова	о́строва	достигает 	
острова	о́строва	достигнет 	
острова	о́строва	достичь 	
острова	о́строва	другого 	
острова	о́строва	жителей 	
острова	о́строва	жители 	
острова	о́строва	замке 	
острова	о́строва	захвата 	
острова	о́строва	защитников 	
острова	о́строва	защиту 	
острова	о́строва	зеркала 	
острова	о́строва	знании 	
острова	о́строва	из глубины 	
острова	о́строва	изоляция 	
острова	о́строва	ихнего 	
острова	о́строва	к берегу 	
острова	о́строва	каждого 	
острова	о́строва	какого 	
острова	о́строва	какого нибудь 	
острова	о́строва	каменного 	
острова	о́строва	камышиного 	
острова	о́строва	карту 	
острова	о́строва	колонизацией 	
острова	о́строва	конце 	
острова	о́строва	край 	
острова	о́строва	крестовского 	
острова	о́строва	круг 	
острова	о́строва	летучего 	
острова	о́строва	местах 	
острова	о́строва	местонахождение 	
острова	о́строва	метр их 	
острова	о́строва	мимо 	
острова	о́строва	моего 	
острова	о́строва	на краю 	
острова	о́строва	напротив 	 песчаный
острова	о́строва	население 	
острова	о́строва	населением 	
острова	о́строва	нашего 	
острова	о́строва	не узнали бы 	
острова	о́строва	небольшого 	
острова	о́строва	обитателей 	
острова	о́строва	обитатели 	
острова	о́строва	обороны 	
острова	о́строва	огни 	
острова	о́строва	одиночестве 	
острова	о́строва	около 	
острова	о́строва	оконечности 	
острова	о́строва	оконечность 	
острова	о́строва	окраине 	
острова	о́строва	от 	
острова	о́строва	очертания 	
острова	о́строва	парящего 	
острова	о́строва	печального 	
острова	о́строва	пляжи 	
острова	о́строва	по окружности 	
острова	о́строва	побережие 	
острова	о́строва	побережье 	
острова	о́строва	побережью 	
острова	о́строва	побережья 	
острова	о́строва	погибшего 	
острова	о́строва	пол 	
острова	о́строва	половина 	
острова	о́строва	посреди 	
острова	о́строва	пределах 	
острова	о́строва	пределы 	
острова	о́строва	прикрытием 	
острова	о́строва	прокурором 	
острова	о́строва	развитие 	
острова	о́строва	родного 	
острова	о́строва	с 	
острова	о́строва	с 	 иона
острова	о́строва	с 	 ионы
острова	о́строва	с 	 на
острова	о́строва	с берега 	
острова	о́строва	своего 	
острова	о́строва	северного 	
острова	о́строва	седьмого 	
острова	о́строва	силуэт 	
острова	о́строва	скандальных 	
острова	о́строва	снабжения 	
острова	о́строва	соседнего 	
острова	о́строва	специфику 	
острова	о́строва	сторону 	
острова	о́строва	страшного 	
острова	о́строва	судьбу 	
острова	о́строва	судья 	
острова	о́строва	твоего 	
острова	о́строва	тени 	
острова	о́строва	техников 	
острова	о́строва	торгового 	
острова	о́строва	точке 	
острова	о́строва	точки 	
острова	о́строва	точку 	
острова	о́строва	траверзе 	
острова	о́строва	три 	
острова	о́строва	тридцатого 	
острова	о́строва	у 	
острова	о́строва	у 	 есть
острова	о́строва	у этого 	
острова	о́строва	уголки 	
острова	о́строва	упрямого 	
острова	о́строва	целого 	
острова	о́строва	центр 	
острова	о́строва	центре 	
острова	о́строва	центру 	
острова	о́строва	части 	
острова	о́строва	часть 	
острова	о́строва	четыре 	
острова	о́строва	чужого 	
острова	о́строва	чьего та 	
острова	о́строва	шельфе 	
острова	о́строва	экономика 	
острова	о́строва	эмблемой 	
острова	о́строва	этого 	
острова	острова́		 были
острова	острова́		 в океане
острова	острова́		 ваши
острова	острова́		 диктатуры
острова	острова́		 достаточно
острова	острова́		 есть
острова	острова́		 зажимают
острова	острова́		 знаешь
острова	острова́		 и города
острова	острова́		 и континенты
острова	острова́		 и обелиски
острова	острова́		 и реки
острова	острова́		 и суша
острова	острова́		 известны
острова	острова́		 индийского
острова	острова́		 малый таймыр
острова	острова́		 мне
острова	острова́		 могут
острова	острова́		 наши
острова	острова́		 не здесь
острова	острова́		 не имеют
острова	острова́		 осаждал,
острова	острова́		 плавали
острова	острова́		 покроются
острова	острова́		 расположены
острова	острова́		 республики
острова	острова́		 с названиями
острова	острова́		 сами
острова	острова́		 суши
острова	острова́		 шетленцкие
острова	острова́	архипелаги и 	
острова	острова́	блуждающие 	
острова	острова́	в 	
острова	острова́	ваши 	
острова	острова́	вижу 	
острова	острова́	возвратить 	
острова	острова́	высокие 	
острова	острова́	гавайские 	
острова	острова́	гебридские 	
острова	острова́	главные 	 косы
острова	острова́	доселе 	
острова	острова́	дрейфуют 	
острова	острова́	дрейфующие 	
острова	острова́	есть 	
острова	острова́	заодно и 	
острова	острова́	засекреченные 	
острова	острова́	затопляя 	
острова	острова́	земли и 	
острова	острова́	их 	
острова	острова́	какие 	
острова	острова́	какие-нибудь 	
острова	острова́	каменные 	
острова	острова́	канарские 	
острова	острова́	карибские 	
острова	острова́	континенты и 	
острова	острова́	крупные 	
острова	острова́	летающие 	
острова	острова́	многие 	
острова	острова́	мои 	
острова	острова́	на 	
острова	острова́	найти 	
острова	острова́	намывные 	
острова	острова́	находятся 	
острова	острова́	наши 	
острова	острова́	небо и 	
острова	острова́	неизвестные 	
острова	острова́	необитаемые 	
острова	острова́	нибудь 	
острова	острова́	но и 	
острова	острова́	о 	
острова	острова́	об 	
острова	острова́	огибать 	
острова	острова́	озера и 	
острова	острова́	опасные 	
острова	острова́	осваивал 	
острова	острова́	отвоевать 	
острова	острова́	отыщем 	
острова	острова́	первые 	
острова	острова́	песчаные 	
острова	острова́	плавучие 	
острова	острова́	под 	
острова	острова́	покажи 	
острова	острова́	покупать 	
острова	острова́	попадались и 	
острова	острова́	про 	
острова	острова́	пустынные 	
острова	острова́	райские 	
острова	острова́	расположены 	
острова	острова́	сами 	
острова	острова́	северный и южный 	
острова	острова́	скалистые 	
острова	острова́	сквозь 	
острова	острова́	соломоновы 	
острова	острова́	соседние 	
острова	острова́	средние 	
острова	острова́	такие 	
острова	острова́	те 	
острова	острова́	тридцатый 	
острова	острова́	убери 	
острова	острова́	ужасные 	
острова	острова́	ферейские 	
острова	острова́	харлан, 	
острова	острова́	целые 	
острова	острова́	через 	
острова	острова́	шантарские 	
острова	острова́	экзотические 	
острова	острова́	эти 	
острога	остро́га	из 	
острога	остро́га	от 	
острогу	остро́гу	к 	
острота	острота́		 зрения
острота	острота́		 потери
острота	острота́		 этой
острота	острота́	притупилась 	
остроте	остроте́	своей 	
остротой	острото́й		 бритвы
остротой	острото́й		 мысли
остротой	острото́й	с особой 	
остроты	остро́ты	две 	
остроты	остро́ты	несмешные 	
остроты	остро́ты	слушать 	
остроты	остро́ты	три 	
остроты	остро́ты	четыре 	
остроты	остроты́		 бритвы
остроты	остроты́		 слуха
остроты	остроты́	бритвенной 	
остроты	остроты́	глубины и 	
остроты	остроты́	для 	
остроты	остроты́	добавляла 	
остроты	остроты́	на пределе 	
остроты	остроты́	робкие 	
остроты	остроты́	смертоносной 	
остроты	остроты́	это придаст 	
осудите	осу́дите	не 	
осы	о́сы	словно 	
осы	осы́	золотых 	
осы	осы́	укусе 	
осыпал	осыпа́л		 меня
осыпал	осыпа́л		 поздравлениями
осыпалась	осы́палась		 кирпичная
осыпали	осыпа́ли	сначала 	
осыпались	осы́пались		 на
осыпались	осыпа́лись		 горящие листья
осыпались	осыпа́лись		 частенько
осыпались	осыпа́лись	темнели и 	
осыпался	осы́пался		 на
осыпался	осы́пался		 у него
осыпался	осы́пался	сразу 	
осыпался	осы́пался	шелестом 	
осыпался	осыпа́лся	постоянно 	
осыпался	осыпа́лся	сор 	
осыпать	осыпа́ть	принялся 	
осыпать	осыпа́ть	продолжал 	
осыпать	осыпа́ть	станет 	
осыпаться	осы́паться	успел 	
осыпаться	осыпа́ться	крошиться и 	
осыпаться	осыпа́ться	начала 	
осыпаться	осыпа́ться	начинали 	
осыпаться	осыпа́ться	начнут 	
осыпаться	осыпа́ться	стала 	
осыпаться	осыпа́ться	стали 	
отбегал	отбега́л		 в сторону
отбегал	отбега́л	почти не 	
отбегали	отбе́гали	недели 	
отбегали	отбега́ли		 на
отводите	отво́дите	вы 	
отводите	отво́дите	вы не 	
отдались	отда́лись		
отложите	отло́жите	если 	
отложите	отло́жите	если вы 	
отмели	о́тмели		 играют
отмели	о́тмели	большие 	
отмели	о́тмели	воде 	
отмели	о́тмели	галечниковой 	
отмели	о́тмели	галечной 	
отмели	о́тмели	до 	
отмели	о́тмели	есть 	
отмели	о́тмели	конце 	
отмели	о́тмели	крошечной 	
отмели	о́тмели	на 	
отмели	о́тмели	пачкая 	
отмели	о́тмели	песчаной 	
отмели	о́тмели	песчаные 	
отмели	о́тмели	прибрежной 	
отмели	отмели́		 сразу
относите	отно́сите		 себя
относите	отно́сите	себя 	
относитесь	отно́ситесь		 к
относитесь	отно́ситесь		 к тем
относитесь	отно́ситесь		 к тому
относитесь	отно́ситесь	вы 	
относитесь	отно́ситесь	к нам 	
относитесь	отно́ситесь	так 	
относитесь	относи́тесь	осторожнее 	
отпили	отпили́		 ноги
отпили	отпили́	ноги 	
отпуска	о́тпуска	бессрочного 	
отпуска	о́тпуска	время 	
отпуска	о́тпуска	день 	
отпуска	о́тпуска	для 	
отпуска	о́тпуска	дня 	
отпуска	о́тпуска	из 	
отпуска	о́тпуска	моего 	
отпуска	о́тпуска	от 	
отпуска	о́тпуска	после 	
отпуска	о́тпуска	с 	
отпуска	о́тпуска	середине 	
отпуска	о́тпуска	солдату 	
отпуска	о́тпуска	суток 	
отпуска	отпуска́	в 	
отпуска	отпуска́	ваши 	
отпуска	отпуска́	здесь 	
отпуска	отпуска́	через 	
отпуска	отпуска́	эти 	
отпустите	отпу́стите		 в батальон
отпустите	отпу́стите		 в часть
отпустите	отпу́стите		 восвояси
отпустите	отпу́стите	ведь 	
отпустите	отпу́стите	всех 	
отпустите	отпу́стите	вы 	
отпустите	отпу́стите	вы же 	
отпустите	отпу́стите	не 	
отпустите	отпу́стите	сейчас 	
отпустите	отпу́стите	что вы меня 	
отпустите	отпусти́те		 его
отпустите	отпусти́те		 ей
отпустите	отпусти́те		 ему
отпустите	отпусти́те		 им
отпустите	отпусти́те		 их
отпустите	отпусти́те		 лью!
отпустите	отпусти́те		 меня
отпустите	отпусти́те		 парня
отпустите	отпусти́те	- 	
отпустите	отпусти́те	а сейчас 	
отпустите	отпусти́те	прошу вас, 	
отпустите	отпусти́те	прошу, 	
отпустите	отпусти́те	руку 	
отпустите	отпусти́те	слуг 	
отрезали	отреза́ли		 куски
отрезали	отреза́ли		 уши
отрезали	отреза́ли	мерили и 	
отрезать	отре́зать		 и съесть
отрезать	отре́зать	не 	 ли
отрезать	отре́зать	сперва 	
отрезать	отреза́ть	начал 	
отрезать	отреза́ть	не собирался 	
отрезать	отреза́ть	принялся 	
отрезать	отреза́ть	стала 	
отсек	отсе́к		 был
отсек	отсе́к		 корабля
отсек	отсе́к		 накопитель
отсек	отсе́к		 пустотный
отсек	отсе́к		 стыковки
отсек	отсе́к		 тонет
отсек	отсе́к	грузовой 	
отсек	отсе́к	двигательный 	
отсек	отсе́к	изолированный 	
отсек	отсе́к	командный 	
отсек	отсе́к	кормовой 	
отсек	отсе́к	медицинский 	
отсек	отсе́к	моторный 	
отсек	отсе́к	носовой 	
отсек	отсе́к	один 	
отсек	отсе́к	пассажирский 	
отсек	отсе́к	полуоткрытый 	
отсек	отсе́к	ракетный 	
отсек	отсе́к	следующий 	
отсек	отсе́к	соседний 	
отсек	отсе́к	тесный 	
отсек	отсе́к	тот 	
отсек	отсе́к	трюмный 	
отсек	отсе́к	хвостовой 	
отсек	отсе́к	шлюзовой 	
отсек	отсе́к	этот 	
отсек	отсё́к		 аорту
отсек	отсё́к		 все удовольствия
отсек	отсё́к		 голову
отсек	отсё́к		 другому
отсек	отсё́к		 его
отсек	отсё́к		 его одним
отсек	отсё́к		 ей
отсек	отсё́к		 ему
отсек	отсё́к		 кисть
отсек	отсё́к		 мечом
отсек	отсё́к		 невидимую
отсек	отсё́к		 ноги
отсек	отсё́к		 перемену
отсек	отсё́к		 руки
отсек	отсё́к		 себе
отсек	отсё́к	кинжала 	
отсек	отсё́к	ловко 	
отсек	отсё́к	меня 	 не он
отсек	отсё́к	метким ударом 	
отсек	отсё́к	мечом 	
отсек	отсё́к	мысль 	
отсек	отсё́к	он 	
отсек	отсё́к	сразу 	
отсек	отсё́к	удара 	
отсек	отсё́к	ударом 	
отсеки	отсе́ки	жилые 	
отсеки	отсе́ки	на 	
оцените	оце́ните	тоже 	 это
оцените	оце́ните	это 	
падеж	падё́ж		 от
пайка	па́йка		 в коляску
пайка	па́йка		 по
пайка	па́йка		 посытнее
пайка	па́йка	чья это 	
пайка	пайка́	дневного 	
пайка	пайка́	лишить меня 	
пайка	пайка́	своего 	
пайка	пайка́	сухого 	
пайками	пайка́ми	пакетов с 	
пайке	па́йке	лишней 	
пайке	па́йке	незаметной 	
пайке	пайке́	на голодном 	
пайки	па́йки		 и воды
пайки	па́йки	своей 	
пайки	пайки́		 окажутся
пайки	пайки́	сухие 	
пайку	па́йку		 урезать
пайку	па́йку		 хлеба
пайку	па́йку	больничную 	
пайку	па́йку	налили 	
пайку	па́йку	свою 	
пайку	па́йку	скудную 	
пайку	па́йку	солдатскую 	
пайку	пайку́	к 	
пайку	пайку́	сухом 	
пали	па́ли		 бы
пали	па́ли		 в кровавых
пали	па́ли		 духом
пали	па́ли		 жертвой
пали	па́ли		 на землю
пали	па́ли		 незавидной смертью
пали	па́ли		 ниц
пали	па́ли		 смертью
пали	па́ли	бродяги 	
пали	па́ли	воинов 	
пали	па́ли	вообще не 	
пали	па́ли	все 	
пали	па́ли	героически 	
пали	па́ли	двое 	
пали	па́ли	землю 	
пали	па́ли	которой 	
пали	па́ли	крепости 	
пали	па́ли	лицо 	
пали	па́ли	метеоры 	
пали	па́ли	многие 	
пали	па́ли	мы 	
пали	па́ли	на него 	
пали	па́ли	низко 	
пали	па́ли	но 	
пали	па́ли	одного 	
пали	па́ли	они 	
пали	па́ли	орки 	
пали	па́ли	первыми 	
пали	па́ли	потом 	
пали	па́ли	резне 	
пали	па́ли	рук 	
пали	па́ли	рыцари 	
пали	па́ли	сыновья 	
пали	па́ли	тоже 	
пали	па́ли	тут же 	
пали	па́ли	уже 	
пали	пали́		 движки
парам	па́рам	молодым 	
парам	па́рам	по 	
парам	пара́м		 эфира
парам	пара́м	воздухе подобно 	
парами	па́рами		 весел
парами	па́рами		 держась
парами	па́рами		 и тройками
парами	па́рами		 пяток
парами	па́рами		 ходят
парами	па́рами	бежать будете 	
парами	па́рами	встречаются 	
парами	па́рами	группами, 	
парами	па́рами	двигайтесь 	
парами	па́рами	двумя 	
парами	па́рами	действий 	
парами	па́рами	действовать 	
парами	па́рами	дозорные 	
парами	па́рами	живут 	
парами	па́рами	и 	
парами	па́рами	между 	
парами	па́рами	поодиночке и 	
парами	па́рами	пошли 	
парами	па́рами	прибывали 	
парами	па́рами	прогуливались 	
парами	па́рами	работаем 	
парами	па́рами	располагаются 	
парами	па́рами	расхаживали 	
парами	па́рами	сдавали 	
парами	па́рами	стоят 	
парами	па́рами	тремя 	
парами	па́рами	уходили 	
парами	па́рами	фоне гор 	
парами	пара́ми		 бензина
парами	пара́ми		 пота
парами	пара́ми	алкогольными 	
парами	пара́ми	винными 	
парами	пара́ми	надышался 	
парами	пара́ми	пивными 	
парами	пара́ми	под 	
парами	пара́ми	пылью и 	
парах	па́рах	в 	
парах	па́рах	женатых 	
парах	па́рах	обеих 	
парах	па́рах	супружеских 	
парах	пара́х	в 	 воды
парах	пара́х	всех 	
парах	пара́х	на всех 	
парах	пара́х	ядовитых 	
парил	па́рил		 мне
парил	пари́л		
парил	пари́л		 в
парил	пари́л		 в черноте пространства
парил	пари́л		 высоко
парил	пари́л		 на
парил	пари́л		 над
парил	пари́л		 перед ней
парил	пари́л		 под этими
парил	пари́л		 сантиметрах в
парил	пари́л		 чей то
парил	пари́л		 чей тоъ
парил	пари́л	замок 	
парил	пари́л	медленно 	
парил	пари́л	но дух 	
парил	пари́л	свободно 	
парил	пари́л	я 	
парила	пари́ла		
парила	пари́ла		 в
парила	пари́ла		 высоко
парила	пари́ла		 давешняя
парила	пари́ла		 крохотная
парила	пари́ла		 над
парила	пари́ла		 неизвестно где
парила	пари́ла		 птица
парила	пари́ла		 рядом
парила	пари́ла	в воздухе 	
парила	пари́ла	воздухе 	
парила	пари́ла	вокруг 	
парила	пари́ла	вышине 	
парила	пари́ла	девушка 	
парила	пари́ла	над ней 	
парила	пари́ла	над нею 	
парила	пари́ла	над ним 	
парила	пари́ла	над ними 	
парила	пари́ла	облаками 	
парила	пари́ла	свободно 	
парила	пари́ла	тень 	
парили	па́рили		 в бане
парили	па́рили		 ноги
парили	пари́ли		
парили	пари́ли		 белые
парили	пари́ли		 в
парили	пари́ли		 в воздухе
парили	пари́ли		 грифы
парили	пари́ли		 крылатые
парили	пари́ли		 мелкие
парили	пари́ли		 на
парили	пари́ли		 над
парили	пари́ли		 некие подобия
парили	пари́ли		 они над
парили	пари́ли		 редкие
парили	пари́ли		 рядом
парили	пари́ли		 среди
парили	пари́ли		 чайки
парили	пари́ли		 шесть
парили	пари́ли	в беспорядке 	
парили	пари́ли	вышине 	
парили	пари́ли	мирно 	
парили	пари́ли	мы так 	
парили	пари́ли	птицы 	
парили	пари́ли	словно 	
парило	па́рило		 вовсю
парило	пари́ло		
парило	пари́ло	над верующими 	
парит	па́рит	не 	
парит	па́рит	ноги 	
парит	па́рит	тебя 	
парит	пари́т		
парит	пари́т		 в
парит	пари́т		 в воздухе
парит	пари́т		 в небе
парит	пари́т		 над
парит	пари́т		 прямо над
парить	па́рить		 ноги
парить	пари́ть		
паришь	па́ришь	мозги 	
паришь	пари́шь		
парком	парко́м	горячим 	
парку	па́рку	по 	
парку	парку́	добавим 	
парная	па́рная		 композиция
парная	па́рная		 спираль
парного	парно́го		 молока
парного	парно́го		 молочка
парного	парно́го		 не пил
парного	парно́го		 не пью
парного	парно́го	кусок 	 мяса
парного	парно́го	молока 	
парного	парно́го	молочка 	
парное	парно́е		 молоко
парное	парно́е		 молочко
парное	парно́е		 мясо
парное	парно́е	молоко 	
парное	парно́е	молочко 	
парной	парно́й		 бане
парной	парно́й		 кровью
парной	парно́й	были в 	
парной	парно́й	в этой 	
парной	парно́й	сауне или 	
парном	парно́м		 молоке
парную	парну́ю		 баню
парную	парну́ю		 телятину
парную	парну́ю	в 	
парную	парну́ю	говядинку 	
парную	парну́ю	русскую 	
парным	па́рным		 к
парным	па́рным		 с
парным	па́рным	был 	
парным	парны́м		 молоком
парных	па́рных		 постов
парных	па́рных		 радио
паром	па́ром		 выходила
паром	па́ром		 из ноздрей
паром	па́ром	белым 	
паром	па́ром	брызнули 	
паром	па́ром	взвилась 	
паром	па́ром	винным 	
паром	па́ром	водяным 	
паром	па́ром	воздух 	
паром	па́ром	горячим 	
паром	па́ром	грудь 	
паром	па́ром	густым 	
паром	па́ром	душистым 	
паром	па́ром	дымом и 	
паром	па́ром	дышала 	
паром	па́ром	дышащих 	
паром	па́ром	истекал 	
паром	па́ром	истекающих 	
паром	па́ром	исходил 	
паром	па́ром	исходила 	
паром	па́ром	исходит 	
паром	па́ром	исходящей 	
паром	па́ром	исходящие 	
паром	па́ром	исходящий 	
паром	па́ром	исходящую 	
паром	па́ром	клекоча 	
паром	па́ром	клубилась 	
паром	па́ром	курилась 	
паром	па́ром	курился 	
паром	па́ром	курящиеся 	
паром	па́ром	курящийся 	
паром	па́ром	курящихся 	
паром	па́ром	над 	
паром	па́ром	наполнилась 	
паром	па́ром	наполнились 	
паром	па́ром	наполнилось 	
паром	па́ром	наполнился 	
паром	па́ром	насыщенный 	
паром	па́ром	обжечься 	
паром	па́ром	перегретым 	
паром	па́ром	плевались 	
паром	па́ром	подогревали 	
паром	па́ром	попыхивающий 	
паром	па́ром	пошла 	
паром	па́ром	пыхтя 	
паром	па́ром	с 	
паром	па́ром	сладким 	
паром	па́ром	снежинками и 	
паром	па́ром	сочиться 	
паром	паро́м		 заработает
паром	паро́м		 только для
паром	паро́м		 через
паром	паро́м	за 	
паром	паро́м	на то тебе и 	
паром	паро́м	ночной 	
паром	паро́м	показался 	
паром	паро́м	проплывает 	
паром	паро́м	пустой 	
паром	паро́м	садиться на 	
паруса	па́руса	аналогом 	
паруса	па́руса	больших 	
паруса	па́руса	вдоль 	
паруса	па́руса	ветром 	
паруса	па́руса	гибели 	
паруса	па́руса	два 	
паруса	па́руса	дырявого 	
паруса	па́руса	единого 	
паруса	па́руса	затягивание 	
паруса	па́руса	из 	
паруса	па́руса	края 	
паруса	па́руса	кусок 	
паруса	па́руса	кусочек 	
паруса	па́руса	магического 	
паруса	па́руса	мимо 	
паруса	па́руса	моего 	
паруса	па́руса	наличие 	
паруса	па́руса	ни одного 	
паруса	па́руса	около 	
паруса	па́руса	остатки 	
паруса	па́руса	от 	
паруса	па́руса	поверх 	
паруса	па́руса	полотнище 	
паруса	па́руса	помощью 	
паруса	па́руса	последнего 	
паруса	па́руса	прямых 	
паруса	па́руса	пятнышко 	
паруса	па́руса	размеров 	
паруса	па́руса	размеры 	
паруса	па́руса	ребра 	
паруса	па́руса	рулон 	
паруса	па́руса	с 	
паруса	па́руса	с помощью 	
паруса	па́руса	свойства 	
паруса	па́руса	слушается 	
паруса	па́руса	старого 	
паруса	па́руса	три 	
паруса	па́руса	установка 	
паруса	па́руса	хлопки 	
паруса	па́руса	четыре 	
паруса	па́руса	это для 	
паруса	паруса́		 - лишь
паруса	паруса́		 были
паруса	паруса́		 вспыхнули
паруса	паруса́		 для него
паруса	паруса́		 долой
паруса	паруса́		 души
паруса	паруса́		 забрали
паруса	паруса́		 захлопали
паруса	паруса́		 и канаты
паруса	паруса́		 обоих
паруса	паруса́		 освоим
паруса	паруса́		 представляли
паруса	паруса́		 скатаны
паруса	паруса́		 ставить
паруса	паруса́	в прах 	
паруса	паруса́	виднелись 	
паруса	паруса́	гладкие 	
паруса	паруса́	изорвав 	
паруса	паруса́	как 	
паруса	паруса́	как только 	
паруса	паруса́	канатами 	
паруса	паруса́	картечью 	
паруса	паруса́	кого нибудь 	
паруса	паруса́	косые 	
паруса	паруса́	крылья 	
паруса	паруса́	мачты и 	
паруса	паруса́	надувая 	
паруса	паруса́	натуральные 	
паруса	паруса́	новые 	
паруса	паруса́	палатки и 	
паруса	паруса́	перекладывали 	
паруса	паруса́	поднимать 	
паруса	паруса́	подняв 	
паруса	паруса́	поднял 	
паруса	паруса́	подняла 	
паруса	паруса́	подняли 	
паруса	паруса́	поднять 	
паруса	паруса́	подожгли 	
паруса	паруса́	поставил 	
паруса	паруса́	поэтому 	
паруса	паруса́	превратил его 	
паруса	паруса́	раздувал 	
паруса	паруса́	разноцветные 	
паруса	паруса́	распускать 	
паруса	паруса́	руль и 	
паруса	паруса́	сворачивать 	
паруса	паруса́	снасти и 	
паруса	паруса́	собственные 	
паруса	паруса́	спустил 	
паруса	паруса́	спустили 	
паруса	паруса́	ставим 	
паруса	паруса́	ставить 	
паруса	паруса́	то 	
паруса	паруса́	тоъ 	
паруса	паруса́	убавляя 	
паруса	паруса́	уберите 	
паруса	паруса́	убирал 	
паруса	паруса́	убирают 	
паруса	паруса́	убрав 	
паруса	паруса́	убрала 	
паруса	паруса́	убрать 	
паруса	паруса́	уничтожил 	
паруса	паруса́	хлопали 	
паруса	паруса́	чужие 	
пары	па́ры		 букв
пары	па́ры		 весел
пары	па́ры		 глазок
пары	па́ры		 запонок
пары	па́ры		 колен
пары	па́ры		 мгновений
пары	па́ры		 метров
пары	па́ры		 минут
пары	па́ры		 недель
пары	па́ры		 понятий
пары	па́ры		 противоположностей
пары	па́ры		 разбивались
пары	па́ры		 рук
пары	па́ры		 случайных
пары	па́ры		 тройки
пары	па́ры		 тройки уколов
пары	па́ры		 часов
пары	па́ры	блистательные 	
пары	па́ры	вальсирующие 	
пары	па́ры	встречаются 	
пары	па́ры	высыпали 	
пары	па́ры	две 	
пары	па́ры	для 	
пары	па́ры	дружеские 	
пары	па́ры	загомонившие 	
пары	па́ры	кружащие 	
пары	па́ры	любящие 	
пары	па́ры	миссия 	
пары	па́ры	младшей 	
пары	па́ры	молодой 	
пары	па́ры	на 	
пары	па́ры	новые 	
пары	па́ры	обе 	
пары	па́ры	обещающие 	
пары	па́ры	опекун 	
пары	па́ры	первой 	
пары	па́ры	представитель 	
пары	па́ры	связанные в 	
пары	па́ры	семейные 	
пары	па́ры	стабильные 	
пары	па́ры	супружеские 	
пары	па́ры	супружеской 	
пары	па́ры	только такие 	
пары	па́ры	три 	
пары	па́ры	у 	
пары	па́ры	человеческой 	
пары	па́ры	четыре 	
пары	пары́		 алкоголя были
пары	пары́		 аммиака
пары	пары́		 зелья
пары	пары́		 микстуры
пары	пары́		 пускает
пары	пары́		 разводит
пары	пары́	вдыхал 	
пары	пары́	вдыхала 	
пары	пары́	вдыхая 	
пары	пары́	винные 	
пары	пары́	водочные 	
пары	пары́	водяные 	
пары	пары́	выдыхая 	
пары	пары́	выпустить 	
пары	пары́	ему в лицо 	
пары	пары́	зловонные 	
пары	пары́	кислотные 	
пары	пары́	подымались 	
пары	пары́	развеял 	
пары	пары́	разводила 	
пары	пары́	спиртные 	
пары	пары́	спустив 	
пары	пары́	спустит 	
пары	пары́	спустя 	
пары	пары́	удушливые 	
пары	пары́	ядовитые 	
парю	па́рю	я тебя 	
парю	парю́		
паря	паря́		
паря	паря́		 в воздухе
парят	паря́т		
парят	паря́т		 в
парят	паря́т		 над
парят	паря́т		 рядом
парят	паря́т	пока 	
паспорта	па́спорта		 в том числе
паспорта	па́спорта		 личность
паспорта	па́спорта	без 	
паспорта	па́спорта	было 	
паспорта	па́спорта	два иностранных 	
паспорта	па́спорта	заграничного 	
паспорта	па́спорта	имперского 	
паспорта	па́спорта	карточку 	
паспорта	па́спорта	никакого 	
паспорта	па́спорта	от 	
паспорта	па́спорта	статьям 	
паспорта	па́спорта	чистых 	
паспорта	па́спорта	электронного 	
паспорта	паспорта́		 давайте
паспорта	паспорта́		 и кредитные
паспорта	паспорта́		 менял
паспорта	паспорта́		 пассажиров
паспорта	паспорта́	ваши 	
паспорта	паспорта́	вернула 	
паспорта	паспорта́	дипломатические 	
паспорта	паспорта́	есть 	
паспорта	паспорта́	листать 	
паспорта	паспорта́	отбирают 	
паспорта	паспорта́	отобрали 	
пасти	па́сти		 змея
пасти	па́сти		 на замке
пасти	па́сти	в 	
пасти	па́сти	в 	 башки змея
пасти	па́сти	в 	 головы змея
пасти	па́сти	в 	 змея
пасти	па́сти	в его 	
пасти	па́сти	из 	
пасти	па́сти	из его 	
пасти	па́сти	из конской 	
пасти	па́сти	не разжимая 	
пасти	па́сти	оскалили 	
пасти	па́сти	открытые 	
пасти	па́сти	по 	
пасти	па́сти	разевающие 	
пасти	па́сти	раззявив 	
пасти	па́сти	раззявленной 	
пасти	па́сти	разинутой 	
пасти	па́сти	раскрытой 	
пасти	па́сти	скалили 	
пасти	пасти́		 будем
пасти	пасти́		 же коров
пасти	пасти́		 и охранять
пасти	пасти́		 их - замучаешься
пасти	пасти́		 их табуны
пасти	пасти́		 коз
пасти	пасти́		 коров
пасти	пасти́		 лишь
пасти	пасти́		 лошадей
пасти	пасти́		 меня
пасти	пасти́		 народ
пасти	пасти́		 овец
пасти	пасти́		 приставлен
пасти	пасти́		 свиней
пасти	пасти́		 скот
пасти	пасти́		 стада
пасти	пасти́		 стадо
пасти	пасти́		 табуны
пасти	пасти́		 тучные стада
пасти	пасти́		 чужих
пасти	пасти́		 это
пасти	пасти́	будет 	
пасти	пасти́	будут 	
пасти	пасти́	было бы 	
пасти	пасти́	должен 	
пасти	пасти́	или 	
пасти	пасти́	коров 	
пасти	пасти́	могут 	
пасти	пасти́	можно 	
пасти	пасти́	начал 	
пасти	пасти́	начали 	
пасти	пасти́	начнут 	
пасти	пасти́	обозных 	
пасти	пасти́	овец 	
пасти	пасти́	плотно 	
пасти	пасти́	продолжать 	
пасти	пасти́	решили его 	
пасти	пасти́	свиней 	
пасти	пасти́	скот здесь 	
пасти	пасти́	спокойно 	
пасти	пасти́	увели 	
паханы	па́ханы	не 	
пахнувший	па́хнувший		 потом
пахнувший	пахну́вший		 на
паху	па́ху	по 	
паху	паху́	в 	
пекла	пе́кла	вдоль 	
пекла	пе́кла	гибели 	
пекла	пе́кла	из 	
пекла	пе́кла	местонахождение 	
пекла	пе́кла	мимо 	
пекла	пе́кла	обитатели 	
пекла	пе́кла	около 	
пекла	пе́кла	с 	
пекла	пекла́		 плюшки
пекла	пекла́	сама 	 пирожки
пекло	пе́кло	в 	
пекло	пе́кло	ох и 	
пекло	пе́кло	самое 	
пекло	пе́кло	самое то 	
пекло	пе́кло	самое тоъ 	
пекло	пе́кло	страшное 	
пекло	пекло́		 голову
пекло	пекло́		 довольно сильно
пекло	пекло́		 солнце
пекло	пекло́	вовсю 	
пекло	пекло́	и ночами 	
пекло	пекло́	нещадно 	
пекло	пекло́	но не 	
пекло	пекло́	ноги 	
пекло	пекло́	руки 	
пекло	пекло́	снизу 	
пекло	пекло́	солнце 	
пекло	пекло́	щеки 	
переборов	переборо́в		 гордость
переборов	переборо́в		 некие
переборов	переборо́в		 себя
переборов	переборо́в		 эмоциональный
перевернут	переверну́т	они 	
перевернут	переверну́т	эти 	
перевернут	перевё́рнут	был 	
переводите	перево́дите		 - так [homo] переводите [/homo]
переводите	перево́дите		 его на
переводите	перево́дите	снаряды 	
передохнем	передо́хнем	не 	
передохнем	передохнё́м		 чуток
передохнем	передохнё́м	пару минут и 	
передохнут	передо́хнут	сами 	
передохнуть	передо́хнуть	голода не 	
передохнуть	передо́хнуть	чтоб вам всем 	
передохнуть	передохну́ть	интерес 	
передохнуть	передохну́ть	минутку 	
передохнуть	передохну́ть	надо было 	
передохнуть	передохну́ть	немного 	
передохнуть	передохну́ть	остановилась 	
передохнуть	передохну́ть	остановился 	
передохнуть	передохну́ть	севшей 	
переносите	перено́сите	отлично 	
переносите	перено́сите	что вы не 	
переносного	перено́сного		 значения
переносного	перено́сного		 смысла
переносном	перено́сном		 значении
переносном	перено́сном		 смысле
переносном	перено́сном		 смысле слова
переносном	перено́сном	в 	
переносном	перено́сном	в 	 смысле
переносном	перено́сном	не в 	
переносном	перено́сном	прямом и 	
переносным	перено́сным		 смыслом
переносным	переносны́м	с 	
перерезал	перере́зал		 артерию
перерезал	перере́зал		 бы
перерезал	перере́зал		 бы глотку
перерезал	перере́зал		 бы горло
перерезал	перере́зал		 глазной нерв
перерезал	перере́зал		 ей
перерезал	перере́зал		 ей глотку
перерезал	перере́зал		 кабель
перерезал	перере́зал		 ножом
перерезал	перере́зал		 обоим горло
перерезал	перере́зал		 пластик
перерезал	перере́зал		 пластиковый
перерезал	перере́зал		 себе
перерезал	перере́зал		 сердце
перерезал	перере́зал	глоток 	
перерезал	перере́зал	мгновенно 	
перерезал	перере́зал	он 	 глотку
перерезал	перере́зал	сам 	
перерезал	перере́зал	скорее 	 бы
перерезать	перере́зать		 глотку
перерезать	перере́зать		 человеку глотку
перерезать	перереза́ть	начинают 	
перерезать	перереза́ть	стала 	
пересмотрите	пересмо́трите	вы 	
пересмотрите	пересмотри́те		 портрет
пересыпала	пересыпа́ла		 с
пересыпать	пересыпа́ть	продолжая 	
переходите	перехо́дите		 рамки
переходите	перехо́дите	вы 	
переходите	перехо́дите	если вы 	
переходите	переходи́те		 к
петли	пе́тли		 дверей
петли	пе́тли		 дверные
петли	пе́тли		 для замка
петли	пе́тли		 и замки
петли	пе́тли		 и стену
петли	пе́тли		 на
петли	пе́тли		 намертво
петли	пе́тли		 пальто
петли	пе́тли		 прекрасно
петли	пе́тли		 со скрипом
петли	пе́тли		 спускать
петли	пе́тли		 срезать?
петли	пе́тли	а 	 до
петли	пе́тли	временные 	
петли	пе́тли	выписывал 	
петли	пе́тли	дверные 	
петли	пе́тли	досчитала 	
петли	пе́тли	его 	
петли	пе́тли	железные 	
петли	пе́тли	загадочные 	
петли	пе́тли	замки и 	
петли	пе́тли	замок и 	
петли	пе́тли	заржавевшие 	
петли	пе́тли	заскрипели 	
петли	пе́тли	кованые 	
петли	пе́тли	ловчие 	
петли	пе́тли	набирала 	
петли	пе́тли	нанизывать 	
петли	пе́тли	пасти, 	
петли	пе́тли	повороты и 	
петли	пе́тли	проверяя 	
петли	пе́тли	проржавевшие 	
петли	пе́тли	расплетать 	
петли	пе́тли	топором 	
петли	пе́тли	узлы и 	
петли	петли́	без 	
петли	петли́	буксировочной 	
петли	петли́	временной 	
петли	петли́	вроде 	 вшито
петли	петли́	две 	
петли	петли́	две три 	
петли	петли́	дверной 	
петли	петли́	двойной 	
петли	петли́	заслуженной 	
петли	петли́	заслуживающий 	
петли	петли́	затяжка 	
петли	петли́	из 	
петли	петли́	из 	 замок
петли	петли́	избежать 	
петли	петли́	кожаной 	
петли	петли́	накидыванию 	
петли	петли́	от 	
петли	петли́	пеньковой 	
петли	петли́	помощью 	
петли	петли́	поясной 	
петли	петли́	разомкнувшейся 	
петли	петли́	рыцарем 	
петли	петли́	с 	
петли	петли́	теория 	
петли	петли́	три 	
петли	петли́	хронологической 	
петли	петли́	четыре 	
печенью	пе́ченью	с 	
печи	пе́чи		 стояли с
печи	пе́чи	заводы и 	
печи	пе́чи	огромные 	
печи	пе́чи	топили 	
печи	печи́		 камина
печи	печи́	в 	
печи	печи́	две 	
печи	печи́	до 	
печи	печи́	доменной 	
печи	печи́	жаркой 	
печи	печи́	из 	
печи	печи́	из за 	
печи	печи́	к 	
печи	печи́	как в 	
печи	печи́	каменной 	
печи	печи́	кирпичной 	
печи	печи́	кладки 	
печи	печи́	конфорках 	
печи	печи́	корпус 	
печи	печи́	металлургической 	
печи	печи́	микроволновой 	
печи	печи́	на 	
печи	печи́	не было 	
печи	печи́	обгорелой 	
печи	печи́	обожгла в 	
печи	печи́	обыкновенной 	
печи	печи́	огонь 	
печи	печи́	около 	
печи	печи́	от 	
печи	печи́	плавильной 	
печи	печи́	по 	
печи	печи́	при 	
печи	печи́	прогоревшей 	
печи	печи́	прогрева 	
печи	печи́	русской 	
печи	печи́	с 	
печи	печи́	стандартной 	
печи	печи́	створка 	
печи	печи́	створку 	
печи	печи́	строителей 	
печи	печи́	там на 	
печи	печи́	три 	
печи	печи́	у 	
печи	печи́	цилиндр 	
печи	печи́	четыре 	
пике	пи́ке	на 	
пике	пи́ке	на 	 желания
пике	пи́ке	на 	 славы
пике	пи́ке	на самом 	
пике	пике́	в 	
пике	пике́	входя в 	
пике	пике́	глубоком 	
пике	пике́	из 	
пике	пике́	короткое 	
пике	пике́	красивое 	
пике	пике́	крутого 	
пике	пике́	крутое 	
пике	пике́	на третьем 	
пике	пике́	перейти в 	
пике	пике́	такое же 	
пили	пи́ли		 бражку
пили	пи́ли		 водку
пили	пи́ли		 воду
пили	пи́ли		 и ели
пили	пи́ли		 и хохотали
пили	пи́ли		 из
пили	пи́ли		 когда нибудь виски
пили	пи́ли		 огненный
пили	пи́ли		 чай
пили	пи́ли	водку 	
пили	пи́ли	свадьбе 	
пили	пи́ли	сок 	
пилы	пилы́	визг 	
пилы	пилы́	возле 	
пилы	пилы́	две 	
пилы	пилы́	ленточной 	
пилы	пилы́	обломок 	
пилы	пилы́	около 	
пилы	пилы́	три 	
пилы	пилы́	у 	
пилы	пилы́	хватало 	
пилы	пилы́	циркулярной 	
пирога	пиро́га	индейская 	
пирога	пиро́га	полузатопленная 	
пирога	пиро́га	типа 	
пирога	пиро́га	это 	
пирога	пирога́		 вам дам
пирога	пирога́	американского 	
пирога	пирога́	вдоль 	
пирога	пирога́	гибели 	
пирога	пирога́	и 	 вам дам
пирога	пирога́	испанского 	
пирога	пирога́	куска 	
пирога	пирога́	кусок 	
пирога	пирога́	мимо 	
пирога	пирога́	около 	
пирога	пирога́	с 	
пирогами	пирога́ми	за чаем с 	
пирогами	пирога́ми	чаем с 	
пироге	пиро́ге		 кто то
пироге	пиро́ге		 кто тоъ
пироге	пиро́ге		 переплывать
пироге	пиро́ге	индейской 	
пироге	пироге́	на 	
пироге	пироге́	яблочном 	
пироги	пиро́ги	вытащены огромные 	
пироги	пироги́		 вкусные
пироги	пироги́	енисейские 	
пироги	пироги́	лаваш, 	
пироги	пироги́	осетинские 	
пироги	пироги́	поедая 	
пироги	пироги́	приносила 	
пироги	пироги́	румяные 	
пироги	пироги́	с чем 	
пироги	пироги́	такие 	
пироги	пироги́	такие вот 	
пироги	пироги́	хлеба 	
пироги	пироги́	холодные 	
пироги	пироги́	яблочные 	
пирогу	пиро́гу		 не
пирогу	пиро́гу	местную 	
пирогу	пиро́гу	сажать в 	
пирогу	пирогу́	к 	
пиру	пи́ру	к 	
пиру	пиру́	вечернем 	
пиру	пиру́	на 	
писали	пи́сали		 кипятком
писали	пи́сали	в один горшок 	
писали	пи́сали	в один горшочек 	
писали	пи́сали	штаны 	
писали	писа́ли	не 	
писался	пи́сался		 в
писаря	пи́саря		 нет
писать	пи́сать		 в постель
писать	пи́сать		 в унитаз
писать	пи́сать		 кипятком
писать	пи́сать		 кровью
писать	пи́сать		 на горшок
писать	пи́сать		 хочу
писать	пи́сать	захотелось 	
писать	пи́сать	кипятком 	
писать	пи́сать	хочет 	
писать	пи́сать	хочу 	
писать	писа́ть		 книгу
писать	писа́ть		 рапорт
писать	писа́ть		 слова
писать	писа́ть	читать и 	
писаться	писа́ться	будет 	
письма	пи́сьма	какие нибудь 	
письма	письма́		 нет
письма	письма́		 прочитанные строки
письма	письма́	автор 	
письма	письма́	в конце 	
письма	письма́	в поисках 	
письма	письма́	в форме 	
письма	письма́	вашего 	
письма	письма́	вдоль 	
письма	письма́	виде 	
письма	письма́	восьмого 	
письма	письма́	вшивого 	
письма	письма́	выходом 	
письма	письма́	гибели 	
письма	письма́	два 	
письма	письма́	для 	
письма	письма́	для чтения и 	
письма	письма́	единого 	
письма	письма́	закодированного 	
письма	письма́	злосчастного 	
письма	письма́	из 	
письма	письма́	из тесной плоти 	
письма	письма́	искусству 	
письма	письма́	ихнего 	
письма	письма́	каково нибудь 	
письма	письма́	какого нибудь 	
письма	письма́	какого то 	
письма	письма́	какого тоъ 	
письма	письма́	конце 	
письма	письма́	копию 	
письма	письма́	коротенького 	
письма	письма́	кроме 	
письма	письма́	кусочек 	
письма	письма́	листок 	
письма	письма́	манера 	
письма	письма́	место 	
письма	письма́	мимо 	
письма	письма́	моего 	
письма	письма́	можно ждать 	
письма	письма́	напечатанного 	
письма	письма́	начало 	
письма	письма́	нашего 	
письма	письма́	нет 	
письма	письма́	о содержании 	
письма	письма́	огрызку 	
письма	письма́	огрызок 	
письма	письма́	одиннадцатого 	
письма	письма́	одного 	
письма	письма́	ожидая 	
письма	письма́	около 	
письма	письма́	окончание 	
письма	письма́	окончании 	
письма	письма́	окончания 	
письма	письма́	от 	
письма	письма́	отправителем 	
письма	письма́	передача 	
письма	письма́	передачи 	
письма	письма́	получение 	
письма	письма́	получения 	
письма	письма́	последние строки 	
письма	письма́	посредством 	
письма	письма́	предыдущего 	
письма	письма́	при виде 	
письма	письма́	прибытии 	
письма	письма́	причиной 	
письма	письма́	пятнадцатого 	
письма	письма́	с 	
письма	письма́	самого 	
письма	письма́	своего 	
письма	письма́	система 	
письма	письма́	системах 	
письма	письма́	систему 	
письма	письма́	системы 	
письма	письма́	содержание 	
письма	письма́	содержанию 	
письма	письма́	содержимое 	
письма	письма́	способ 	
письма	письма́	спрятанного 	
письма	письма́	стиль 	
письма	письма́	страницы 	
письма	письма́	твоего 	
письма	письма́	текст 	
письма	письма́	тексте 	
письма	письма́	того 	
письма	письма́	тон 	
письма	письма́	тоном 	
письма	письма́	треугольник 	
письма	письма́	три 	
письма	письма́	у 	
письма	письма́	уголок 	
письма	письма́	формы 	
письма	письма́	часть 	
письма	письма́	четыре 	
письма	письма́	четырнадцатого 	
письма	письма́	чтение 	
письма	письма́	чтению 	
письма	письма́	чтения и 	
письма	письма́	чьего та 	
письма	письма́	шестого 	
письма	письма́	электронного 	
письма	письма́	электронных 	
письма	письма́	этого 	
пища	пи́ща		 души
пища	пи́ща		 и вода
пища	пи́ща		 моя
пища	пи́ща		 растительного
пища	пи́ща	готовилась 	
пища	пи́ща	лучшая 	
пища	пища́		 от восторга
пища	пища́	жалобно 	
пища	пища́	мерзко 	
пища	пища́	пронзительно 	
пища	пища́	противно 	
пища	пища́	радостно 	
пищи	пи́щи		 и воды
пищи	пи́щи		 нужно
пищи	пи́щи	без воды и 	
пищи	пи́щи	больничной 	
пищи	пи́щи	воды и 	
пищи	пи́щи	время 	
пищи	пи́щи	добывания 	
пищи	пи́щи	добычу 	
пищи	пи́щи	доставщиков 	
пищи	пи́щи	запасы 	
пищи	пи́щи	кислорода или 	
пищи	пи́щи	недостаток 	
пищи	пи́щи	получением 	
пищи	пи́щи	приготовления 	
пищи	пи́щи	принятия 	
пищи	пи́щи	такого обилия 	
пищи	пищи́		 не [homo] пищи [/homo]
пищи	пищи́	в колесо - 	
пищи	пищи́	колесо - 	
пищи	пищи́	не 	
пищу	пи́щу		 или еду
пищу	пи́щу		 или питье
пищу	пи́щу		 на
пищу	пи́щу	в 	
пищу	пи́щу	воду и 	
пищу	пи́щу	готовили 	
пищу	пи́щу	на 	
пищу	пи́щу	простую 	
пищу	пи́щу	свою 	
пищу	пи́щу	себе 	
пищу	пищу́		 от восторга
пищу	пищу́		 от радости
пищу	пищу́		 от счастья
платите	пла́тите		 вы
платите	пла́тите	вы 	
платите	пла́тите	вы ему 	
платите	пла́тите	зато вы 	
платите	пла́тите	мне и 	
платите	пла́тите	пошлину не 	
платите	пла́тите	тем меньше 	
платите	плати́те		, [homo] платите [/homo]
плацу	плацу́		 крейсера
плацу	плацу́	на 	
плачу	пла́чу		 без причины
плачу	пла́чу		 и не могу остановиться
плачу	пла́чу		 кровавыми
плачу	пла́чу	кричу и 	
плачу	пла́чу	много 	
плачу	пла́чу	присоединиться к этому 	
плачу	пла́чу	сижу и 	
плачу	пла́чу	чувствителен и 	
плачу	пла́чу	я не 	
плачу	плачу́		 большие
плачу	плачу́		 вам
плачу	плачу́		 дань
плачу	плачу́		 за
плачу	плачу́		 за квартиру
плачу	плачу́		 золотом
плачу	плачу́		 и имею
плачу	плачу́		 им деньги
плачу	плачу́		 кругленькую
плачу	плачу́		 лишь
плачу	плачу́		 местным
плачу	плачу́		 наличными
плачу	плачу́		 небольшие
плачу	плачу́		 огромные деньги
плачу	плачу́		 по счетам
плачу	плачу́		 тебе
плачу	плачу́		 только
плачу	плачу́		 штраф
плачу	плачу́	вам 	
плачу	плачу́	двадцать марок 	
плачу	плачу́	за которые я не 	
плачу	плачу́	за что 	
плачу	плачу́	за что и 	
плачу	плачу́	кому я 	
плачу	плачу́	но пока я 	
плачу	плачу́	оброк я 	
плачу	плачу́	потому что 	
плачу	плачу́	приглашаю я 	
плачу	плачу́	приглашаю, я и 	
плачу	плачу́	я 	 вам
плачу	плачу́	я 	 им
плачу	плачу́	я вам 	
плачу	плачу́	я тебе 	
плену	пле́ну	мучительному 	
плену	пле́ну	предпочитал 	
плену	плену́	английском 	
плену	плену́	в 	
плену	плену́	их 	
плену	плену́	русском 	
плети	пле́ти		 кабелей
плети	пле́ти		 какого та
плети	пле́ти	белые 	
плети	пле́ти	змееподобные 	
плети	пле́ти	помощью 	
плети	пле́ти	ударом 	
плети	плети́	да 	
плети	плети́	кончик 	
плиты	пли́ты		 пола
плиты	пли́ты	агатовые 	
плиты	пли́ты	гранитные 	
плиты	пли́ты	к другой 	
плиты	пли́ты	каменные 	
плиты	пли́ты	многие 	
плиты	пли́ты	на 	
плиты	пли́ты	немногие 	
плиты	пли́ты	ну или 	
плиты	пли́ты	поднимать 	
плиты	пли́ты	разбивать 	
плиты	пли́ты	также 	
плиты	пли́ты	что 	 под
плиты	плиты́	без 	
плиты	плиты́	бетонной 	
плиты	плиты́	верхней 	
плиты	плиты́	верху 	
плиты	плиты́	возле 	
плиты	плиты́	вокруг 	
плиты	плиты́	вытесанной 	
плиты	плиты́	газовой 	
плиты	плиты́	городской 	
плиты	плиты́	гранитной 	
плиты	плиты́	две 	
плиты	плиты́	до края 	
плиты	плиты́	древесностружечной 	
плиты	плиты́	из 	
плиты	плиты́	из за этой 	
плиты	плиты́	к краю 	
плиты	плиты́	каменной 	
плиты	плиты́	края 	
плиты	плиты́	кусок 	
плиты	плиты́	материковой 	
плиты	плиты́	могильной 	
плиты	плиты́	мраморной 	
плиты	плиты́	надгробной 	
плиты	плиты́	наклонной 	
плиты	плиты́	новой 	
плиты	плиты́	огромной 	
плиты	плиты́	осколки 	
плиты	плиты́	от 	
плиты	плиты́	подножия 	
плиты	плиты́	посадочной 	
плиты	плиты́	поток 	
плиты	плиты́	причальной 	
плиты	плиты́	расколе 	
плиты	плиты́	с 	
плиты	плиты́	скрип 	
плиты	плиты́	сланцевой 	
плиты	плиты́	стартовой 	
плиты	плиты́	сторону 	
плиты	плиты́	тень 	
плиты	плиты́	три 	
плиты	плиты́	у 	
плиты	плиты́	удар 	
плиты	плиты́	хлопотал у 	
плиты	плиты́	четыре 	
плоти	пло́ти	его 	
плоти	пло́ти	куски 	
плоти	пло́ти	опухшей 	
плоти	плоти́	во 	
плоти	плоти́	во 	 и крови
плюща	плю́ща		 и критуя
плюща	плюща́	зарослей 	
плюща	плюща́	заросли 	
плюща	плюща́	лиги 	
плюща	плюща́	листву 	
плюща	плюща́	побеги 	
побеги	побе́ги		 бамбука
побеги	побе́ги		 были
побеги	побе́ги		 папоротников
побеги	побе́ги		 плюща
побеги	побе́ги	новые 	
побеги	побе́ги	совершать 	
побегу	побе́гу	возмутительному 	
побегу	побе́гу	к 	
побегу	побе́гу	приготовлениями к 	
побегу	побегу́		 в
побегу	побегу́		 за
побегу	побегу́		 к
побегу	побегу́		 наверх
побегу	побегу́		 своих
побегу	побегу́		 своих догонять
побегу	побегу́		 так
побегу	побегу́		 узнаю
побегу	побегу́	ладно. 	
побегу	побегу́	не 	
побегу	побегу́	сперва 	
побегу	побегу́	я 	
поборов	побо́ров		 чиновников
поборов	побо́ров	высоких 	
поборов	побо́ров	добавочных 	
поборов	побо́ров	дорожных 	
поборов	побо́ров	налогов и 	
поборов	побо́ров	обязательных 	
поборов	побо́ров	от тех же 	
повара	по́вара		 нам нового дали
повара	по́вара	бездарного 	
повара	по́вара	будущее 	
повара	по́вара	вашего 	
повара	по́вара	внимания 	
повара	по́вара	вспомнил 	
повара	по́вара	глупого 	
повара	по́вара	два 	
повара	по́вара	дворцового 	
повара	по́вара	держала 	
повара	по́вара	дети 	
повара	по́вара	для 	
повара	по́вара	здешнего 	
повара	по́вара	знакомого 	
повара	по́вара	изо рта 	
повара	по́вара	как и 	
повара	по́вара	королевского 	
повара	по́вара	крепких 	
повара	по́вара	место 	
повара	по́вара	моего 	
повара	по́вара	на 	
повара	по́вара	на месте 	
повара	по́вара	нашего 	
повара	по́вара	нерасторопного 	
повара	по́вара	нового 	
повара	по́вара	обнаружил 	
повара	по́вара	одного 	
повара	по́вара	повесили 	
повара	по́вара	подручному 	
повара	по́вара	покойного 	
повара	по́вара	попросить ли 	
повара	по́вара	приказ 	
повара	по́вара	приличного 	
повара	по́вара	проверил 	
повара	по́вара	ругать 	
повара	по́вара	своего 	
повара	по́вара	такого 	
повара	по́вара	талант 	
повара	по́вара	трактире 	
повара	по́вара	у 	
повара	по́вара	хорошего 	
повара	по́вара	шеф 	
повара	повара́		 вчера
повара	повара́		 готовят поесть
повара	повара́		 жарили
повара	повара́		 и водители
повара	повара́		 и конюхи
повара	повара́		 наготовят
повара	повара́		 наняты
повара	повара́		 не успевали
повара	повара́		 показали
повара	повара́		 пусть приготовят
повара	повара́		 с утра
повара	повара́		 скакали
повара	повара́		 уже не
повара	повара́		 фанатики
повара	повара́	здешние 	
повара	повара́	и 	 -
повара	повара́	прятались 	
повара	повара́	станут 	 чистить
повернут	поверну́т	они не 	
повернут	повё́рнут	будет 	
повернут	повё́рнут	был 	
повернут	повё́рнут	быть 	
повернут	повё́рнут	всегда 	
повернут	повё́рнут	на религии 	
повернут	повё́рнут	оказался 	
повернут	повё́рнут	он 	
повернут	повё́рнут	так 	
повернут	повё́рнут	ты 	
повести	по́вести		 автора
повести	по́вести		 временных
повести	по́вести		 и саги
повести	по́вести		 о
повести	по́вести		 описывающей
повести	по́вести		 рассказывающей
повести	по́вести		 старцев
повести	по́вести	в 	
повести	по́вести	в начале 	
повести	по́вести	детские 	
повести	по́вести	к 	
повести	по́вести	настоящей 	
повести	по́вести	о 	
повести	по́вести	покажи 	
повести	по́вести	рассказы и 	
повести	по́вести	рукопись 	
повести	по́вести	своей 	
повести	по́вести	сквозь 	
повести	по́вести	убери 	
повести	по́вести	через 	
повести	по́вести	этой 	
повести	повести́		 беседу
повести	повести́		 в
повести	повести́		 вас
повести	повести́		 дела
повести	повести́		 дело
повести	повести́		 за
повести	повести́		 за собой
повести	повести́		 их
повести	повести́		 к
повести	повести́		 клинок
повести	повести́		 корабль
повести	повести́		 на
повести	повести́		 нас
повести	повести́		 плечами
повести	повести́		 разговор
повести	повести́		 с
повести	повести́		 свой
повести	повести́		 себя
повести	повести́		 тебя
повести	повести́		 цепочку
повести	повести́		 человечество
повести	повести́		 через
повести	повести́	бровью 	
повести	повести́	вас 	
повести	повести́	должно 	
повести	повести́	могла 	
повести	повести́	могли 	
повести	повести́	могут 	
повести	повести́	может 	
повести	повести́	надо 	
повести	повести́	попробовали 	
повести	повести́	призван 	
повести	повести́	разговор 	
повести	повести́	решил 	
повести	повести́	рискнул 	
повести	повести́	себя 	
повести	повести́	сможет 	
повести	повести́	способен 	
повести	повести́	хотел 	
поводу	по́воду		 их груди
поводу	по́воду	по 	
поводу	по́воду	по 	 вашей руки
поводу	по́воду	по 	 места
поводу	по́воду	по 	 облака
поводу	по́воду	стоит по этому 	
поводу	по́воду	этому 	
поводу	поводу́	в 	
поводу	поводу́	на 	
погоню	пого́ню	в 	
погоню	пого́ню	организовать 	
погоню	пого́ню	оставили 	
погоню	пого́ню	предоставить 	
погоню	пого́ню	чуя 	
погоню	погоню́		 его к
погоню	погоню́		 на
погреб	по́греб		 был
погреб	по́греб	в 	
погреб	по́греб	запри 	
погреб	погрё́б		 в сторону
погреб	погрё́б		 под собой
погреба	по́греба	возле 	
погреба	по́греба	из 	
погреба	по́греба	крышка 	
погреба	по́греба	моего 	
погреба	по́греба	мраке 	
погреба	по́греба	полке 	
погреба	по́греба	типа 	
погреба	по́греба	углы 	
погреба	погреба́		 ваши
погреба	погреба́		 коргала
погреба	погреба́		 наши
погреба	погреба́		 сами
погреба	погреба́	амбары и 	
погреба	погреба́	в 	
погреба	погреба́	ваши 	
погреба	погреба́	винные 	
погреба	погреба́	восхитительные 	
погреба	погреба́	вспоминаю 	
погреба	погреба́	есть 	
погреба	погреба́	заполню 	
погреба	погреба́	мои 	
погреба	погреба́	наши 	
погреба	погреба́	о 	
погреба	погреба́	об 	
погреба	погреба́	открою 	
погреба	погреба́	под 	
погреба	погреба́	покажи 	
погреба	погреба́	покинул 	
погреба	погреба́	пороховые 	
погреба	погреба́	разгрузите 	
погреба	погреба́	сами 	
погреба	погреба́	сквозь 	
погреба	погреба́	сырые 	
погреба	погреба́	те 	
погреба	погреба́	убери 	
погреба	погреба́	через 	
погреба	погреба́	эти 	
погребу	по́гребу	по 	
погребу	по́гребу	пороховому 	
погрузите	погру́зите	вы 	
погрузите	погру́зите	когда 	
подавитесь	пода́витесь	а не 	
подавитесь	подави́тесь	не 	
подарите	пода́рите	вы 	
подарите	пода́рите	не 	
подарите	подари́те		 готовенькое
подать	по́дать		 собиралась
подать	по́дать	болотная 	
подать	по́дать	воинскую 	
подать	по́дать	въездная 	
подать	по́дать	заплатить 	
подать	пода́ть		
подать	пода́ть		 в
подать	пода́ть		 виду
подать	пода́ть		 прикажете
подать	пода́ть		 шампанское
подать	пода́ть	не 	 руки
подать	пода́ть	рукой 	
подвигалась	подвига́лась		 к
подвигались	подвига́лись		 они медленно
подвигать	подвига́ть	начал 	
подвигаться	подвига́ться		 к
подвигаться	подвига́ться		 против всего
подвигаются	подвига́ются		 ближе
подвижным	подвижны́м		 составом
поделитесь	поде́литесь	вы 	
поделитесь	поде́литесь	не 	
поделитесь	поде́литесь	с нами 	
поделитесь	подели́тесь	лучше 	
подержите	поде́ржите	вы 	
подержите	поде́ржите	не 	
подпали	подпа́ли		 под
подрезали	подреза́ли		 деревья
подрезать	подреза́ть	будут 	
подрезать	подреза́ть	принялся 	
подсыпала	подсы́пала		 щепотку
подсыпать	подсыпа́ть		 перестали
подсыпать	подсыпа́ть	начал 	
подсыпать	подсыпа́ть	начала 	
подсыпать	подсыпа́ть	перестали 	
подходите	подхо́дите		 вы
подходите	подхо́дите		 друг другу
подходите	подхо́дите		 на роль
подходите	подхо́дите		 на эту
подходите	подхо́дите	вы 	
подходите	подхо́дите	вы им 	
подходите	подхо́дите	вы мне 	
подходите	подхо́дите	вы мне не 	
подходите	подхо́дите	вы не 	
подходите	подхо́дите	вы так 	
подходите	подхо́дите	для него 	
подходите	подхо́дите	когда вы 	
подходите	подхо́дите	легкомысленно 	
подходите	подхо́дите	мне 	
подходите	подхо́дите	наиболее 	
подходите	подхо́дите	нам 	
подходите	подхо́дите	не 	 для
подходите	подхо́дите	не 	 к
подходите	подхо́дите	но вы мне не 	
подходите	подхо́дите	что 	
подходите	подходи́те		 ближе
подходите	подходи́те		 близко
подходите	подходи́те		 ко мне
подходите	подходи́те		 по одному
подходите	подходи́те		 поближе
подходите	подходи́те	только не 	
поезда	по́езда		 не испугалась
поезда	по́езда	в конце 	
поезда	по́езда	в ожидании 	
поезда	по́езда	вагон 	
поезда	по́езда	вагона 	
поезда	по́езда	вагонах 	
поезда	по́езда	вашего 	
поезда	по́езда	вдоль 	
поезда	по́езда	возле 	
поезда	по́езда	голос 	
поезда	по́езда	до 	
поезда	по́езда	до самого 	
поезда	по́езда	дождалась 	
поезда	по́езда	дождались 	
поезда	по́езда	дождался 	
поезда	по́езда	дождаться 	
поезда	по́езда	дожидается 	
поезда	по́езда	дожидался 	
поезда	по́езда	ждать 	
поезда	по́езда	из 	
поезда	по́езда	колеса 	
поезда	по́езда	купе 	
поезда	по́езда	моста или 	
поезда	по́езда	начала 	
поезда	по́езда	небольшого 	
поезда	по́езда	нет 	
поезда	по́езда	номер 	
поезда	по́езда	ожидании 	
поезда	по́езда	окна 	
поезда	по́езда	окном 	
поезда	по́езда	остановки 	
поезда	по́езда	от 	
поезда	по́езда	отправления 	
поезда	по́езда	отхода 	
поезда	по́езда	отходу 	
поезда	по́езда	очередного 	
поезда	по́езда	пассажиров 	
поезда	по́езда	перрону 	
поезда	по́езда	поверженного 	
поезда	по́езда	полке 	
поезда	по́езда	прибытия 	
поезда	по́езда	с 	
поезда	по́езда	сегмент 	
поезда	по́езда	старого-престарого 	
поезда	по́езда	туша 	
поезда	по́езда	у 	
поезда	по́езда	угольного 	
поезда	по́езда	фирменного 	
поезда	по́езда	хвосте 	
поезда	по́езда	часть 	
поезда	по́езда	шум 	
поезда	поезда́		 скоро
поезда	поезда́		 стоят
поезда	поезда́	бассейны и 	
поезда	поезда́	будут 	
поезда	поезда́	в 	
поезда	поезда́	ваши 	
поезда	поезда́	ведь 	
поезда	поезда́	встречал 	
поезда	поезда́	встречала 	
поезда	поезда́	встречали 	
поезда	поезда́	мои 	
поезда	поезда́	наши 	
поезда	поезда́	рельсы и 	
поезда	поезда́	свои 	
поезда	поезда́	совсем не так как 	
поезда	поезда́	твои 	
поезда	поезда́	те 	
поезда	поезда́	ходят 	
поезда	поезда́	через 	
поезда	поезда́	чьи та 	
поезда	поезда́	эти 	
поем	пое́м		 на ночь
поем	пое́м	заодно 	
поем	пое́м	не 	 как
поем	пое́м	пока 	
поем	пое́м	пока не 	
поем	пое́м	сам 	
поем	пое́м	я, пожалуй, просто 	
поем	поё́м		 в нашем загородном клубе
поем	поё́м		 хвалы
поем	поё́м	не 	
поешь	пое́шь	иди 	
поешь	пое́шь	отдохни, 	
поешь	пое́шь	под полотенцем, 	
поешь	пое́шь	помоешься, 	
поешь	пое́шь	ты 	
поешь	поё́шь		 дифирамбы
поешь	поё́шь		 для меня
поешь	поё́шь		 псалмы
поешь	поё́шь	о чем 	
поешь	поё́шь	песни 	
поешь	поё́шь	сладко 	
поживу	пожи́ву	неплохую 	
поживу	пожи́ву	почуяв 	
поживу	пожи́ву	хорошую 	
поживу	поживу́		 у
позднее	по́зднее		 возвращение
позднее	по́зднее		 время
позднее	по́зднее		 зажигание
позднее	по́зднее		 начало
позднее	по́зднее		 прибытие
позднее	по́зднее		 серое
позднее	по́зднее		 утро
позднее	по́зднее	более 	
позднее	по́зднее	было 	
позднее	по́зднее	было уже 	
позднее	по́зднее	в 	
позднее	по́зднее	время 	
позднее	по́зднее	время было 	
позднее	по́зднее	время было не 	
позднее	по́зднее	время и 	
позднее	по́зднее	время то 	
позднее	по́зднее	время тоъ 	
позднее	по́зднее	время уже 	
позднее	по́зднее	время уже будет 	
позднее	по́зднее	довольно 	
позднее	по́зднее	за 	
позднее	по́зднее	на 	
позднее	по́зднее	наше 	
позднее	по́зднее	не очень 	
позднее	по́зднее	особо 	
позднее	по́зднее	очень 	
позднее	по́зднее	понимаю, 	
позднее	по́зднее	самое 	
позднее	по́зднее	совсем 	
позднее	по́зднее	столь 	
позднее	по́зднее	стояло 	
позднее	по́зднее	такое 	
позднее	поздне́е		 - российский
позднее	поздне́е		 была
позднее	поздне́е		 вечера
позднее	поздне́е		 возникло
позднее	поздне́е		 всех
позднее	поздне́е		 его
позднее	поздне́е		 здесь
позднее	поздне́е		 могут
позднее	поздне́е		 нас
позднее	поздне́е		 обычного
позднее	поздне́е		 он
позднее	поздне́е		 она поняла
позднее	поздне́е		 они
позднее	поздне́е		 оно
позднее	поздне́е		 перешедший
позднее	поздне́е		 понял
позднее	поздне́е		 потомки
позднее	поздне́е		 появился
позднее	поздне́е		 при
позднее	поздне́е		 проникал
позднее	поздне́е		 расстреляны
позднее	поздне́е		 станет ясно
позднее	поздне́е		 там
позднее	поздне́е		 тринадцати
позднее	поздне́е		 часть
позднее	поздне́е		 этого
позднее	поздне́е	выяснилось 	
позднее	поздне́е	где 	
позднее	поздне́е	гораздо 	
позднее	поздне́е	значительно 	
позднее	поздне́е	как мы увидим 	
позднее	поздне́е	которое 	
позднее	поздне́е	куда 	
позднее	поздне́е	много 	
позднее	поздне́е	наступить 	
позднее	поздне́е	не 	
позднее	поздне́е	не 	 начала
позднее	поздне́е	несколько 	
позднее	поздне́е	но 	
позднее	поздне́е	о чем 	
позднее	поздне́е	обнаруживается 	
позднее	поздне́е	образовались 	
позднее	поздне́е	объясню 	
позднее	поздне́е	оденетесь 	
позднее	поздне́е	переделанная 	
позднее	поздне́е	переродились 	
позднее	поздне́е	поговорим 	
позднее	поздне́е	попробует 	
позднее	поздне́е	предстоящего 	
позднее	поздне́е	придерживались 	
позднее	поздне́е	произошло 	
позднее	поздне́е	происходящее 	
позднее	поздне́е	расскажу 	
позднее	поздне́е	сообщат 	
позднее	поздне́е	сообщит 	
позднее	поздне́е	узнаете 	
позднее	поздне́е	чуть 	
поздней	по́здней		 модели
познаем	познаё́м		 принципы общежития
познаете	позна́ете	вы 	
познаете	позна́ете	тогда вы 	
познают	позна́ют	тогда они, безусловно, 	
познают	познаю́т		 способные к познанию
пойму	по́йму	в 	
пойму	по́йму	населяющих 	
пойму	по́йму	неширокую 	
пойму	по́йму	усеивающие 	
пойму	пойму́	на практике 	
пойму	пойму́	не 	
покорен	поко́рен	спокоен и 	
покорен	покорё́н		 методом
покормите	поко́рмите	не 	
полам	пола́м	блестящим 	
полам	пола́м	кафельным 	
полам	пола́м	по дубовым 	
полами	по́лами		 мокрой
полами	по́лами		 плащей
полами	по́лами		 халата
полами	по́лами	болтающимися 	
полами	по́лами	хлопая 	
полами	пола́ми	длинными 	
полами	пола́ми	каменными 	
полами	пола́ми	между 	
полах	по́лах	путаясь в 	
полах	по́лах	разодранных 	
полей	поле́й		 федоры
полка	по́лка		 за сидениями
полка	по́лка		 открывается
полка	по́лка		 с книгами
полка	по́лка	павлоградского 	
полка	по́лка	потрескавшаяся 	
полка	по́лка	стене 	
полка	по́лка	танкового 	
полка	по́лка	целая 	
полка	по́лка	что 	
полка	по́лка	широкая 	
полка	по́лка	эта 	
полка	полка́		 мотопехоты
полка	полка́	адъютант 	
полка	полка́	апшеронского 	
полка	полка́	барабанщики 	
полка	полка́	боевого 	
полка	полка́	больше 	
полка	полка́	вдоль 	
полка	полка́	гвардейских 	
полка	полка́	гвардейского 	
полка	полка́	гибели 	
полка	полка́	егерского 	
полка	полка́	засадного 	
полка	полка́	знамя 	
полка	полка́	интересы 	
полка	полка́	кавалеристы 	
полка	полка́	казначей 	
полка	полка́	касательно 	
полка	полка́	квартиргер 	
полка	полка́	командир 	
полка	полка́	командира 	
полка	полка́	командиром 	
полка	полка́	командиру 	
полка	полка́	командованию 	
полка	полка́	конных 	
полка	полка́	люди 	
полка	полка́	машины 	
полка	полка́	мимо 	
полка	полка́	не больше 	
полка	полка́	обмундирования 	
полка	полка́	около 	
полка	полка́	офицеров его 	
полка	полка́	полусотня 	
полка	полка́	пребывания 	
полка	полка́	преображенского 	
полка	полка́	расположению 	
полка	полка́	с 	
полка	полка́	сын 	
полка	полка́	фронтом 	
полка	полка́	чести 	
полка	полка́	честь 	
полка	полка́	штаба 	
полка	полка́	штабом 	
полка	полка́	штабу 	
полка	полка́	эскадрильи 	
полкам	по́лкам		 и шкафам
полкам	по́лкам	верхним 	
полкам	по́лкам	знакомым ему 	
полкам	по́лкам	к 	
полкам	по́лкам	книжным 	
полкам	по́лкам	кухонным 	
полкам	по́лкам	меня к 	
полкам	по́лкам	оружейным 	
полкам	по́лкам	по 	
полкам	по́лкам	по столам, 	
полкам	по́лкам	пробиться к 	
полкам	по́лкам	пыльным 	
полкам	по́лкам	разложили по 	
полкам	по́лкам	руки к 	
полкам	по́лкам	спиной к 	
полкам	полка́м	батальонам, 	
полкам	полка́м	десантным 	
полкам	полка́м	морским 	
полкам	полка́м	разъехались по 	
полками	по́лками		 под потолком
полками	по́лками	деревянными 	
полками	по́лками	заполненное 	
полками	по́лками	каюты с многочисленными 	
полками	по́лками	книжными 	
полками	по́лками	коптильными 	
полками	по́лками	под 	
полками	по́лками	полупустыми 	
полками	по́лками	пустыми 	
полками	по́лками	с 	 по стенам
полками	по́лками	сдвинутыми 	
полками	по́лками	холодильник с 	
полками	полка́ми		 командовал
полками	полка́ми	гвардейскими 	
полках	по́лках		 шкафа
полках	по́лках	верхних 	
полках	по́лках	деревянных 	
полках	по́лках	книжных 	
полках	по́лках	коптильных 	
полках	по́лках	магазинных 	
полках	по́лках	массивных 	
полках	по́лках	на 	
полках	по́лках	на 	 лежат
полках	по́лках	на 	 яркими
полках	по́лках	ни места на 	
полках	по́лках	стоят на 	
полках	по́лках	стоящих на 	
полках	по́лках	товара на 	
полках	по́лках	тумбах, 	
полках	по́лках	узких 	
полках	полка́х		 и дивизиях
полке	по́лке		 погреба
полке	по́лке		 поезда
полке	по́лке	длинной 	
полке	по́лке	закрывающейся 	
полке	по́лке	на 	
полке	по́лке	на 	 стоит
полке	полке́	батальоне, 	
полке	полке́	в 	
полки	по́лки		 - до потолка
полки	по́лки		 в шкафах
полки	по́лки		 и дела
полки	по́лки		 какие тоъ короткие
полки	по́лки		 купе
полки	по́лки		 с
полки	по́лки		 со
полки	по́лки		 там
полки	по́лки		 шкафов
полки	по́лки	архивные 	
полки	по́лки	багажные 	
полки	по́лки	белой 	
полки	по́лки	вдоль стен 	
полки	по́лки	верхней 	
полки	по́лки	верхние 	
полки	по́лки	взглядом 	
полки	по́лки	выломаем 	
полки	по́лки	две 	
полки	по́лки	ихней 	
полки	по́лки	люстры и 	
полки	по́лки	моей 	
полки	по́лки	настенные 	
полки	по́лки	нашей 	
полки	по́лки	оглядел его 	
полки	по́лки	поднял на 	
полки	по́лки	попадает на 	
полки	по́лки	попробовал передвинуть 	
полки	по́лки	с 	
полки	по́лки	своей 	
полки	по́лки	стеллажи, 	
полки	по́лки	стол, 	
полки	по́лки	твоей 	
полки	по́лки	той 	
полки	по́лки	три 	
полки	по́лки	узкой 	
полки	по́лки	четыре 	
полки	по́лки	чьей та 	
полки	по́лки	этой 	
полки	полки́		 нового строя
полки	полки́		 один за другим
полки	полки́	боевые 	
полки	полки́	бой 	
полки	полки́	в 	
полки	полки́	вестовыми в 	
полки	полки́	подполковники, 	
полку	по́лку		 за полкой
полку	по́лку		 эту
полку	по́лку	верхнюю 	
полку	по́лку	делает 	
полку	по́лку	ей 	
полку	по́лку	книжную 	
полку	по́лку	любимую 	
полку	по́лку	нижнюю 	
полку	по́лку	откинул 	
полку	по́лку	по 	
полку	полку́		 боевую
полку	полку́		 игореве
полку	полку́		 прибыло
полку	полку́	в 	
полку	полку́	в его 	
полку	полку́	в нашем 	
полку	полку́	моем же 	
полку	полку́	нашего 	
полку	полку́	нашего 	 прибыло
полку	полку́	придан 	
полку	полку́	придана 	
полку	полку́	придано 	
полку	полку́	слова о 	 игореве
полно	по́лно		 вам
полно	по́лно		 воевать
полно	по́лно		 грустить
полно	по́лно		 и бурно
полно	по́лно		 ощутил
полно	по́лно		 ощутила
полно	по́лно		 ощутили
полно	по́лно		 ссориться
полно	по́лно		 тебе
полно	по́лно		 тут рассиживаться
полно	по́лно	более 	
полно	по́лно	глубоко и 	
полно	по́лно	да 	 вам
полно	по́лно	да 	 тебе
полно	по́лно	достаточно 	
полно	по́лно	дышите 	
полно	по́лно	зажившие 	
полно	по́лно	максимально 	
полно	по́лно	наиболее 	
полно	по́лно	настолько 	
полно	по́лно	не 	
полно	по́лно	недостаточно 	
полно	по́лно	ну 	
полно	по́лно	отвечал 	
полно	по́лно	столь 	
полно	по́лно	так 	
полно	полно́		 вина
полно	полно́		 виски
полно	полно́		 волков
полно	полно́		 времени
полно	полно́		 забот
полно	полно́		 земли
полно	полно́		 истины
полно	полно́		 людей
полно	полно́		 народу
полно	полно́		 призраков
полно	полно́		 приятельниц
полно	полно́		 пробелов
полно	полно́		 пьяных
полно	полно́		 сил
полно	полно́		 троп
полно	полно́	было 	
полно	полно́	воды повсюду 	
полно	полно́	вокруг 	
полно	полно́	вокруг будет 	
полно	полно́	всегда 	 народу
полно	полно́	где 	
полно	полно́	здесь 	
полно	полно́	их 	
полно	полно́	каких 	
полно	полно́	кругом 	
полно	полно́	места 	
полно	полно́	наверху 	 муки
полно	полно́	народу 	
полно	полно́	оно 	
полно	полно́	полным 	
полно	полно́	полным 	 кругом
полно	полно́	полным-	
полно	полно́	там 	
полночи	по́лночи		
полночи	по́лночи	выжидая 	
полночи	по́лночи	к 	
полночи	полно́чи	проводили 	
пологом	по́логом		 леса
пологом	по́логом	мерцающим 	
пологом	по́логом	над 	
пологом	по́логом	призрачным 	
пологом	по́логом	прозрачным 	
пологом	поло́гом		 склоне
положите	поло́жите	не 	
положите	положи́те		 камень
положите	положи́те		 карточку на
положите	положи́те	оружие рядом 	
полой	по́лой		 пирамиды
полой	по́лой	в 	
полой	по́лой	из 	 рукоятки
полой	по́лой	с 	
полой	поло́й		 вражеского
полой	поло́й		 камзола
полой	поло́й		 кителя
полой	поло́й		 куртки
полой	поло́й		 накидки
полой	поло́й		 пиджака
полой	поло́й		 плаща
полой	поло́й		 промокшего
полой	поло́й		 роскошной
полой	поло́й		 свитера
полой	поло́й		 сюртука
полой	поло́й		 халатика
полой	поло́й	оторванной 	
полой	поло́й	под 	
полой	поло́й	прикрыл 	
полой	поло́й	сапоги 	
полой	поло́й	утеревшись 	
полосы	по́лосы		 ваши
полосы	по́лосы		 железа,
полосы	по́лосы		 и стержни
полосы	по́лосы		 леса
полосы	по́лосы		 наши
полосы	по́лосы		 от
полосы	по́лосы		 раствора
полосы	по́лосы		 сами
полосы	по́лосы		 света
полосы	по́лосы		 сосновой
полосы	по́лосы		 спускаются
полосы	по́лосы	алые 	
полосы	по́лосы	багровые 	
полосы	по́лосы	белые 	
полосы	по́лосы	блестящие 	
полосы	по́лосы	блики и 	
полосы	по́лосы	бляхи и 	
полосы	по́лосы	в 	
полосы	по́лосы	ваши 	
полосы	по́лосы	виднелись 	
полосы	по́лосы	горизонтальные 	
полосы	по́лосы	грязные 	
полосы	по́лосы	длинные 	
полосы	по́лосы	другие 	
полосы	по́лосы	дымные 	
полосы	по́лосы	ей 	
полосы	по́лосы	железные 	
полосы	по́лосы	жирные 	
полосы	по́лосы	камни и 	
полосы	по́лосы	косые 	
полосы	по́лосы	кровавые 	
полосы	по́лосы	ленты и 	
полосы	по́лосы	лишь 	
полосы	по́лосы	мелькали 	
полосы	по́лосы	металлические 	
полосы	по́лосы	многие 	
полосы	по́лосы	многие 	 леса
полосы	по́лосы	на 	
полосы	по́лосы	наклеивал 	
полосы	по́лосы	наклеивать 	
полосы	по́лосы	нарисовал 	
полосы	по́лосы	начертил 	
полосы	по́лосы	наши 	
полосы	по́лосы	немногие 	
полосы	по́лосы	немногие 	 леса
полосы	по́лосы	о 	
полосы	по́лосы	об 	
полосы	по́лосы	огненные 	
полосы	по́лосы	плавали 	
полосы	по́лосы	под 	
полосы	по́лосы	покажи 	
полосы	по́лосы	посадочные 	
полосы	по́лосы	появились 	
полосы	по́лосы	появились 	 пыли
полосы	по́лосы	проволоку и 	
полосы	по́лосы	продольные 	
полосы	по́лосы	различимые 	
полосы	по́лосы	разноцветные 	
полосы	по́лосы	раскладывающих 	
полосы	по́лосы	сами 	
полосы	по́лосы	серебристые 	
полосы	по́лосы	синие 	
полосы	по́лосы	сквозь 	
полосы	по́лосы	словно 	
полосы	по́лосы	снова 	
полосы	по́лосы	стержни и 	
полосы	по́лосы	такие 	
полосы	по́лосы	те 	
полосы	по́лосы	туманные 	
полосы	по́лосы	убери 	
полосы	по́лосы	угадывались 	
полосы	по́лосы	узкие 	
полосы	по́лосы	цветные 	
полосы	по́лосы	через 	
полосы	по́лосы	широкие 	
полосы	по́лосы	эти 	
полосы	полосы́		 неудач
полосы	полосы́		 островов
полосы	полосы́		 препятствий
полосы	полосы́		 прибоя
полосы	полосы́	вдоль 	
полосы	полосы́	вне 	
полосы	полосы́	вышеупомянутой 	
полосы	полосы́	газетной 	
полосы	полосы́	границе 	
полосы	полосы́	две 	
полосы	полосы́	двойной 	
полосы	полосы́	до 	
полосы	полосы́	достиг 	
полосы	полосы́	достигли 	
полосы	полосы́	достигли 	 песка
полосы	полосы́	достигнув 	
полосы	полосы́	завоеватель 	
полосы	полосы́	заградительной 	
полосы	полосы́	земли 	
полосы	полосы́	знаками 	
полосы	полосы́	из 	
полосы	полосы́	концом 	
полосы	полосы́	красной 	
полосы	полосы́	краю 	
полосы	полосы́	минной 	
полосы	полосы́	мутной 	
полосы	полосы́	небольшой 	
полосы	полосы́	нейтральной 	
полосы	полосы́	ничейной 	
полосы	полосы́	ножны 	
полосы	полосы́	огненных 	
полосы	полосы́	оконечность 	
полосы	полосы́	острой 	
полосы	полосы́	от 	
полосы	полосы́	пейзаж средней 	
полосы	полосы́	первой 	
полосы	полосы́	подсветка 	
полосы	полосы́	покрытии 	
полосы	полосы́	посадочной 	
полосы	полосы́	преодоление 	
полосы	полосы́	прибрежной 	
полосы	полосы́	прифронтовой 	
полосы	полосы́	проходимой 	
полосы	полосы́	с 	
полосы	полосы́	сверкающей 	
полосы	полосы́	синей 	
полосы	полосы́	состояние 	
полосы	полосы́	состоянии 	
полосы	полосы́	средней 	
полосы	полосы́	стальной 	
полосы	полосы́	сторону 	
полосы	полосы́	такой же 	
полосы	полосы́	той 	
полосы	полосы́	широкой 	
полотна	поло́тна		 на стенах
полотна	поло́тна		 находятся
полотна	поло́тна	в 	
полотна	поло́тна	ваши 	
полотна	поло́тна	через 	
полотна	поло́тна	чьи 	
полотна	поло́тна	эти 	
полотна	полотна́		 дорог
полотна	полотна́	белого 	
полотна	полотна́	возле 	
полотна	полотна́	кусок 	
полотна	полотна́	нитей 	
полотна	полотна́	нити 	
полотна	полотна́	отбеливанием 	
полотна	полотна́	род 	
полотна	полотна́	собственного 	
полотна	полотна́	стороны 	
полотна	полотна́	того 	
полотна	полотна́	толстого 	
полотна	полотна́	тонкого 	
полотна	полотна́	три 	
полу	по́лу		 брикману
полу	по́лу		 его
полу	по́лу		 и возрасту
полу	по́лу		 куртки
полу	по́лу		 мантии
полу	по́лу		 пиджака
полу	по́лу		 плаща
полу	по́лу		 халата
полу	по́лу		 халатика
полу	по́лу	базальтовому 	
полу	по́лу	бетонному 	
полу	по́лу	вздыбленному 	
полу	по́лу	вырвал 	
полу	по́лу	даже своему 	
полу	по́лу	до 	
полу	по́лу	до самого 	
полу	по́лу	женского 	
полу	по́лу	женскому 	
полу	по́лу	за 	
полу	по́лу	к грязному 	
полу	по́лу	к самому 	
полу	по́лу	каменному 	
полу	по́лу	мраморному 	
полу	по́лу	мужскому 	
полу	по́лу	откинул 	
полу	по́лу	оттянул 	
полу	по́лу	параллельно 	
полу	по́лу	перпендикулярно 	
полу	по́лу	по 	
полу	по́лу	по 	 проводами
полу	по́лу	по бетонному 	
полу	по́лу	по всему 	
полу	по́лу	по усеянному мусором 	
полу	по́лу	под 	
полу	по́лу	подхватил 	
полу	по́лу	полированному 	
полу	по́лу	прекрасному 	
полу	по́лу	с 	
полу	по́лу	синтетическому 	
полу	по́лу	скользкому 	
полу	по́лу	скошенному 	
полу	по́лу	слабому 	
полу	по́лу	холодному 	
полу	полу́		 душа
полу	полу́	в 	
полу	полу́	дощатому 	
полу	полу́	к 	
полу	полу́	каменном 	
полу	полу́	линолеумом 	
полу	полу́	на 	
полу	полу́	на 	 лежали
полу	полу́	на 	 трусы
полу	полу́	откинуть 	
полу	полу́	стоящий на 	
полу	полу́	этом 	
полутона	полутона́	в 	
полутона	полутона́	ваши 	
полутона	полутона́	наши 	
полутона	полутона́	о 	
полутона	полутона́	об 	
полутона	полутона́	пастельные 	
полутона	полутона́	под 	
полутона	полутона́	покажи 	
полутона	полутона́	появились 	
полутона	полутона́	сами 	
полутона	полутона́	сквозь 	
полутона	полутона́	те 	
полутона	полутона́	убери 	
полутона	полутона́	через 	
полутона	полутона́	эти 	
получите	полу́чите		 вместе
получите	полу́чите		 вы
получите	полу́чите		 деньгами
получите	полу́чите		 железную уверенность
получите	полу́чите		 на
получите	полу́чите		 плату
получите	полу́чите		 признание
получите	полу́чите		 тем
получите	полу́чите		 этот шанс
получите	полу́чите	вряд ли 	
получите	полу́чите	вы 	
получите	полу́чите	вы его 	
получите	полу́чите	документы 	 сегодня
получите	полу́чите	ее 	
получите	полу́чите	если вообще 	
получите	полу́чите	жрать 	 не скоро
получите	полу́чите	и 	
получите	полу́чите	не 	
получите	полу́чите	не 	 слова
получите	полу́чите	но и 	
получите	полу́чите	обратный 	
получите	полу́чите	объяснения 	
получите	полу́чите	просите и 	
получите	полу́чите	результат 	
получите	полу́чите	сегодня 	
получите	полу́чите	сейчас 	
получите	полу́чите	скоро 	
получите	полу́чите	трое 	
получите	полу́чите	у меня 	
получите	полу́чите	что 	 от покупателя
получите	получи́те		 и распишитесь
получите	получи́те	нате, 	
получите	получи́те	сегодня же 	
полы	по́лы		 его плаща
полы	по́лы		 кафтана
полы	по́лы		 накидки
полы	по́лы		 одежды
полы	по́лы		 пальто
полы	по́лы		 пиджака
полы	по́лы		 платья
полы	по́лы		 плаща
полы	по́лы		 распахнувшегося
полы	по́лы		 тут же
полы	по́лы		 халата
полы	по́лы		 хомерика
полы	по́лы		 шинели
полы	по́лы		 шубы
полы	по́лы	в 	
полы	по́лы	длинные 	
полы	по́лы	за 	 плаща
полы	по́лы	задрав 	
полы	по́лы	задрал 	
полы	по́лы	запахнутые 	
полы	по́лы	ноги и 	
полы	по́лы	плащ, 	 которого
полы	по́лы	разведя 	
полы	по́лы	трепал 	
полы	по́лы	широкие 	
полы	полы́		 в помещении
полы	полы́		 во дворце
полы	полы́		 и окна
полы	полы́		 и потолки
полы	полы́		 и стены
полы	полы́		 могу
полы	полы́		 моем
полы	полы́		 мою
полы	полы́		 мы
полы	полы́		 мыла
полы	полы́		 на
полы	полы́		 чище
полы	полы́		 широкого
полы	полы́	выметают 	
полы	полы́	даже 	
полы	полы́	каменные 	
полы	полы́	кафельные 	
полы	полы́	мел 	
полы	полы́	мела 	
полы	полы́	моет 	
полы	полы́	мозаичные 	
полы	полы́	мою 	
полы	полы́	моя 	
полы	полы́	мраморные 	
полы	полы́	ногами в 	
полы	полы́	посуда, 	
полы	полы́	прогнившие 	
полюбите	полю́бите		 ли
полюса	по́люса	в районе 	 планеты
полюса	по́люса	два 	
полюса	по́люса	нет 	
полюса	по́люса	прямо около 	
полюса	по́люса	с 	
полюса	по́люса	с самого 	
полюса	по́люса	самого 	
полюса	по́люса	северного 	 луны
полюса	по́люса	стороны 	
полюса	по́люса	три 	
полюса	по́люса	у 	
полюса	полюса́	в 	
полюса	полюса́	ваши 	
полюса	полюса́	двойные 	
полюса	полюса́	неразделимые 	
полюса	полюса́	подобные 	
полюса	полюса́	поле и 	
полюса	полюса́	сиречь 	 магнита
полюса	полюса́	через 	
полюса	полюса́	эти 	
поля	по́ля		 берже
поля	по́ля		 боя
поля	по́ля		 брани
поля	по́ля		 зрения
поля	по́ля	анализ 	
поля	по́ля	астрального 	
поля	по́ля	базового 	
поля	по́ля	без 	
поля	по́ля	белое покрывало 	
поля	по́ля	бесконечного 	
поля	по́ля	бескрайнего 	
поля	по́ля	благодатного 	
поля	по́ля	бородинского 	
поля	по́ля	бранного 	
поля	по́ля	братика 	
поля	по́ля	вашего 	
поля	по́ля	вдоль 	
поля	по́ля	включения 	
поля	по́ля	вместо 	
поля	по́ля	вне 	
поля	по́ля	временного 	
поля	по́ля	всего 	
поля	по́ля	вспомнил 	
поля	по́ля	выжженного 	
поля	по́ля	границе леса и 	
поля	по́ля	два 	
поля	по́ля	до 	
поля	по́ля	достаточного 	
поля	по́ля	другом конце 	
поля	по́ля	заброшенного 	
поля	по́ля	идущего с 	
поля	по́ля	колосящегося 	
поля	по́ля	конца 	
поля	по́ля	конце 	
поля	по́ля	краю 	
поля	по́ля	края 	
поля	по́ля	кукурузного 	
поля	по́ля	куликова 	
поля	по́ля	магнитного 	
поля	по́ля	на краю 	
поля	по́ля	начале 	
поля	по́ля	неизвестного 	
поля	по́ля	никакого 	
поля	по́ля	подготовка 	
поля	по́ля	посреди 	 стоит
поля	по́ля	ржаного 	
поля	по́ля	с 	
поля	по́ля	свойствами 	
поля	по́ля	слоях 	
поля	по́ля	теории 	
поля	по́ля	теорий 	
поля	по́ля	теория 	
поля	по́ля	три 	
поля	по́ля	флюктуация 	
поля	по́ля	фокусирующего 	
поля	по́ля	футбольного 	
поля	по́ля	футбольных 	
поля	по́ля	центре 	
поля	по́ля	частоте 	
поля	по́ля	часть 	
поля	по́ля	четыре 	
поля	по́ля	щит 	
поля	по́ля	энтропийного 	
поля	по́ля	этномагического 	
поля	по́ля	этого 	
поля	поля́		 заросли
поля	поля́		 и города
поля	поля́		 и горы
поля	поля́		 и дороги
поля	поля́		 и леса
поля	поля́		 и луга
поля	поля́		 и реки
поля	поля́		 не позволят
поля	поля́	благодатные 	
поля	поля́	большие 	
поля	поля́	были 	
поля	поля́	вещество и 	
поля	поля́	воды и 	
поля	поля́	горы и 	
поля	поля́	деревья, 	
поля	поля́	дома и 	
поля	поля́	заросли 	
поля	поля́	леса и 	
поля	поля́	леса, 	
поля	поля́	луга и 	
поля	поля́	окружающие город 	
поля	поля́	превращая леса и 	
поля	поля́	сады, 	
поля	поля́	там кругом 	
поля	поля́	эти 	
помет	помё́т		 мутанта
помет	помё́т	не 	
помета	помё́та	сбором 	
помни	по́мни	зря не рискуй 	
понятого	по́нятого		 им
понятого	по́нятого		 принципа
понятого	по́нятого	ложно 	
понятые	поняты́е	в 	
понятым	по́нятым	быть 	
понятым	по́нятым	неверно 	
понятым	по́нятым	правильно 	
понятым	по́нятым	превратно 	
понятыми	по́нятыми	остались не 	
понятыми	по́нятыми	хотят быть 	
понятых	по́нятых		 терминов
понятых	по́нятых	не 	
понятых	поняты́х		 и свидетеля
понятых	поняты́х	в присутствии 	
попа	по́па		 не целлюлитная
попа	по́па		 новый год
попа	по́па	его 	
попа	по́па	ее 	
попа	по́па	здравствуй 	
попа	по́па	здравствуй, 	
попа	по́па	здрасьте, 	
попадала	попа́дала		 на колени
попадала	попада́ла		 в
попадала	попада́ла	власть 	
попадала	попада́ла	редко 	
попадали	попа́дали		 в снег
попадали	попа́дали		 вниз
попадали	попа́дали		 возле
попадали	попа́дали		 друг на друга
попадали	попа́дали		 на пол
попадали	попа́дали		 ничком
попадали	попа́дали		 со своих
попадали	попада́ли		 в глаза
попадали	попада́ли		 в лечебницу
попадали	попада́ли		 ноги
попадали	попада́ли		 точно в цель
попадали	попада́ли	в него 	
попадали	попада́ли	вроде 	
попадали	попада́ли	часто 	
попадали	попада́ли	через эти двери 	
попадало	попада́ло	не 	
попадало	попада́ло	не раз 	
попадало	попада́ло	что 	
попадало	попада́ло	что 	 в
попадать	попа́дать		 с
попадать	попа́дать	не 	 и не переломать
попадать	попа́дать	успели 	
попадать	попада́ть		 в
попадать	попада́ть		 не приходилось
попадать	попада́ть		 не хотелось
попадать	попада́ть	в зону 	
попадать	попада́ть	доводилось 	 в
попадать	попада́ть	лучше не 	
попадать	попада́ть	случалось 	
попадать	попада́ть	стараясь 	
попадают	попа́дают		 в обморок
попадают	попада́ют		 в руки
попадают	попада́ют		 в тюрьму
попадают	попада́ют		 лучшие
попадают	попада́ют	в кабалу 	
попадают	попада́ют	в него не 	
попадают	попада́ют	во что 	
попадают	попада́ют	выстрелы 	
попадают	попада́ют	здорово они 	
попадают	попада́ют	как в него 	
попадают	попада́ют	которые сюда 	
попам	попа́м		 на часовенку
попам	попа́м	целует 	
попами	попа́ми	над 	
попами	попа́ми	невежественными 	
попе	по́пе	сидеть на 	
пописать	попи́сать		 на
пописать	попи́сать		 отходила
пописать	попи́сать	приспичило 	
поплатитесь	попла́титесь		
поправим	попра́вим		 дело
поправим	попра́вим	мы 	
поправим	попра́вим	не 	
поправим	попра́вим	обязательно 	
попросите	попро́сите	вы 	
попросите	попро́сите	чего ни 	
попросите	попро́сите	что 	
попросите	попро́сите	что вы 	
попросите	попро́сите	этом 	
попросите	попроси́те		 сюда
попу	по́пу	голую 	
попу	по́пу	облегала 	
попу	по́пу	уселась на 	
попы	по́пы	в сторону моей 	
попы	по́пы	половинками 	
попы	попы́	лицемерные 	
порах	по́рах	в 	
порах	пора́х	всех 	
порах	пора́х	первых 	
поросли	по́росли	в 	
поросли	по́росли	луговой 	
поросли	по́росли	молодой 	
поросли	поросли́		 волосами
поросли	поросли́		 густым
поросли	поросли́		 травой
поросли	поросли́	густо 	
порту	по́рту	блистательную 	
порту	по́рту	к 	
порту	порту́	в 	
порту	порту́	другом 	
порту	порту́	каком-нибудь 	
порту	порту́	самом 	
порту	порту́	стоит в 	
порту	порту́	стоят в 	
порту	порту́	этом 	
поручите	пору́чите	вы 	
поры	по́ры		
поры	по́ры	каждой 	
поры	по́ры	прочистить 	
поры	по́ры	сквозь 	
поры	по́ры	через 	
поры	поры́		 до времени
поры	поры́	до 	
поры	поры́	до сей 	
поры	поры́	до той 	
поры	поры́	отроческой 	
поры	поры́	с той 	
поры	поры́	самой 	
поры	поры́	сей 	
поры	поры́	те 	
поры	поры́	той 	
поры	поры́	этой 	
посадите	поса́дите	действительно 	
посадите	поса́дите	не 	
посадите	посади́те		 его в
посадите	посади́те		 их в
посмотрите	посмо́трите	вы 	
посмотрите	посмо́трите	если вы 	
посмотрите	посмо́трите	не 	
посмотрите	посмотри́те		 вдаль,
посмотрите	посмотри́те		 только на эти тучи
посмотрите	посмотри́те	подумайте. 	
постели	посте́ли		 больного
постели	посте́ли	в 	
постели	посте́ли	застеленной 	
постели	посте́ли	к 	
постели	посте́ли	мало 	
постели	посте́ли	не имея 	
постели	посте́ли	оборудованной 	
постели	посте́ли	одной 	
постели	посте́ли	подобие 	
постели	посте́ли	с 	
постели	посте́ли	сладкой 	
постели	посте́ли	смятой 	
постели	посте́ли	у 	
постели	посте́ли	у 	 больного стоит
постели	посте́ли	широченной 	
постели	посте́ли	этой 	
постели	постели́	сам 	
постриг	по́стриг	принял 	
поступи	по́ступи	его 	
поступи	по́ступи	их 	
поступи	по́ступи	к 	
поступи	по́ступи	от 	
поступи	по́ступи	тяжкой 	
поступи	поступи́		 я
поступите	посту́пите		 под
поступите	посту́пите	вы 	 правильно
посыпали	посыпа́ли		 конфетти
посыпали	посыпа́ли	их сверху 	
потерпите	поте́рпите		 неудачу
потерпите	поте́рпите		 поражение
потерпите	поте́рпите	либо 	
потерпите	потерпи́те		 несколько
потерпите	потерпи́те		 пожалуйста
потерпите	потерпи́те		 чуточку
потерпите	потерпи́те	вам понравится - 	
потерпите	потерпи́те	вы уж 	
потом	по́том		 и кровью
потом	по́том		 и чьими то духами
потом	по́том		 и чьими тоъ духами
потом	по́том		 покрылся его
потом	по́том		 покрылся лоб
потом	по́том		 покрылся нос
потом	по́том		 разит
потом	по́том	благовониями и 	
потом	по́том	вином да 	
потом	по́том	вином и 	
потом	по́том	вонючим 	
потом	по́том	вонявших 	
потом	по́том	воняет рвотой и 	
потом	по́том	воняли 	
потом	по́том	воняющий 	
потом	по́том	воняющих 	
потом	по́том	воняя 	
потом	по́том	выступает 	
потом	по́том	гадким 	
потом	по́том	горячо, запахло 	
потом	по́том	гуще запахло 	
потом	по́том	едким 	
потом	по́том	залитое 	 лицо
потом	по́том	запахло 	
потом	по́том	засохшим 	
потом	по́том	застарелым 	
потом	по́том	и запахло 	
потом	по́том	истекал 	
потом	по́том	истекала 	
потом	по́том	истекали 	
потом	по́том	истекающая 	
потом	по́том	истекающие 	
потом	по́том	истекающий 	
потом	по́том	истекая 	
потом	по́том	исходить 	
потом	по́том	кабине запахло 	
потом	по́том	конским 	
потом	по́том	ледяным 	
потом	по́том	липким 	
потом	по́том	мочой и 	
потом	по́том	мужицким 	
потом	по́том	мужским 	
потом	по́том	не перебиваемым 	
потом	по́том	обливалась 	
потом	по́том	обливались 	
потом	по́том	обливался 	
потом	по́том	обливаться 	
потом	по́том	обливающегося 	
потом	по́том	обливаясь 	
потом	по́том	остро запахло 	
потом	по́том	пахло 	
потом	по́том	пахло мускусом и 	
потом	по́том	пахло нашим 	
потом	по́том	пахло там 	
потом	по́том	пахло чужим 	
потом	по́том	пахнет чужим 	
потом	по́том	пахнувший 	
потом	по́том	пахнувших 	
потом	по́том	пахнуло 	
потом	по́том	пахнущего 	
потом	по́том	пахнущее 	
потом	по́том	пахнущие 	
потом	по́том	пахнущий 	
потом	по́том	пахнущую 	
потом	по́том	пирожки 	 выйдут
потом	по́том	покрывается 	
потом	по́том	покрываясь 	
потом	по́том	покрывшись 	
потом	по́том	покрылась 	
потом	по́том	покрылся 	
потом	по́том	покрытая 	
потом	по́том	покрытого 	 тела
потом	по́том	покрытой 	
потом	по́том	покрыты 	
потом	по́том	покрытые 	
потом	по́том	покрытый 	
потом	по́том	провонял 	
потом	по́том	провонялся 	
потом	по́том	пропахшую 	
потом	по́том	пропитавшийся 	
потом	по́том	пропиталась 	
потом	по́том	пропитанных 	
потом	по́том	разило 	
потом	по́том	разит 	
потом	по́том	резко запахло 	
потом	по́том	с 	
потом	по́том	свежим 	
потом	по́том	сразу запахло 	
потом	по́том	трудовым 	
потом	по́том	трудом и 	
потом	по́том	холодным 	
потом	по́том	человеческим 	
потом	по́том	чужим 	
потом	пото́м		 входите
потом	пото́м		 глаза на лоб
потом	пото́м		 голоса -
потом	пото́м		 города
потом	пото́м		 дела
потом	пото́м		 начал
потом	пото́м		 пали
потом	пото́м		 ты
потом	пото́м		 узнаю.
потом	пото́м	а 	
потом	пото́м	а 	 начала
потом	пото́м	а 	 осел,
потом	пото́м	которым 	
потом	пото́м	на 	
потом	пото́м	тела 	 бродят
потом	пото́м	что 	
потом	пото́м	что было 	
поторопитесь	поторопи́тесь	пожалуйста, 	
поторопитесь	поторопи́тесь	так или иначе, 	
потрудитесь	потруди́тесь		 объяснить
потрудитесь	потруди́тесь		 ответить
потрудитесь	потруди́тесь		 представиться
потрудитесь	потруди́тесь	вы тут 	
походите	похо́дите	на него 	
похороните	похоро́ните	вот 	
почесть	поче́сть		 за
почесть	поче́сть	без греха 	 вероятным
почту	по́чту	на 	
почту	почту́		 за великую
почту	почту́		 за счастье
почту	почту́		 за честь
почту	почту́		 это за честь
почту	почту́	честь 	
почту	почту́	я 	 за
пошло	по́шло	был 	
пошло	по́шло	весьма 	
пошло	по́шло	выглядят 	
пошло	по́шло	глаза 	
пошло	пошло́		 бы
пошло	пошло́		 в
пошло	пошло́		 вниз
пошло	пошло́		 гулять
пошло	пошло́		 дальше
пошло	пошло́		 ей
пошло	пошло́		 ему
пошло	пошло́		 им
пошло	пошло́		 легче
пошло	пошло́		 на
пошло	пошло́		 не так
пошло	пошло́		 оно
пошло	пошло́		 по
пошло	пошло́		 под
пошло	пошло́		 под откос
пошло	пошло́		 поехало
пошло	пошло́		 тепло
пошло	пошло́	в мозг 	
пошло	пошло́	время 	
пошло	пошло́	дело 	
пошло	пошло́	и 	, и [homo] пошло [/homo]
пошло	пошло́	на то 	
пошло	пошло́	не 	 бы
пошло	пошло́	прозвище 	
появитесь	поя́витесь	вы 	
пояса	по́яса	астероидного 	
пояса	по́яса	астероиды 	
пояса	по́яса	без 	
пояса	по́яса	в районе 	
пояса	по́яса	внутри 	
пояса	по́яса	вокруг 	
пояса	по́яса	выше 	
пояса	по́яса	до 	
пояса	по́яса	из 	
пояса	по́яса	из за 	
пояса	по́яса	из-за 	
пояса	по́яса	изумрудного 	
пояса	по́яса	на краю 	
пояса	по́яса	ниже 	
пояса	по́яса	от 	
пояса	по́яса	почти 	
пояса	по́яса	с 	
пояса	по́яса	самого 	
пояса	по́яса	своего 	
пояса	по́яса	серебряного 	
пояса	по́яса	тропического 	
пояса	по́яса	у 	
пояса	по́яса	часового 	
пояса	по́яса	широкого 	
пояса	пояса́	в 	
пояса	пояса́	ваши 	
пояса	пояса́	давай, 	 вяжи
пояса	пояса́	затяните 	
пояса	пояса́	не оттягивали 	
пояса	пояса́	сняли 	
пояса	пояса́	страховочные 	
пояса	пояса́	те 	
пояса	пояса́	часовые 	
пояса	пояса́	через 	
пояса	пояса́	эти 	
права	пра́ва		 вести
права	пра́ва		 выбора
права	пра́ва		 голоса
права	пра́ва		 доступа
права	пра́ва		 на выбор
права	пра́ва		 на существование
права	пра́ва		 отвергать
права	пра́ва		 первой ночи
права	пра́ва	авторского 	
права	пра́ва	без 	
права	пра́ва	бернского 	
права	пра́ва	больше 	
права	пра́ва	большего 	
права	пра́ва	в области 	
права	пра́ва	вдоль 	
права	пра́ва	видимость 	
права	пра́ва	вроде 	 на
права	пра́ва	вы не имеете 	
права	пра́ва	добившееся 	
права	пра́ва	добилась 	
права	пра́ва	добились 	
права	пра́ва	добился 	
права	пра́ва	достоин 	
права	пра́ва	земли и 	
права	пра́ва	из 	
права	пра́ва	из за 	
права	пра́ва	избирательного 	
права	пра́ва	изучение 	
права	пра́ва	имеем 	
права	пра́ва	имеет 	 голоса
права	пра́ва	имеешь 	
права	пра́ва	имел 	
права	пра́ва	имела 	
права	пра́ва	имею 	
права	пра́ва	имею на это 	
права	пра́ва	иммиграционного 	
права	пра́ва	кроме 	
права	пра́ва	лет 	
права	пра́ва	личиной 	
права	пра́ва	лишает 	
права	пра́ва	лишается 	
права	пра́ва	лишались 	
права	пра́ва	лишаю вас 	
права	пра́ва	лишилась 	
права	пра́ва	лишился 	
права	пра́ва	магистра 	
права	пра́ва	малейшего 	
права	пра́ва	международного 	
права	пра́ва	меня 	
права	пра́ва	моего 	
права	пра́ва	морального 	
права	пра́ва	на то 	
права	пра́ва	на тоъ 	
права	пра́ва	на это 	
права	пра́ва	не было 	
права	пра́ва	не давал мне 	
права	пра́ва	не дает последнему 	
права	пра́ва	не дает тебе 	
права	пра́ва	не должно быть 	
права	пра́ва	не имеем 	
права	пра́ва	не имеет 	
права	пра́ва	не имеете 	
права	пра́ва	не имеешь 	
права	пра́ва	не имел 	
права	пра́ва	не имел на это 	
права	пра́ва	не имела 	
права	пра́ва	не имели 	
права	пра́ва	не имею 	
права	пра́ва	не имею на это 	
права	пра́ва	не имеют 	
права	пра́ва	не имея 	
права	пра́ва	не имея 	 на
права	пра́ва	незыблемости 	
права	пра́ва	нет 	
права	пра́ва	нет и 	
права	пра́ва	нет никакого 	
права	пра́ва	нет у меня 	
права	пра́ва	ни 	
права	пра́ва	ни малейшего 	
права	пра́ва	никакого 	
права	пра́ва	нормы 	
права	пра́ва	области 	
права	пра́ва	область 	
права	пра́ва	областях 	
права	пра́ва	обретению 	
права	пра́ва	от 	
права	пра́ва	отнимали 	
права	пра́ва	отраслей 	
права	пра́ва	отрасли 	
права	пра́ва	отрасль 	
права	пра́ва	отраслью 	
права	пра́ва	передача 	
права	пра́ва	полного 	
права	пра́ва	предъявление 	
права	пра́ва	прежнего 	
права	пра́ва	профессор 	
права	пра́ва	ради 	
права	пра́ва	с точки зрения 	
права	пра́ва	своего 	
права	пра́ва	собственного 	
права	пра́ва	такого 	
права	пра́ва	твоего 	
права	пра́ва	тебя 	
права	пра́ва	требуем 	
права	пра́ва	ты 	 не
права	пра́ва	у нас 	
права	пра́ва	уголовного 	
права	пра́ва	удостоиться 	
права	пра́ва	условие 	
права	пра́ва	утрате 	
права	пра́ва	хотя бы 	
права	пра́ва	человеческого 	
права	пра́ва	четыре 	
права	пра́ва	экономики и 	
права	пра́ва	этого 	
права	права́		 будет
права	права́		 была
права	права́		 выяснить
права	права́		 драться
права	права́		 жить
права	права́		 заподозрить
права	права́		 и паспорт
права	права́		 и техпаспорт
права	права́		 менять свои
права	права́		 на его
права	права́		 на замок
права	права́		 на этот
права	права́		 народонаселения
права	права́		 населения
права	права́		 не подчиниться
права	права́		 она была
права	права́		 остального народонаселения
права	права́		 поесть
права	права́		 стандартные
права	права́		 строить
права	права́		 ты
права	права́		 у вас есть?
права	права́		 ходить
права	права́	бабка 	
права	права́	будет 	
права	права́	буду 	
права	права́	была 	
права	права́	была бы 	
права	права́	была не 	
права	права́	была, конечно, 	
права	права́	в 	
права	права́	ваши 	
права	права́	девушка 	
права	права́	документы, 	
права	права́	древние 	
права	права́	его 	
права	права́	есть 	
права	права́	за 	
права	права́	за их же 	
права	права́	и 	 потеряю
права	права́	из бардачка 	
права	права́	кругом 	
права	права́	кругом не 	
права	права́	мои 	
права	права́	на 	
права	права́	насколько 	
права	права́	наши 	
права	права́	не 	
права	права́	она 	
права	права́	она не 	
права	права́	она, конечно, 	
права	права́	паспорт и 	
права	права́	паспорт, 	
права	права́	разъяснены их 	
права	права́	свои 	
права	права́	себе 	
права	права́	твои 	
права	права́	те же 	
права	права́	техпаспорт и 	
права	права́	ты 	
права	права́	ты не 	
права	права́	экстерриториальные 	
права	права́	энциклопедия 	
права	права́	эти 	
права	права́	я 	
права	права́	я же 	
права	права́	яга 	
предали	пре́дали		 мужей
предложите	предло́жите	наверное 	
предложите	предло́жите	что вы 	
предъявите	предъя́вите	вы 	
предъявите	предъяви́те		 пропуск,
привод	приво́д		 в
привода	при́вода		 колеса
привода	при́вода	ручного 	
приводите	приво́дите		 меня
приводите	приво́дите	вы 	
приводите	приво́дите	что вы не 	
приводите	приводи́те	идите, 	
приезжая	прие́зжая	играла 	
приезжая	приезжа́я		 в
приезжая	приезжа́я		 на
признаем	призна́ем	а то не 	
признаем	призна́ем	давай 	
признаем	призна́ем	давайте 	
признаем	призна́ем	и, 	 честно,
признаем	призна́ем	сами 	
признаем	призна́ем	уж 	
признаемся	призна́емся	давайте 	
признает	призна́ет	если не 	
признает	призна́ет	мою кто 	
признает	призна́ет	не 	 никогда
признает	призна́ет	никогда не 	
признает	призна́ет	обязательно 	
признает	призна́ет	просто 	
признает	призна́ет	рано или поздно 	
признает	признаё́т		 великий
признает	признаё́т	мужчина 	
признает	признаё́т	не 	
признает	признаё́т	формально 	
признается	призна́ется	вдруг 	
признается	призна́ется	добровольно не 	
признается	призна́ется	за что не 	
признается	призна́ется	застенчиво 	
признается	призна́ется	когда он 	
признается	призна́ется	когда он 	 им
признаешь	призна́ешь	вдруг 	
признаешь	призна́ешь	хрен 	
признаешься	призна́ешься	ему ты 	
признаешься	призна́ешься	и 	
признаешься	призна́ешься	когда 	
признаешься	призна́ешься	может, 	
признаешься	призна́ешься	теперь 	
признаю	призна́ю	я 	
признаю	призна́ю	я и 	
признаю	признаю́		 со стыдом!
признаю	признаю́	- конечно, 	
признаю	признаю́	ладно, 	
признаю	признаю́	полностью 	
признаю	признаю́	со стыдом 	
признаю	признаю́	я 	 это,
признаюсь	призна́юсь		 в
признаюсь	призна́юсь		 вам
признаюсь	призна́юсь		 тебе
признаюсь	призна́юсь		 только
признаюсь	призна́юсь		 честно
признаюсь	призна́юсь		 честно,
признаюсь	призна́юсь	вам 	
признаюсь	призна́юсь	если 	
признаюсь	призна́юсь	если я 	
признаюсь	призна́юсь	не 	
признаюсь	призна́юсь	нежели 	
признаюсь	призна́юсь	откровенно 	
признаюсь	призна́юсь	хотя 	
признаюсь	призна́юсь	честно 	
признают	призна́ют		 тебя невиновным
признают	призна́ют	вот-вот 	
признаются	призна́ются	наверняка 	
признаются	призна́ются	не 	
признаются	признаю́тся		 за почти одинаковыми звуками
признаются	признаю́тся		 смягчающие
приколов	приколо́в		 его
приколов	приколо́в		 им
приколов	приколо́в		 их
приложите	прило́жите	вы 	
приложите	приложи́те	но 	
применим	примени́м		 термин
примет	при́мет		 вас
примет	при́мет		 ваши
примет	при́мет		 высказанную
примет	при́мет		 гостей
примет	при́мет		 его
примет	при́мет		 за оскорбления
примет	при́мет		 завтра
примет	при́мет		 из моей
примет	при́мет		 их
примет	при́мет		 к сведению
примет	при́мет		 как
примет	при́мет		 ли тебя
примет	при́мет		 мои
примет	при́мет		 молитву
примет	при́мет		 мою
примет	при́мет		 надлежащие
примет	при́мет		 нас
примет	при́мет		 по
примет	при́мет		 посланцев
примет	при́мет		 свои
примет	при́мет		 твои
примет	при́мет		 тебя
примет	при́мет	больного 	
примет	при́мет	вас 	
примет	при́мет	за оскорбление 	
примет	при́мет	кто 	
примет	при́мет	нас 	
примет	при́мет	не 	
примет	при́мет	облик 	
примет	при́мет	он меня 	
примет	при́мет	она меня 	
примет	при́мет	предложение 	
примет	при́мет	процесс 	
примет	при́мет	решение 	
примет	при́мет	смерть 	
примет	при́мет	тебя 	
примет	приме́т		 нет
примет	приме́т	внешних 	
примет	приме́т	никаких 	
примет	приме́т	особых 	
примете	при́мете	удар 	
примете	приме́те	на 	
приму	приму́		 решение
приму	приму́	не 	
приносите	прино́сите		 в жертву
приносите	прино́сите		 горе
приносите	прино́сите		 победу
приносите	прино́сите		 себе
приносите	прино́сите	возможно, 	 пользу
приносите	прино́сите	всегда 	
приносите	прино́сите	вы 	
приносите	прино́сите	легко 	
приносите	прино́сите	обычно 	
присмотрите	присмо́трите		
присмотрите	присмо́трите	что вы 	
присмотритесь	присмо́тритесь	если 	
приступите	приступи́те	не 	
приходите	прихо́дите		 на землю
приходите	прихо́дите	вы 	
приходите	прихо́дите	вы же 	 сюда
приходите	прихо́дите	вы к нам и 	
приходите	прихо́дите	когда вы 	
приходите	приходи́те		 все
приходите	приходи́те		 завтра
приходите	приходи́те		 ко
приходите	приходи́те		 на
приходите	приходи́те		 снова
приходите	приходи́те	а вы 	
пробегал	пробе́гал		 весь
пробегал	пробе́гал		 всю
пробегал	пробега́л		
пробегал	пробега́л		 их глазом
пробегал	пробега́л		 мимо
пробегал	пробега́л		 по
пробегал	пробега́л		 по городу
пробегал	пробега́л	глазами 	
пробегал	пробега́л	изредка 	
пробегал	пробега́л	иногда 	
пробегала	пробе́гала		 весь
пробегала	пробега́ла		
пробегала	пробега́ла		 дрожь
пробегала	пробега́ла		 мимо
пробегала	пробега́ла		 нервная
пробегала	пробега́ла		 рябь
пробегала	пробега́ла	дрожь 	
пробегала	пробега́ла	лицу 	
пробегала	пробега́ла	медленно 	
пробегала	пробега́ла	по двору 	
пробегали	пробе́гали		 весь
пробегали	пробега́ли		
пробегали	пробега́ли		 волны
пробегали	пробега́ли		 курьеры
пробегали	пробега́ли		 мимо
пробегали	пробега́ли		 мурашки
пробегали	пробега́ли		 тучи
пробегали	пробега́ли	по спине 	
пробегать	пробега́ть	будет 	
пробегать	пробега́ть	начала 	
пробегаю	пробе́гаю	не 	
пробой	пробо́й		 верхней
пробой	пробо́й		 нижней
провалитесь	прова́литесь	вы 	
провалитесь	прова́литесь	если 	
провода	про́вода	алюминиевых 	
провода	про́вода	два 	
провода	про́вода	конце 	
провода	про́вода	три 	
провода	провода́	аппаратуру и 	
провода	провода́	в 	
провода	провода́	ваши 	
провода	провода́	возьми 	
провода	провода́	вырванные 	
провода	провода́	через 	
провода	провода́	шли 	
провода	провода́	эти 	
провода	провода́	это 	
проводами	про́водами		 на
проводами	провода́ми	по полу 	
проводах	провода́х	висели на 	
проводите	прово́дите		 время
проводите	прово́дите	если только не 	
проводите	проводи́те		 его
проводите	проводи́те	больше 	
проводите	проводи́те	не 	 никаких
проводка	прово́дка		 была
проводка	прово́дка	вся 	
проводка	прово́дка	усиленная 	
проводка	проводка́	два 	
проводка	проводка́	три 	
проводка	проводка́	четыре 	
проводки	прово́дки		 в сфере
проводки	прово́дки		 по счетам
проводки	прово́дки	банковские 	
проводки	прово́дки	временной 	
проводки	прово́дки	денежные 	
проводки	проводки́	лампочки, 	
проводов	про́водов		 зимы
проводов	про́водов		 нового
проводов	про́водов		 старого
проводов	про́водов	долгих 	
проводов	про́водов	помпезных 	
проводов	про́водов	пышных 	
проводов	проводо́в	груду 	
проводов	проводо́в	гудение 	
проводов	проводо́в	жгуты 	
проводов	проводо́в	запутанных 	
проводов	проводо́в	кучи 	
проводов	проводо́в	массе 	
проводов	проводо́в	множеством 	
проводов	проводо́в	паутина 	
проводов	проводо́в	паутиной 	
проводов	проводо́в	переплетение 	
проводов	проводо́в	переплетении 	
проводов	проводо́в	планировал этих 	
проводов	проводо́в	поперечин и 	
проводов	проводо́в	пучка 	
проводов	проводо́в	пучками 	
проводов	проводо́в	пучки 	
проводов	проводо́в	пучок 	
проводов	проводо́в	разнородных 	
проводов	проводо́в	светящихся 	
проводов	проводо́в	система 	
проводов	проводо́в	этих 	
проводок	проводо́к		 к замку
проводок	проводо́к		 на шее
проводок	проводо́к		 от
проводок	проводо́к	один 	
проволок	проволо́к	ноги 	
проволочек	про́волочек	из толстых 	
проволочек	про́волочек	медных 	
проволочек	про́волочек	тонких 	
проволочек	проволо́чек	без 	
проволочек	проволо́чек	без бюрократических 	
проволочек	проволо́чек	без всяких 	
проволочек	проволо́чек	без дальнейших 	
проволочек	проволо́чек	без долгих 	
проволочек	проволо́чек	без лишних 	
проволочек	проволо́чек	без особых 	
проволочек	проволо́чек	безо всяких 	
проволочек	проволо́чек	бесконечных 	
проволочек	проволо́чек	за бюрократических 	
проволочек	проволо́чек	и без 	
проволочек	проволо́чек	лишних 	
проволочек	проволо́чек	после долгих 	
проволочек	проволо́чек	юридических 	
проволочка	про́волочка		 или леска
проволочка	проволо́чка	оттого и 	
проволочками	проволо́чками	бесконечными 	
проволочками	проволо́чками	юридическими 	
проволочки	про́волочки		 казались
проволочки	про́волочки	медные 	
проволочки	про́волочки	на солнце 	
проволочки	про́волочки	только не на 	
проволочки	про́волочки	тонкой 	
проволочки	про́волочки	эти 	
проволочки	проволо́чки		 с
проволочки	проволо́чки	без 	
проволочки	проволо́чки	бюрократические 	
проволочки	проволо́чки	юридические 	
проволочкой	про́волочкой		 привязана
проволочку	про́волочку	тонкую 	
проглотите	прогло́тите	когда вы 	
прогоните	прого́ните	вы меня 	
прогоните	прого́ните	вы не 	
прогоните	прого́ните	если вы не 	
прогоните	прого́ните	когда вы меня 	
прогоните	прого́ните	не 	
продержитесь	проде́ржитесь		 хоть?
продержитесь	проде́ржитесь	вы 	
продержитесь	проде́ржитесь	не 	
продержитесь	продержи́тесь		 минут сорок
проезжая	прое́зжая		 для
проезжая	прое́зжая		 дорога
проезжая	прое́зжая		 часть
проезжая	проезжа́я		 в
проезжая	проезжа́я		 мимо
проезжая	проезжа́я		 на
проезжая	проезжа́я		 над
проезжая	проезжа́я		 по
производите	произво́дите		 впечатления
производите	произво́дите	вы 	 впечатление
произносите	произноси́те	не 	
проклятая	про́клятая		 зона
проклятая	про́клятая	трижды 	
проклятая	прокля́тая	эта 	
проклятого	про́клятого		 дома
проклятого	про́клятого		 леса
проклятого	про́клятого		 места
проклятого	прокля́того	этого 	
проклятое	прокля́тое	это 	
проклятой	прокля́той	этой 	
проклятом	про́клятом	в 	 городе
проклятом	прокля́том	в этом 	
проклятому	прокля́тому	этому 	
проклятую	прокля́тую	в эту 	
проклятую	прокля́тую	эту 	 ногу
проклятые	про́клятые		 земли
проклятые	про́клятые	как 	
проклятые	прокля́тые		 трусы
проклятый	про́клятый	вкалывал как 	
проклятый	про́клятый	как 	
проклятый	прокля́тый		 тик
проклятый	прокля́тый		 эликсир
проклятым	прокля́тым	этим 	
проклятыми	прокля́тыми	вашими 	
проклятых	прокля́тых	этих 	
проколов	проко́лов		 не бывает
проколов	проко́лов		 не было
проколов	проко́лов		 нет
проколов	проколо́в		 палец
промокнуть	промокну́ть		 пот
промокнуть	промокну́ть	поспешила 	
пропасть	про́пасть		 непонимания
пропасть	про́пасть		 пролегла
пропасть	про́пасть		 только вширь
пропасть	про́пасть	адская 	
пропасть	про́пасть	адскую 	
пропасть	про́пасть	безвозвратную 	
пропасть	про́пасть	безвылазную 	
пропасть	про́пасть	безграничную 	
пропасть	про́пасть	безданную 	
пропасть	про́пасть	бездонна 	
пропасть	про́пасть	бездонная 	
пропасть	про́пасть	бездонностью 	
пропасть	про́пасть	бездонную 	
пропасть	про́пасть	беззвучную 	
пропасть	про́пасть	безмолвную 	
пропасть	про́пасть	белая 	
пропасть	про́пасть	белую 	
пропасть	про́пасть	бесконечная 	
пропасть	про́пасть	бесконечной 	
пропасть	про́пасть	бесконечную 	
пропасть	про́пасть	бескрайнюю 	
пропасть	про́пасть	беспамятную 	
пропасть	про́пасть	блаженно тошнотворную 	
пропасть	про́пасть	большая 	
пропасть	про́пасть	будто 	
пропасть	про́пасть	была 	
пропасть	про́пасть	в 	
пропасть	про́пасть	в эту 	
пропасть	про́пасть	везде 	
пропасть	про́пасть	вековая 	
пропасть	про́пасть	велика 	
пропасть	про́пасть	великую 	
пропасть	про́пасть	венерианская 	
пропасть	про́пасть	вечную 	
пропасть	про́пасть	видел 	
пропасть	про́пасть	виделась 	
пропасть	про́пасть	видимую 	
пропасть	про́пасть	видит 	
пропасть	про́пасть	видишь 	
пропасть	про́пасть	видно 	
пропасть	про́пасть	видят 	
пропасть	про́пасть	вниз 	
пропасть	про́пасть	внизу 	
пропасть	про́пасть	водная 	
пропасть	про́пасть	водой 	
пропасть	про́пасть	воды 	
пропасть	про́пасть	водяную 	
пропасть	про́пасть	возникла 	
пропасть	про́пасть	возникнет 	
пропасть	про́пасть	возраставшая 	
пропасть	про́пасть	вокруг 	
пропасть	про́пасть	впереди 	
пропасть	про́пасть	впрямь 	
пропасть	про́пасть	времени 	
пропасть	про́пасть	времени тоъ 	
пропасть	про́пасть	вырастает 	
пропасть	про́пасть	вырастала 	
пропасть	про́пасть	выроем 	
пропасть	про́пасть	выросла 	
пропасть	про́пасть	вырыл 	
пропасть	про́пасть	вырыла 	
пропасть	про́пасть	вырыло 	
пропасть	про́пасть	вырыть 	
пропасть	про́пасть	высвободилась 	
пропасть	про́пасть	гибельную 	
пропасть	про́пасть	гигантская 	
пропасть	про́пасть	гигантскую 	
пропасть	про́пасть	глубже 	
пропасть	про́пасть	глубины 	
пропасть	про́пасть	глубока 	
пропасть	про́пасть	глубокая 	
пропасть	про́пасть	глубокую 	
пропасть	про́пасть	глубочайшая 	
пропасть	про́пасть	глубочайшую 	
пропасть	про́пасть	глубоченная 	
пропасть	про́пасть	глубоченную 	
пропасть	про́пасть	глухую 	
пропасть	про́пасть	гнилую 	
пропасть	про́пасть	головокружительную 	
пропасть	про́пасть	голодного 	
пропасть	про́пасть	голубая 	
пропасть	про́пасть	голубела 	
пропасть	про́пасть	голубоватую 	
пропасть	про́пасть	голубую 	
пропасть	про́пасть	горную 	
пропасть	про́пасть	готовила 	
пропасть	про́пасть	гравитационную 	
пропасть	про́пасть	гремячую 	
пропасть	про́пасть	громадная 	
пропасть	про́пасть	громадную 	
пропасть	про́пасть	грохочущую 	
пропасть	про́пасть	гудела 	
пропасть	про́пасть	гудящую 	
пропасть	про́пасть	гулкая 	
пропасть	про́пасть	гулкую 	
пропасть	про́пасть	девонская 	
пропасть	про́пасть	делалась 	
пропасть	про́пасть	делать 	
пропасть	про́пасть	демонстрировать 	
пропасть	про́пасть	деться 	
пропасть	про́пасть	дна 	
пропасть	про́пасть	духовную 	
пропасть	про́пасть	душевную 	
пропасть	про́пасть	душную 	
пропасть	про́пасть	дымилась 	
пропасть	про́пасть	дымится 	
пропасть	про́пасть	дымящуюся 	
пропасть	про́пасть	дышавшая 	
пропасть	про́пасть	дышащая 	
пропасть	про́пасть	жаркую 	
пропасть	про́пасть	железную 	
пропасть	про́пасть	жирную 	
пропасть	про́пасть	жуткая 	
пропасть	про́пасть	жуткую 	
пропасть	про́пасть	за 	
пропасть	про́пасть	за ним 	
пропасть	про́пасть	за ними 	
пропасть	про́пасть	за них 	
пропасть	про́пасть	забытую 	
пропасть	про́пасть	загораживая 	
пропасть	про́пасть	закроет 	
пропасть	про́пасть	заметил 	
пропасть	про́пасть	заметила 	
пропасть	про́пасть	занимает 	
пропасть	про́пасть	заполнить 	
пропасть	про́пасть	заполняется 	
пропасть	про́пасть	заполнять 	
пропасть	про́пасть	заполонивший 	
пропасть	про́пасть	засыпать 	
пропасть	про́пасть	затеряться 	
пропасть	про́пасть	звенящую 	
пропасть	про́пасть	звонкую 	
пропасть	про́пасть	зияет 	
пропасть	про́пасть	зияла 	
пропасть	про́пасть	зиять 	
пропасть	про́пасть	зияющая 	
пропасть	про́пасть	зияющую 	
пропасть	про́пасть	зловещая 	
пропасть	про́пасть	зловещую 	
пропасть	про́пасть	зловонную 	
пропасть	про́пасть	злополучную 	
пропасть	про́пасть	знобящую 	
пропасть	про́пасть	зональная 	
пропасть	про́пасть	извели 	
пропасть	про́пасть	измерил 	
пропасть	про́пасть	информационную 	
пропасть	про́пасть	искали 	
пропасть	про́пасть	исписал 	
пропасть	про́пасть	исполинская 	
пропасть	про́пасть	испугался 	
пропасть	про́пасть	историческую 	
пропасть	про́пасть	исчезла 	
пропасть	про́пасть	исчезнуть 	
пропасть	про́пасть	кажущуюся 	
пропасть	про́пасть	какая тоъ 	
пропасть	про́пасть	какую тоъ 	
пропасть	про́пасть	каменную 	
пропасть	про́пасть	кипящая 	
пропасть	про́пасть	кишит 	
пропасть	про́пасть	клокочущую 	
пропасть	про́пасть	коварную 	
пропасть	про́пасть	колодезную 	
пропасть	про́пасть	колоссальная 	
пропасть	про́пасть	красивую 	
пропасть	про́пасть	красную 	
пропасть	про́пасть	края 	
пропасть	про́пасть	кровавую 	
пропасть	про́пасть	кромешная 	
пропасть	про́пасть	кромешную 	
пропасть	про́пасть	кругом 	
пропасть	про́пасть	крутую 	
пропасть	про́пасть	крутящуюся 	
пропасть	про́пасть	ксенобиологическая 	
пропасть	про́пасть	куполообразная 	
пропасть	про́пасть	ледовитую 	
пропасть	про́пасть	ледяная 	
пропасть	про́пасть	ледяную 	
пропасть	про́пасть	лежала 	
пропасть	про́пасть	лежит 	
пропасть	про́пасть	ликвидировать 	
пропасть	про́пасть	личная 	
пропасть	про́пасть	лугом тоъ 	
пропасть	про́пасть	лукавую 	
пропасть	про́пасть	лунную 	
пропасть	про́пасть	любая 	
пропасть	про́пасть	любую 	
пропасть	про́пасть	ляжет 	
пропасть	про́пасть	материала тоъ 	
пропасть	про́пасть	между вами 	
пропасть	про́пасть	между нами 	
пропасть	про́пасть	между ним 	
пропасть	про́пасть	между ними 	
пропасть	про́пасть	между них 	
пропасть	про́пасть	мерещилась 	
пропасть	про́пасть	мертвящая 	
пропасть	про́пасть	миновал 	
пропасть	про́пасть	миновать 	
пропасть	про́пасть	минуло 	
пропасть	про́пасть	мирами 	
пропасть	про́пасть	мироощущениями 	
пропасть	про́пасть	мокрую 	
пропасть	про́пасть	момента 	
пропасть	про́пасть	моральную 	
пропасть	про́пасть	морфологическая 	
пропасть	про́пасть	мрачная 	
пропасть	про́пасть	мрачную 	
пропасть	про́пасть	мутную 	
пропасть	про́пасть	мягкую 	
пропасть	про́пасть	на 	
пропасть	про́пасть	навалило 	
пропасть	про́пасть	навезли 	
пропасть	про́пасть	наколола 	
пропасть	про́пасть	накопилось 	
пропасть	про́пасть	накрывал 	
пропасть	про́пасть	написала 	
пропасть	про́пасть	наполнивший 	
пропасть	про́пасть	напоминает 	
пропасть	про́пасть	народу 	
пропасть	про́пасть	насобирали 	
пропасть	про́пасть	насовали 	
пропасть	про́пасть	настоящая 	
пропасть	про́пасть	настоящую 	
пропасть	про́пасть	насчитали 	
пропасть	про́пасть	натащили 	
пропасть	про́пасть	научно техническая 	
пропасть	про́пасть	находит 	
пропасть	про́пасть	находится 	
пропасть	про́пасть	начинается 	
пропасть	про́пасть	начинаю 	
пропасть	про́пасть	наша 	
пропасть	про́пасть	нашли 	
пропасть	про́пасть	небесная 	
пропасть	про́пасть	неведомая 	
пропасть	про́пасть	невероятную 	
пропасть	про́пасть	невидимая 	
пропасть	про́пасть	невидимую 	
пропасть	про́пасть	невообразимая 	
пропасть	про́пасть	невообразимую 	
пропасть	про́пасть	неглубокую 	
пропасть	про́пасть	незримая 	
пропасть	про́пасть	неизмеримая 	
пропасть	про́пасть	неизмеримую 	
пропасть	про́пасть	некая 	
пропасть	про́пасть	некую 	
пропасть	про́пасть	ненужная 	
пропасть	про́пасть	необозримую 	
пропасть	про́пасть	необходимую 	
пропасть	про́пасть	необъятную 	
пропасть	про́пасть	неодолимая 	
пропасть	про́пасть	непереходимая 	
пропасть	про́пасть	непереходимую 	
пропасть	про́пасть	непомерную 	
пропасть	про́пасть	непонятная 	
пропасть	про́пасть	непреодолимая 	
пропасть	про́пасть	непреодолимой 	
пропасть	про́пасть	непреодолимую 	
пропасть	про́пасть	непроходимая 	
пропасть	про́пасть	непроходимую 	
пропасть	про́пасть	несмыкающаяся 	
пропасть	про́пасть	новая 	
пропасть	про́пасть	новую 	
пропасть	про́пасть	ночная 	
пропасть	про́пасть	ночную 	
пропасть	про́пасть	обнаружить 	
пропасть	про́пасть	обожествлять 	
пропасть	про́пасть	обозначаться 	
пропасть	про́пасть	образовавшуюся 	
пропасть	про́пасть	образовалась 	
пропасть	про́пасть	образоваться 	
пропасть	про́пасть	образовывало 	
пропасть	про́пасть	образуется 	
пропасть	про́пасть	образуя 	
пропасть	про́пасть	обрывистая 	
пропасть	про́пасть	обходить 	
пропасть	про́пасть	огибала 	
пропасть	про́пасть	огненная 	
пропасть	про́пасть	огненную 	
пропасть	про́пасть	ограничивала 	
пропасть	про́пасть	огромная 	
пропасть	про́пасть	огромную 	
пропасть	про́пасть	одолеть 	
пропасть	про́пасть	окружает 	
пропасть	про́пасть	опасная 	
пропасть	про́пасть	отвесная 	
пропасть	про́пасть	отгоревшую 	
пропасть	про́пасть	отдалить 	
пропасть	про́пасть	отделяет 	
пропасть	про́пасть	откос 	
пропасть	про́пасть	открывается 	
пропасть	про́пасть	открывалась 	
пропасть	про́пасть	открывшаяся 	
пропасть	про́пасть	открылась 	
пропасть	про́пасть	откуда тоъ 	
пропасть	про́пасть	очередную 	
пропасть	про́пасть	ощутив 	
пропасть	про́пасть	ощутил 	
пропасть	про́пасть	ощущаемую 	
пропасть	про́пасть	ощущал 	
пропасть	про́пасть	перед ним 	
пропасть	про́пасть	перед ними 	
пропасть	про́пасть	перелетит 	
пропасть	про́пасть	перемахнуть 	
пропасть	про́пасть	перепрыгнула 	
пропасть	про́пасть	перепрыгнуть 	
пропасть	про́пасть	пересекая 	
пропасть	про́пасть	пересекли 	
пропасть	про́пасть	пересечь 	
пропасть	про́пасть	перескочили 	
пропасть	про́пасть	перескочить 	
пропасть	про́пасть	перешагивая 	
пропасть	про́пасть	перешагнувшие 	
пропасть	про́пасть	перешагнувших 	
пропасть	про́пасть	перешли 	
пропасть	про́пасть	плывущую 	
пропасть	про́пасть	под 	
пропасть	про́пасть	под ним 	
пропасть	про́пасть	под ними 	
пропасть	про́пасть	под них 	
пропасть	про́пасть	подчеркнуть 	
пропасть	про́пасть	понаехало 	
пропасть	про́пасть	понатыкано 	
пропасть	про́пасть	поразвелось 	
пропасть	про́пасть	порожняя 	
пропасть	про́пасть	посворачивал 	
пропасть	про́пасть	похоронила 	
пропасть	про́пасть	почувствовав 	
пропасть	про́пасть	почувствовал 	
пропасть	про́пасть	почувствовать 	
пропасть	про́пасть	почувствует 	
пропасть	про́пасть	появилась 	
пропасть	про́пасть	преградила 	
пропасть	про́пасть	преграждает 	
пропасть	про́пасть	предками 	
пропасть	про́пасть	предназначено 	
пропасть	про́пасть	преодолевая 	
пропасть	про́пасть	преодолеет 	
пропасть	про́пасть	преодолел 	
пропасть	про́пасть	преодолеть 	
пропасть	про́пасть	привозили 	
пропасть	про́пасть	примыкала 	
пропасть	про́пасть	про 	
пропасть	про́пасть	проглотать 	
пропасть	про́пасть	проглядывала 	
пропасть	про́пасть	продемонстрировать 	
пропасть	про́пасть	прозрачная 	
пропасть	про́пасть	прозрачную 	
пропасть	про́пасть	пролегает 	
пропасть	про́пасть	пролегала 	
пропасть	про́пасть	пролегать 	
пропасть	про́пасть	пролегла 	
пропасть	про́пасть	простиралась 	
пропасть	про́пасть	пространственно временная 	
пропасть	про́пасть	пространственно временную 	
пропасть	про́пасть	прохладную 	
пропасть	про́пасть	пружинную 	
пропасть	про́пасть	прямоугольную 	
пропасть	про́пасть	пугала 	
пропасть	про́пасть	пугающая 	
пропасть	про́пасть	пуста 	
пропасть	про́пасть	пустит 	
пропасть	про́пасть	пустота 	
пропасть	про́пасть	пустотой 	
пропасть	про́пасть	разведали 	
пропасть	про́пасть	разверз 	
пропасть	про́пасть	разверзается 	
пропасть	про́пасть	разверзалась 	
пропасть	про́пасть	разверзлась 	
пропасть	про́пасть	разверзли 	
пропасть	про́пасть	разверзнется 	
пропасть	про́пасть	разверзнувшую 	
пропасть	про́пасть	разверзнувшуюся 	
пропасть	про́пасть	разверзнуться 	
пропасть	про́пасть	разверзшуюся 	
пропасть	про́пасть	развернувшуюся 	
пропасть	про́пасть	разделяет 	
пропасть	про́пасть	разделяла 	
пропасть	про́пасть	разлад 	
пропасть	про́пасть	разрасталась 	
пропасть	про́пасть	раскинулась 	
пропасть	про́пасть	раскрывается 	
пропасть	про́пасть	распахнулась 	
пропасть	про́пасть	расползалась 	
пропасть	про́пасть	рассказал 	
пропасть	про́пасть	расставлено 	
пропасть	про́пасть	расступающуюся 	
пропасть	про́пасть	раствориться 	
пропасть	про́пасть	растерянная 	
пропасть	про́пасть	расти 	
пропасть	про́пасть	растущая 	
пропасть	про́пасть	растущую 	
пропасть	про́пасть	расходились 	
пропасть	про́пасть	расширилась 	
пропасть	про́пасть	расширяющуюся 	
пропасть	про́пасть	ревущую 	
пропасть	про́пасть	роковая 	
пропасть	про́пасть	рыли 	
пропасть	про́пасть	рычащую 	
пропасть	про́пасть	самая 	
пропасть	про́пасть	свежую 	
пропасть	про́пасть	свернул 	
пропасть	про́пасть	светящуюся 	
пропасть	про́пасть	связующая 	
пропасть	про́пасть	связующую 	
пропасть	про́пасть	семантическая 	
пропасть	про́пасть	семантическую 	
пропасть	про́пасть	семени 	
пропасть	про́пасть	серая 	
пропасть	про́пасть	синеватую 	
пропасть	про́пасть	синеет 	
пропасть	про́пасть	синюю 	
пропасть	про́пасть	синяя 	
пропасть	про́пасть	сияющая 	
пропасть	про́пасть	сквозную 	
пропасть	про́пасть	сквозь 	
пропасть	про́пасть	скопилась 	
пропасть	про́пасть	скрыть 	
пропасть	про́пасть	сладкую 	
пропасть	про́пасть	смертельная 	
пропасть	про́пасть	смертельную 	
пропасть	про́пасть	смрадную 	
пропасть	про́пасть	снежную 	
пропасть	про́пасть	сникнуть 	
пропасть	про́пасть	собачья 	
пропасть	про́пасть	собственная 	
пропасть	про́пасть	соединяющий 	
пропасть	про́пасть	солнечную 	
пропасть	про́пасть	социальная 	
пропасть	про́пасть	социальную 	
пропасть	про́пасть	спасительную 	
пропасть	про́пасть	стеклянная 	
пропасть	про́пасть	страшная 	
пропасть	про́пасть	страшно 	
пропасть	про́пасть	страшную 	
пропасть	про́пасть	стрекочет 	
пропасть	про́пасть	стылая 	
пропасть	про́пасть	сужаю 	
пропасть	про́пасть	сузили 	
пропасть	про́пасть	сузить 	
пропасть	про́пасть	суйскую 	
пропасть	про́пасть	сумеречная 	
пропасть	про́пасть	существует 	
пропасть	про́пасть	существующую 	
пропасть	про́пасть	сформировавшая 	
пропасть	про́пасть	сырая 	
пропасть	про́пасть	сыроежек 	
пропасть	про́пасть	сырую 	
пропасть	про́пасть	таинственная 	
пропасть	про́пасть	таинственную 	
пропасть	про́пасть	такую тоъ 	
пропасть	про́пасть	талаксианина 	
пропасть	про́пасть	темнела 	
пропасть	про́пасть	технологическая 	
пропасть	про́пасть	туманная 	
пропасть	про́пасть	туманную 	
пропасть	про́пасть	увеличивавшаяся 	
пропасть	про́пасть	увидел 	
пропасть	про́пасть	увидела 	
пропасть	про́пасть	угадывалась 	
пропасть	про́пасть	углубил 	
пропасть	про́пасть	углубили 	
пропасть	про́пасть	углубило 	
пропасть	про́пасть	углубит 	
пропасть	про́пасть	углубить 	
пропасть	про́пасть	углубляется 	
пропасть	про́пасть	углублялась 	
пропасть	про́пасть	углубляют 	
пропасть	про́пасть	углубляющаяся 	
пропасть	про́пасть	ужасная 	
пропасть	про́пасть	ужасную 	
пропасть	про́пасть	узкую 	
пропасть	про́пасть	уменьшает 	
пропасть	про́пасть	уничтожил 	
пропасть	про́пасть	уничтожить 	
пропасть	про́пасть	уродилось 	
пропасть	про́пасть	уходила 	
пропасть	про́пасть	учили 	
пропасть	про́пасть	финансовая 	
пропасть	про́пасть	финансовую 	
пропасть	про́пасть	формирует 	
пропасть	про́пасть	форсировал 	
пропасть	про́пасть	фу 	
пропасть	про́пасть	фу ты 	
пропасть	про́пасть	холодная 	
пропасть	про́пасть	холодную 	
пропасть	про́пасть	целая 	
пропасть	про́пасть	целую 	
пропасть	про́пасть	черневшая 	
пропасть	про́пасть	чернеет 	
пропасть	про́пасть	чернела 	
пропасть	про́пасть	чернеющую 	
пропасть	про́пасть	чудилась 	
пропасть	про́пасть	чудовищная 	
пропасть	про́пасть	чудовищную 	
пропасть	про́пасть	ширилась 	
пропасть	про́пасть	шириться 	
пропасть	про́пасть	широка 	
пропасть	про́пасть	широкая 	
пропасть	про́пасть	широкую 	
пропасть	про́пасть	экая 	
пропасть	про́пасть	экзобиологическая 	
пропасть	про́пасть	экономическую 	
пропасть	про́пасть	экую 	
пропасть	про́пасть	эмоциональная 	
пропасть	про́пасть	эта 	
пропасть	про́пасть	этажную 	
пропасть	про́пасть	этакая 	
пропасть	про́пасть	этакую 	
пропасть	про́пасть	эту 	
пропасть	про́пасть	языковую 	
пропасть	пропа́сть		 бесследно
пропасть	пропа́сть		 навсегда
пропасть	пропа́сть		 нечто
пропасть	пропа́сть		 так же внезапно
пропасть	пропа́сть	было 	
пропасть	пропа́сть	вот его стража 	
пропасть	пропа́сть	дать ей 	
пропасть	пропа́сть	дать им 	
пропасть	пропа́сть	добру 	
пропасть	пропа́сть	должен 	
пропасть	пропа́сть	должны были бы 	
пропасть	пропа́сть	как не 	
пропасть	пропа́сть	мог 	
пропасть	пропа́сть	могли 	
пропасть	пропа́сть	навсегда 	
пропасть	пропа́сть	навсегда там 	
пропасть	пропа́сть	не 	
пропасть	пропа́сть	не дал 	
пропасть	пропа́сть	не дала им 	
пропасть	пропа́сть	позволь желанию 	
пропасть	пропа́сть	совсем 	 можно
пропасть	пропа́сть	чтоб вам всем 	
пропасть	пропа́сть	чтоб ему 	
пропасть	пропа́сть	чтоб не 	
пропасть	пропа́сть	чтобы не 	
пропустите	пропусти́те		 его
пропустите	пропусти́те		 к
пропустите	пропусти́те		 ко
пропустите	пропусти́те	и 	 меня
пропустите	пропусти́те	не 	
пропустите	пропусти́те	не 	 ни
пропустите	пропусти́те	эй, 	
прорву	про́рву		 времени
прорву	про́рву		 денег
прорезал	проре́зал		 их голоса
прорезали	проре́зали		 дыру
прорезали	проре́зали	внезапно 	
просветит	просвети́т	вас 	 на эту тему
просите	про́сите	вы 	
просите	про́сите	вы 	 прощения
просите	про́сите	вы так 	
просите	про́сите	как вы 	
просите	про́сите	когда вы 	
просите	про́сите	на добро 	
просите	про́сите	чего 	
просите	про́сите	что вы 	
просите	проси́те		 его
просите	проси́те		 и получите
просите	проси́те	и не 	
простою	простою́	я 	
простыней	простынё́й	возню с 	
простыней	простынё́й	над 	
простыней	простынё́й	операцию с 	
простыней	простынё́й	под 	
простыней	простынё́й	процедуру с 	
простыни	про́стыни	края 	
простыни	простыни́	клочка 	
просыпалась	просы́палась		 на
просыпалась	просы́палась	на пол 	
просыпалась	просыпа́лась		 жажда
просыпалась	просыпа́лась		 когда
просыпалась	просыпа́лась		 первое
просыпалась	просыпа́лась		 раньше
просыпалась	просыпа́лась		 совесть
просыпалась	просыпа́лась	время от времени 	
просыпалась	просыпа́лась	всегда 	
просыпалась	просыпа́лась	вскоре 	
просыпалась	просыпа́лась	когда рахиль 	
просыпалась	просыпа́лась	моментально 	
просыпалась	просыпа́лась	не 	
просыпалась	просыпа́лась	нехотя 	
просыпались	просы́пались		 гвозди
просыпались	просы́пались		 деньги
просыпались	просы́пались		 мимо
просыпались	просы́пались	градом 	
просыпались	просыпа́лись		 вулканы
просыпались	просыпа́лись		 древние инстинкты
просыпались	просыпа́лись	жители 	
просыпались	просыпа́лись	засыпали и 	
просыпались	просыпа́лись	люди 	
просыпались	просыпа́лись	многие 	
просыпались	просыпа́лись	мы 	
просыпались	просыпа́лись	не впервые 	 вулканы
просыпались	просыпа́лись	они 	
просыпались	просыпа́лись	уже 	
просыпались	просыпа́лись	что 	 в
просыпалось	просыпа́лось		 кровожадное
просыпалось	просыпа́лось		 утро
просыпался	просы́пался		 на
просыпался	просы́пался	на пол 	
просыпался	просы́пался	туда же 	
просыпался	просыпа́лся		 в холодном
просыпался	просыпа́лся		 и не мог уснуть
просыпался	просыпа́лся		 я
просыпался	просыпа́лся	засыпал и 	
просыпался	просыпа́лся	кто 	
просыпался	просыпа́лся	не 	
просыпался	просыпа́лся	раз 	
просыпался	просыпа́лся	ты 	
просыпаться	просы́паться	со звоном 	 между
просыпаться	просыпа́ться	будет 	
просыпаться	просыпа́ться	пора 	
профессора	профе́ссора		 или сторожа
профессора	профе́ссора	глаза 	
профессора	профе́ссора	головы 	
профессора	профе́ссора	жена 	
профессора	профе́ссора	за 	
профессора	профе́ссора	лица 	
профессора	профе́ссора	на звание 	
профессора	профе́ссора	слова 	
профессора	профе́ссора	слушал 	
профессора	профе́ссора	сторожа и 	
профессора	профе́ссора	у 	
профессора	профессора́		 бывают
профессора	профессора́		 и исследователи
профессора	профессора́		 и преподаватели
профессора	профессора́		 и студенты
профессора	профессора́	могучие 	
профессора	профессора́	мои 	
профессора	профессора́	мы - 	
профессора	профессора́	наши 	
профессора	профессора́	свои 	
профессора	профессора́	твои 	
профессора	профессора́	те 	
профессора	профессора́	уважаемые 	
профессора	профессора́	уволены все 	
профессора	профессора́	чьи та 	
профессора	профессора́	эти 	
проходите	прохо́дите	когда вы 	 туда
проходите	прохо́дите	легко 	
проходите	прохо́дите	раз 	
проходите	проходи́те		 в заднюю
проходите	проходи́те		 в замок
проходите	проходи́те	вы 	
проявите	проя́вите	вы 	
проявите	проя́вите	что вы 	
проявите	проя́вите	этим вы 	
проявите	прояви́те	его увидите. 	 терпение.
пугала	пу́гала	вид ходячего 	
пугала	пу́гала	этого 	
пугала	пуга́ла		 его
пугала	пуга́ла		 меня
пугала	пуга́ла	больше не 	
пугала	пуга́ла	его 	
пугала	пуга́ла	так 	
пугало	пу́гало		 для
пугало	пу́гало		 огородное
пугало	пу́гало		 сказало
пугало	пу́гало	а 	
пугало	пу́гало	в 	
пугало	пу́гало	за 	
пугало	пу́гало	здравствуй, 	
пугало	пу́гало	и вдруг 	
пугало	пу́гало	как 	
пугало	пу́гало	какое тоъ 	
пугало	пу́гало	на 	
пугало	пу́гало	огородное 	
пугало	пу́гало	стояло 	
пугало	пу́гало	такое 	
пугало	пуга́ло	либо 	 его до
пугало	пуга́ло	меня 	
пугало	пуга́ло	смущало и даже 	
пугало	пуга́ло	что 	 более всего
пугало	пуга́ло	что 	 больше всего
пугало	пуга́ло	шокировало и 	
пугало	пуга́ло	шутку его 	
пугало	пуга́ло	это 	
пугало	пуга́ло	это 	 до
пугало	пуга́ло	ящера 	
пустите	пусти́те		 переночевать.
пустите	пусти́те	ракетницы 	
пустоты	пусто́ты		 были
пустоты	пусто́ты	заполнить 	
пустоты	пусто́ты	изучая 	
пустоты	пустоты́		 и леса
пустоты	пустоты́	вселенской 	
пустоты	пустоты́	для 	
пустоты	пустоты́	душевной 	
пустоты	пустоты́	зеленеющей 	
пустоты	пустоты́	из 	
пустоты	пустоты́	космической 	
пустоты	пустоты́	ледяной 	
пустоты	пустоты́	мили 	
пустоты	пустоты́	мир 	
пустоты	пустоты́	много 	
пустоты	пустоты́	о патрулировании 	
пустоты	пустоты́	от 	
пустоты	пустоты́	ощущение 	
пустоты	пустоты́	по краю 	
пустоты	пустоты́	пространств 	
пустоты	пустоты́	пятен 	
пустоты	пустоты́	равнодушия и 	
пустоты	пустоты́	своей 	
пустоты	пустоты́	связующей 	
пустоты	пустоты́	состоянию 	
пустоты	пустоты́	стерильной 	
пустоты	пустоты́	такой 	
пустоты	пустоты́	точка 	
пустоты	пустоты́	четыре 	
пустоты	пустоты́	чувство 	
пушка	пу́шка	бабахнула 	
пушка	пу́шка	гладкоствольная 	
пушка	пу́шка	громыхнула 	
пушка	пу́шка	носовая 	
пушка	пушка́	усыпляет 	
пушке	пу́шке	корабельной 	
пушке	пу́шке	штатной 	
пушку	пу́шку	выбросил 	
пушку	пу́шку	выкинул 	
пушку	пу́шку	вытащить 	
пушку	пу́шку	потерял 	
пушку	пушку́	по 	
пушку	пушку́	рыльце в 	
пущу	пу́щу	в 	
пущу	пу́щу	всю 	
пущу	пу́щу	через 	
пущу	пущу́		 псевдособакам на корм
пущу	пущу́	не 	
пчелы	пчелы́	четыре 	
пчелы	пчё́лы		 влетали
пчелы	пчё́лы	все 	
пчелы	пчё́лы	искусственные 	
пчелы	пчё́лы	роящиеся 	
пчелы	пчё́лы	это 	
пыли	пы́ли	алмазной 	
пыли	пы́ли	в клубах 	
пыли	пы́ли	завеса 	
пыли	пы́ли	клубам 	
пыли	пы́ли	клубами 	
пыли	пы́ли	клубах 	
пыли	пы́ли	клубы 	
пыли	пы́ли	клубы песчаной 	
пыли	пы́ли	облака 	
пыли	пы́ли	облаке 	
пыли	пы́ли	облако 	
пыли	пы́ли	облачке 	
пыли	пы́ли	облачко 	
пыли	пы́ли	от 	
пыли	пы́ли	появились полосы 	
пыли	пы́ли	слоем 	
пыли	пы́ли	слой 	
пыли	пы́ли	тучи 	
пыли	пы́ли	фонтанчики 	
пыли	пы́ли	хлопья 	
пыли	пы́ли	частицами 	
пыли	пыли́	в 	
пыли	пыли́	в дорожной 	
пыли	пыли́	в придорожной 	
пылу	пы́лу	с 	
пылу	пы́лу	с 	 жару
пылу	пылу́	в 	
пятна	пя́тна		 лесов
пятна	пя́тна		 на руках
пятна	пя́тна		 снега
пятна	пя́тна	вида 	
пятна	пя́тна	чувствовал 	
пятна	пя́тна	эти 	
пятна	пятна́	бледных 	
пятна	пятна́	буро красного 	
пятна	пятна́	вдоль 	
пятна	пятна́	возле 	
пятна	пятна́	возле 	 крови
пятна	пятна́	вся поверхность 	
пятна	пятна́	выжженного 	
пятна	пятна́	два 	
пятна	пятна́	до 	
пятна	пятна́	единого 	
пятна	пятна́	ихнего 	
пятна	пятна́	моего 	
пятна	пятна́	мокрого 	
пятна	пятна́	нашего 	
пятна	пятна́	непонятного 	
пятна	пятна́	одного 	
пятна	пятна́	первого 	
пятна	пятна́	появления 	
пятна	пятна́	размеры 	
пятна	пятна́	светлого 	
пятна	пятна́	своего 	
пятна	пятна́	твоего 	
пятна	пятна́	три 	
пятна	пятна́	три кровавых 	
пятна	пятна́	центр 	
пятна	пятна́	четыре 	
пятна	пятна́	чьего та 	
пятна	пятна́	этого 	
пятна	пятна́	ярких 	
пятна	пятна́	ярко красного 	
пятой	пя́той		 колонны
пятой	пя́той		 минуте
пятой	пя́той		 минуты
пятой	пя́той		 печати
пятой	пя́той		 ради седьмой
пятой	пя́той		 руки
пятой	пя́той		 симфонии
пятой	пя́той		 территории
пятой	пя́той		 точке
пятой	пя́той		 точкой
пятой	пя́той	был 	 рукой
пятой	пя́той	двадцать 	
пятой	пя́той	железной 	
пятой	пя́той	между 	
пятой	пя́той	на 	
пятой	пя́той	на верхушке каждой 	
пятой	пя́той	по 	
пятой	пя́той	после 	
пятой	пя́той	с 	
пятой	пя́той	сорок 	
пятой	пя́той	стоит 	
пятой	пя́той	тридцать 	
пятой	пя́той	у 	
пятой	пя́той	уже к 	 минуте
пятой	пято́й	ахиллесовой 	
пятой	пято́й	божественной 	
пятой	пято́й	под 	
пятой	пято́й	шаконьесской 	
пяток	пя́ток	босых 	
пяток	пя́ток	детей, 	
пяток	пя́ток	до самых 	
пяток	пя́ток	парами 	
пяток	пя́ток	по стуку 	
пяток	пя́ток	с 	 до
пяток	пя́ток	с 	 на
пяток	пято́к	знаю 	
пяток	пято́к	с 	 минут
пяток	пято́к	там 	
пятою	пято́ю	под 	
пятью	пятью́		 гестаповцами
пятью	пятью́		 днями
пятью	пятью́		 стрелками
пятью	пятью́		-десятью
пятью	пятью́	с 	
пятью	пятью́	с 	 носильщиками
равно	ра́вно		 активны
равно	ра́вно		 важны
равно	ра́вно		 восхищаясь
равно	ра́вно		 и епископ
равно	ра́вно		 и тактические
равно	ра́вно		 как
равно	ра́вно		 количеству
равно	ра́вно		 необходимы
равно	ра́вно		 подтверждает
равно	ра́вно		 пострадали
равно	ра́вно		 пригодный
равно	ра́вно		 пристало
равно	ра́вно	а 	
равно	ра́вно	а 	 и
равно	ра́вно	все монахи, 	 и
равно	ра́вно	они 	
радиоволны	радиово́лны	на 	
радиоволны	радиоволны́	две 	
радиоволны	радиоволны́	звуки 	
радиоволны	радиоволны́	с 	
радиоволны	радиоволны́	три 	
радиоволны	радиоволны́	четыре 	
разбудите	разбу́дите	вы 	
разбудите	разбу́дите	если 	
разбудите	разбуди́те		 меня
развернут	развё́рнут	он 	
развернут	развё́рнут	штаб 	
разводите	разво́дите	страдания 	
разводите	разводи́те	не 	
раздели	разде́ли		 донага
раздели	разде́ли	ее 	
раздели	разде́ли	они 	
раздели	разде́ли	чуть не 	
раздели	раздели́		 на
раздели	раздели́		 цифру
раздели	раздели́		 число
раздели	раздели́		 это
разделите	раздели́те		 их!
разрезала	разреза́ла		 воды
разрезать	разре́зать		 тебе
разрезать	разре́зать	мог 	
разрезать	разре́зать	могли бы 	
разрезать	разре́зать	не 	
разрезать	разре́зать	сможешь 	
разрезать	разре́зать	чтобы 	
разрезать	разреза́ть	или не 	
разрезать	разреза́ть	начал 	
разрезать	разреза́ть	принялась 	
разрезать	разреза́ть	принялся 	
рапорта	ра́порта	из 	
рапорта	ра́порта	написания 	
рапорта	ра́порта	немецкого 	
рапорта	ра́порта	такого 	
рапорта	ра́порта	твоего 	
рапорта	ра́порта	часть 	
рапорта	ра́порта	этого 	
рапорта	рапорта́	пишут 	
раскрою	раскро́ю		 истину
раскрою	раскро́ю		 правду
распахнут	распа́хнут	был 	
распахнут	распа́хнут	ворот широко 	
распили	распи́ли		 бутылку
расплатитесь	распла́титесь	не 	
расплатитесь	расплати́тесь		 и
расплатитесь	расплати́тесь		 честно
расплачусь	распла́чусь	что сейчас 	
расплачусь	распла́чусь	я 	 от
распознает	распозна́ет	кто 	
распознает	распознаё́т	он хотя бы 	 алфавит.
распознаешь	распозна́ешь	не 	
распознаю	распознаю́		 такие
распознают	распозна́ют	не 	
распознают	распознаю́т	животные 	
распознают	распознаю́т	некоторых 	
рассудите	рассуди́те		 сами
рассыпалась	рассыпа́лась	проседала и 	
рассыпались	рассы́пались		 искрами
рассыпались	рассы́пались	и тут же 	
рассыпались	рассы́пались	медленно 	
рассыпались	рассыпа́лись		 в лохматую
рассыпались	рассыпа́лись		 по плечам
рассыпались	рассыпа́лись		 после одного
рассыпались	рассыпа́лись	время 	
рассыпались	рассыпа́лись	гнили и 	
рассыпались	рассыпа́лись	дорогу 	
рассыпались	рассыпа́лись	тела 	 в прах
рассыпалось	рассыпа́лось		 и разваливалось
рассыпалось	рассыпа́лось	неизменно 	
рассыпался	рассы́пался		 в
рассыпался	рассы́пался	шарик 	
рассыпался	рассыпа́лся	долго 	
рассыпаться	рассы́паться	должны были 	
рассыпаться	рассыпа́ться	будет 	
рассыпаться	рассыпа́ться	и 	 в
рассыпаться	рассыпа́ться	начал 	
рассыпаться	рассыпа́ться	начала 	
рассыпаться	рассыпа́ться	продолжал 	
расходитесь	расходи́тесь		 по
расцвету	расцве́ту		
расцвету	расцве́ту		 тела
расцвету	расцве́ту	к 	
раю	раю́	в 	
раю	раю́	в его 	
раю	раю́	сущностном 	
раю	раю́	этом 	
ребра	ребра́		 руки
ребра	ребра́	вдоль 	
ребра	ребра́	самого 	
ребра	ребра́	четыре 	
ребра	рё́бра		 и внутренние органы
ребра	рё́бра		 и дыры
ребра	рё́бра		 на предмет переломов
ребра	рё́бра		 паруса
ребра	рё́бра		 торчали
ребра	рё́бра	берег 	
ребра	рё́бра	в 	
ребра	рё́бра	в голову и в 	
ребра	рё́бра	деревянные 	
ребра	рё́бра	ей 	
ребра	рё́бра	крушить ему 	
ребра	рё́бра	о 	
ребра	рё́бра	переломать 	
ребра	рё́бра	под 	
ребра	рё́бра	пронзил ему 	
реву	реву́	иногда 	
реву	реву́	что 	
реву	реву́	я 	
реву	реву́	я не 	
реву	рё́ву		 было
реву	рё́ву	глухому 	
реву	рё́ву	к 	
резка	резка́	была 	
резка	резка́	слишком 	
резка	резка́	через чур 	
резка	резка́	черезчур 	
реки	ре́ки		 в берега
реки	ре́ки		 воды
реки	ре́ки		 выходили
реки	ре́ки		 и города
реки	ре́ки		 и горы
реки	ре́ки		 и леса
реки	ре́ки		 и моря
реки	ре́ки		 и озера
реки	ре́ки		 и цветы
реки	ре́ки		 озера
реки	ре́ки		 разольются
реки	ре́ки		 сбегали
реки	ре́ки		 слез
реки	ре́ки	броды. 	
реки	ре́ки	в 	
реки	ре́ки	в 	 и озера
реки	ре́ки	в трубы 	
реки	ре́ки	вздувшиеся 	
реки	ре́ки	все 	
реки	ре́ки	все 	 и даже моря
реки	ре́ки	гору и 	
реки	ре́ки	горы и 	
реки	ре́ки	горы, 	
реки	ре́ки	долины, 	
реки	ре́ки	дороги, 	
реки	ре́ки	заливы, 	
реки	ре́ки	леса и 	
реки	ре́ки	леса, 	
реки	ре́ки	мимо города и 	
реки	ре́ки	могучие 	
реки	ре́ки	мои 	
реки	ре́ки	моря и 	
реки	ре́ки	на 	 и озера
реки	ре́ки	наши 	
реки	ре́ки	новые 	
реки	ре́ки	озера и 	
реки	ре́ки	острова и 	
реки	ре́ки	поля и 	
реки	ре́ки	поля, 	
реки	ре́ки	потекут 	 воды
реки	ре́ки	преодолевая 	
реки	ре́ки	ручьи, 	
реки	ре́ки	свои 	
реки	ре́ки	твои 	
реки	ре́ки	те 	
реки	ре́ки	холмы и 	
реки	ре́ки	через 	
реки	ре́ки	чьи та 	
реки	ре́ки	эти 	
реки	реки́		 инн
реки	реки́	арок 	
реки	реки́	багряной 	
реки	реки́	без 	
реки	реки́	безымянной 	
реки	реки́	берег 	
реки	реки́	берега 	
реки	реки́	берегам 	
реки	реки́	берегах 	
реки	реки́	берегов 	
реки	реки́	берегу 	
реки	реки́	близ озера или 	
реки	реки́	бог 	
реки	реки́	божество 	
реки	реки́	большой 	
реки	реки́	бурлящей 	
реки	реки́	бурной 	
реки	реки́	бывшей 	
реки	реки́	было леса или 	
реки	реки́	быстрой 	
реки	реки́	в районе 	
реки	реки́	в сторону 	
реки	реки́	вблизи 	
реки	реки́	вдоль 	
реки	реки́	вдоль берега 	
реки	реки́	великой 	
реки	реки́	верховий 	
реки	реки́	верховьям 	
реки	реки́	верховьях 	
реки	реки́	внутри 	
реки	реки́	водам 	
реки	реки́	водами 	
реки	реки́	воды 	
реки	реки́	воздушной 	
реки	реки́	возле 	
реки	реки́	возле самой 	
реки	реки́	вокруг 	
реки	реки́	волшебной 	
реки	реки́	высохшей 	
реки	реки́	гладь 	
реки	реки́	гладью 	
реки	реки́	горной 	
реки	реки́	данной 	
реки	реки́	до берега 	
реки	реки́	до самой 	
реки	реки́	долину 	
реки	реки́	достигли берега 	
реки	реки́	другой стороны 	
реки	реки́	духа 	
реки	реки́	из 	
реки	реки́	источнике 	
реки	реки́	к берегу 	
реки	реки́	каждой 	
реки	реки́	как воды святой 	
реки	реки́	конкретной 	
реки	реки́	краю 	
реки	реки́	могучей 	
реки	реки́	москвы 	
реки	реки́	на берегу 	
реки	реки́	небольшой 	
реки	реки́	обе стороны 	
реки	реки́	облагораживанию 	
реки	реки́	огромной 	
реки	реки́	от 	
реки	реки́	от берега 	
реки	реки́	плодородной 	
реки	реки́	поверхностю 	
реки	реки́	правому берегу 	
реки	реки́	противоположном берегу 	
реки	реки́	русла 	
реки	реки́	русло 	
реки	реки́	самой 	
реки	реки́	силу 	
реки	реки́	со стороны 	
реки	реки́	сразу после 	
реки	реки́	старины-	
реки	реки́	стоит на берегу 	
реки	реки́	стороне 	
реки	реки́	текущей 	
реки	реки́	течение 	
реки	реки́	течению 	
реки	реки́	течения 	
реки	реки́	того берега 	
реки	реки́	три крупные 	
реки	реки́	у 	
реки	реки́	у самой 	
реки	реки́	целой 	
реки	реки́	часть 	
реки	реки́	четыре 	
реки	реки́	широкой 	
реки	реки́	шум 	
реки	реки́	этой 	
реки	реки́	этой самой 	
ремесла	ремесла́	вдоль 	
ремесла	ремесла́	основам 	
ремесла	ремесла́	своего 	
ремесла	ремесла́	сторон 	
ремесла	ремесла́	твоего 	
ремесла	ремесла́	электронного 	
ровней	ро́вней		 ему
ровней	ро́вней		 себе
ровней	ро́вней	его 	
ровней	ро́вней	не 	
ровней	ро́вней	с 	
ровней	ро́вней	себе 	
ровней	ро́вней	себя 	
ровней	ровне́й	чуть 	
рога	ро́га		 лишилась
рога	ро́га		 лишился
рога	ро́га		 лишиться
рога	ро́га	без 	
рога	ро́га	боевого 	
рога	ро́га	витых 	
рога	ро́га	два 	
рога	ро́га	два изогнутых 	
рога	ро́га	звук 	
рога	ро́га	звуки 	
рога	ро́га	зов 	
рога	ро́га	и 	 моего не стоишь
рога	ро́га	из 	
рога	ро́га	импровизированных 	
рога	ро́га	ихнего 	
рога	ро́га	как 	 лишилась
рога	ро́га	как 	 лишился
рога	ро́га	как 	 лишиться
рога	ро́га	моего 	
рога	ро́га	нашего 	
рога	ро́га	призыв 	
рога	ро́га	с 	
рога	ро́га	своего 	
рога	ро́га	твоего 	
рога	ро́га	ты 	 моего
рога	ро́га	у 	
рога	ро́га	форме 	
рога	ро́га	форму 	
рога	ро́га	чьего та 	
рога	ро́га	этого 	
рога	рога́		 свои
рога	рога́	бивни и 	
рога	рога́	в 	
рога	рога́	ваши 	
рога	рога́	воткнул 	
рога	рога́	то ли 	 -
рога	рога́	формируется в 	
рога	рога́	хвост и 	
рога	рога́	через 	
рога	рога́	черту на 	
рога	рога́	чтоб 	
рога	рога́	эти 	
рога	рога́	яд и 	
рода	ро́да		 дела
рода	ро́да		 и числа
рода	ро́да	ангел 	
рода	ро́да	ветвей 	
рода	ро́да	владениях 	
рода	ро́да	влияние 	
рода	ро́да	всякого 	
рода	ро́да	древнее 	
рода	ро́да	другом 	
рода	ро́да	точнее - 	
рода	ро́да	человеческого 	
рода	рода́	все 	
рода	рода́	какие 	
рода	рода́	мои 	
рода	рода́	наши 	
рода	рода́	различные 	
рода	рода́	свои 	
рода	рода́	твои 	
рода	рода́	те 	
рода	рода́	чьи та 	
рода	рода́	эти 	
родам	рода́м		
родам	рода́м		 семействам
родами	рода́ми		
родами	рода́ми		 войск
родах	ро́дах	при 	
родах	рода́х		
родах	рода́х		 войск
родов	ро́дов	во время 	
родов	ро́дов	до 	
родов	ро́дов	до начала 	
родов	ро́дов	момент 	
родов	ро́дов	после 	
родов	родо́в		
родов	родо́в		 войск
родов	родо́в	в тысячу 	
родов	родо́в	всех 	
родов	родо́в	дворянских 	
родов	родо́в	из 	 семьи
родов	родо́в	итак всех 	
родов	родо́в	роды 	
родов	родо́в	четырнадцать 	
роду	ро́ду		
роду	ро́ду		 души
роду	ро́ду	всему 	
роду	ро́ду	от 	
роду	роду́		 громовых
роду	роду́	в 	
роду	роду́	в вашем 	
роду	роду́	в его 	
роду	роду́	в их 	
роду	роду́	в нашем 	
роду	роду́	на 	
роду	роду́	на 	 написано
рожками	ро́жками	зачаточными 	
рожками	рожка́ми	запасными 	
рожки	ро́жки		 да ножки
рожки	ро́жки		 торчащие
рожки	ро́жки		 улитки
рожки	ро́жки	козлиные 	
рожки	рожки́		 с патронами
рожки	рожки́		 с чернилами
рожки	рожки́		 трубили
рожки	рожки́	автоматные 	
рожки	рожки́	взвыли 	
рожки	рожки́	газовые 	
рожки	рожки́	дудки и 	
рожки	рожки́	завыли 	
рожки	рожки́	костяные 	
рожки	рожки́	ловчие 	
рожки	рожки́	набивать 	
рожки	рожки́	сигнальные 	
рожу	ро́жу		 бандитскую
рожу	ро́жу		 не криви
рожу	ро́жу		 тоъ не криви
рожу	ро́жу	бандитскую 	
рожу	ро́жу	в 	
рожу	ро́жу	ее 	
рожу	ро́жу	корчил 	
рожу	ро́жу	можно 	
рожу	ро́жу	разрисую 	
рожу	ро́жу	строил 	
рожу	ро́жу	эту 	
рожу	ро́жу	я 	 его мерзкую
рожу	рожу́		 тебе долгожданного
рожу	рожу́		 тебе долгожданного наследника
рожу	рожу́	вам его 	
рожу	рожу́	я 	
ростовой	росто́вой	наташей 	
росы	ро́сы	белые 	
росы	росы́	капельки 	
росы	росы́	капли 	
росы	росы́	каплями 	
росы	росы́	ночной 	
росы	росы́	скользкой от 	
рубите	ру́бите		 в ситуации
руды	ру́ды	все 	
руды	ру́ды	леса и 	
руды	руды́	добычи 	
руды	руды́	железной 	
руды	руды́	золотоносной 	
руды	руды́	из 	
руды	руды́	кипящей 	
руды	руды́	отыскания 	
ружья	ру́жья		 - не пушки
ружья	ру́жья		 - это
ружья	ру́жья		 и автоматы
ружья	ру́жья	вертели 	
ружья	ру́жья	взяли 	
ружья	ру́жья	гладкоствольные 	
ружья	ру́жья	дома 	
ружья	ру́жья	несли 	
ружья	ру́жья	ножи, 	
ружья	ру́жья	перезаряжали 	
ружья	ру́жья	проверить 	
ружья	ру́жья	свои 	
ружья	ру́жья	сжимая 	
ружья	ру́жья	эти 	
ружья	ружья́	винтовки или 	
ружья	ружья́	второго 	
ружья	ружья́	гладкоствольного 	
ружья	ружья́	для 	
ружья	ружья́	дуло 	
ружья	ружья́	дулом 	
ружья	ружья́	затвор 	
ружья	ружья́	звук 	
ружья	ружья́	из 	
ружья	ружья́	из успокаивающего 	
ружья	ружья́	крупнокалиберного 	
ружья	ружья́	курок 	
ружья	ружья́	лазерного 	
ружья	ружья́	оба 	
ружья	ружья́	обрез 	
ружья	ружья́	опасности - не 	
ружья	ружья́	от 	
ружья	ружья́	охотничьего 	
ружья	ружья́	приклад 	
ружья	ружья́	слонового 	
ружья	ружья́	снайперского 	
ружья	ружья́	старого 	
ружья	ружья́	ствол 	
ружья	ружья́	у 	
руки	ру́ки		 - за спиной
руки	ру́ки		 - не главное
руки	ру́ки		 - ноги
руки	ру́ки		 автомата безвольно
руки	ру́ки		 бы ему развязать
руки	ру́ки		 в бока
руки	ру́ки		 в замок
руки	ру́ки		 в крови
руки	ру́ки		 в ноги
руки	ру́ки		 в стороны
руки	ру́ки		 горе
руки	ру́ки		 женщины обвили
руки	ру́ки		 за голову
руки	ру́ки		 забегали
руки	ру́ки		 и глаза
руки	ру́ки		 и головы
руки	ру́ки		 и земли
руки	ру́ки		 и края
руки	ру́ки		 и лица
руки	ру́ки		 и ноги
руки	ру́ки		 и щеки
руки	ру́ки		 или ноги
руки	ру́ки		 к груди
руки	ру́ки		 к небу
руки	ру́ки		 к полкам
руки	ру́ки		 крюки
руки	ру́ки		 лежат
руки	ру́ки		 моем
руки	ру́ки		 не двигались
руки	ру́ки		 не из того места
руки	ру́ки		 ноги
руки	ру́ки		 от головы
руки	ру́ки		 пекло
руки	ру́ки		 под голову
руки	ру́ки		 подняты
руки	ру́ки		 поднятые
руки	ру́ки		 стрелка
руки	ру́ки		 стрелка тряслись
руки	ру́ки		 стрелки
руки	ру́ки		 толпы
руки	ру́ки		 у меня уже
руки	ру́ки		 учителя
руки	ру́ки		 целую
руки	ру́ки		 целую кучу
руки	ру́ки		 целую неделю
руки	ру́ки		 что то сдавило
руки	ру́ки		 что тоъ сдавило
руки	ру́ки	а 	
руки	ру́ки	а его 	
руки	ру́ки	берег 	
руки	ру́ки	берет в 	
руки	ру́ки	берет в 	 острый
руки	ру́ки	были 	
руки	ру́ки	в 	
руки	ру́ки	в 	 ведра
руки	ру́ки	в 	 воинов
руки	ру́ки	в его 	
руки	ру́ки	в их 	
руки	ру́ки	в стороны 	
руки	ру́ки	вверх 	
руки	ру́ки	ввысь 	
руки	ру́ки	вдел 	
руки	ру́ки	вдоль тела 	
руки	ру́ки	ветви 	
руки	ру́ки	ветви как 	
руки	ру́ки	взгляд 	
руки	ру́ки	вздымал 	
руки	ру́ки	взявшись за 	
руки	ру́ки	взять в 	
руки	ру́ки	включая 	
руки	ру́ки	вместе 	
руки	ру́ки	воздев 	
руки	ру́ки	воздевает 	
руки	ру́ки	воздевая 	
руки	ру́ки	воздел 	
руки	ру́ки	воздену 	
руки	ру́ки	возложил 	
руки	ру́ки	вот только 	
руки	ру́ки	все 	
руки	ру́ки	всем 	
руки	ру́ки	вскидывает 	
руки	ру́ки	вскидывая 	
руки	ру́ки	вскинул 	
руки	ру́ки	вскинула 	
руки	ру́ки	вывернув 	
руки	ру́ки	вывихнул 	
руки	ру́ки	вымой 	
руки	ру́ки	вымыв 	
руки	ру́ки	вымыл 	
руки	ру́ки	вымыть 	
руки	ру́ки	вынув 	
руки	ру́ки	вынул 	
руки	ру́ки	выпустил 	
руки	ру́ки	вырвал 	
руки	ру́ки	высвободил 	
руки	ру́ки	выставил 	
руки	ру́ки	вытащил 	
руки	ру́ки	вытащить 	 из
руки	ру́ки	вытер 	
руки	ру́ки	вытер полотенцем 	
руки	ру́ки	вытер тряпицей 	
руки	ру́ки	вытер тряпкой 	
руки	ру́ки	вытерев 	
руки	ру́ки	вытерев полотенцем 	
руки	ру́ки	вытерев тряпицей 	
руки	ру́ки	вытерев тряпкой 	
руки	ру́ки	вытерла 	
руки	ру́ки	вытерла полотенцем 	
руки	ру́ки	вытерла тряпицей 	
руки	ру́ки	вытерла тряпкой 	
руки	ру́ки	вытерли 	
руки	ру́ки	вытерли полотенцем 	
руки	ру́ки	вытирает 	
руки	ру́ки	вытирал платком 	
руки	ру́ки	вытирать 	
руки	ру́ки	вытирать ею 	
руки	ру́ки	вытирая 	
руки	ру́ки	вытягивал 	
руки	ру́ки	вытянув 	
руки	ру́ки	голову 	
руки	ру́ки	голову и 	
руки	ру́ки	груди 	
руки	ру́ки	груди и 	
руки	ру́ки	губы и 	
руки	ру́ки	держа 	
руки	ру́ки	держал 	
руки	ру́ки	держала 	
руки	ру́ки	держите 	
руки	ру́ки	держите за спиной 	
руки	ру́ки	друг другу 	
руки	ру́ки	его 	 бегуна
руки	ру́ки	его 	 были
руки	ру́ки	его 	 и ноги
руки	ру́ки	его 	 легли
руки	ру́ки	его 	 просто
руки	ру́ки	за 	
руки	ру́ки	и 	 твои
руки	ру́ки	иди 	 мой
руки	ру́ки	к груди 	
руки	ру́ки	к небу 	
руки	ру́ки	которой касались 	
руки	ру́ки	куда 	 приложить
руки	ру́ки	куда девать 	
руки	ру́ки	лица и 	
руки	ру́ки	лица и 	 сделались
руки	ру́ки	лишь его 	
руки	ру́ки	марать об тебя 	
руки	ру́ки	моем 	
руки	ру́ки	мою 	
руки	ру́ки	моя 	
руки	ру́ки	на 	
руки	ру́ки	на 	 и ноги
руки	ру́ки	на все 	
руки	ру́ки	на груди 	
руки	ру́ки	над головой 	
руки	ру́ки	ноги 	
руки	ру́ки	ноги в 	
руки	ру́ки	ноги и 	
руки	ру́ки	от лица 	
руки	ру́ки	от физической работы 	
руки	ру́ки	отнимаются 	 и ноги
руки	ру́ки	отнялись 	
руки	ру́ки	отсек 	
руки	ру́ки	плечи, и 	
руки	ру́ки	под 	
руки	ру́ки	подняли 	
руки	ру́ки	пожмите друг другу 	
руки	ру́ки	попадают в 	
руки	ру́ки	принялась разминать 	
руки	ру́ки	принялись разминать 	
руки	ру́ки	принялся разминать 	
руки	ру́ки	с контактов 	
руки	ру́ки	с рук на 	
руки	ру́ки	скрестив на груди 	
руки	ру́ки	скрестила 	 на груди
руки	ру́ки	сложил 	 на груди
руки	ру́ки	сушу 	
руки	ру́ки	схватила его 	
руки	ру́ки	толстые 	
руки	ру́ки	тянулись 	
руки	ру́ки	умываю 	
руки	ру́ки	целовать 	
руки	ру́ки	целовать мне 	
руки	ру́ки	целует 	
руки	ру́ки	целую 	
руки	ру́ки	целуя 	
руки	ру́ки	чем 	
руки	ру́ки	через его 	
руки	ру́ки	что его 	
руки	ру́ки	чьи то 	
руки	ру́ки	чьи тоъ 	
руки	ру́ки	шею и 	
руки	руки́		 бы не подал
руки	руки́		 друг другу
руки	руки́		 и сердца
руки	руки́		 лишиться
руки	руки́		 моей дочери
руки	руки́		 он ему
руки	руки́		 твоей
руки	руки́		 уже не было
руки	руки́		 чужие
руки	руки́	агент 	 смерти
руки	руки́	ампутацей 	
руки	руки́	ампутацию 	
руки	руки́	ампутация 	
руки	руки́	артерией 	
руки	руки́	артерии 	
руки	руки́	артерий 	
руки	руки́	артерию 	
руки	руки́	артерия 	
руки	руки́	артериям 	
руки	руки́	артериями 	
руки	руки́	артериях 	
руки	руки́	атакующей 	
руки	руки́	без 	
руки	руки́	без 	 или ноги
руки	руки́	безвольной 	
руки	руки́	белой 	
руки	руки́	белоснежной 	
руки	руки́	божественной 	
руки	руки́	больной 	
руки	руки́	в 	 страны
руки	руки́	в тени 	
руки	руки́	в три 	
руки	руки́	в четыре 	
руки	руки́	вашей 	
руки	руки́	вдоль 	
руки	руки́	вдоль 	 или ноги
руки	руки́	вдоль его 	
руки	руки́	ведущей 	
руки	руки́	вен 	
руки	руки́	вена 	
руки	руки́	венам 	
руки	руки́	венами 	
руки	руки́	венах 	
руки	руки́	вене 	
руки	руки́	веной 	
руки	руки́	вену 	
руки	руки́	вены 	
руки	руки́	вес 	
руки	руки́	веса 	
руки	руки́	весе 	
руки	руки́	весом 	
руки	руки́	весу 	
руки	руки́	взмах 	
руки	руки́	взмах его 	
руки	руки́	взмах их 	
руки	руки́	взмаха 	
руки	руки́	взмаха его 	
руки	руки́	взмаха их 	
руки	руки́	взмахам 	
руки	руки́	взмахам его 	
руки	руки́	взмахам их 	
руки	руки́	взмахами 	
руки	руки́	взмахами его 	
руки	руки́	взмахами их 	
руки	руки́	взмахах 	
руки	руки́	взмахах его 	
руки	руки́	взмахах их 	
руки	руки́	взмахе 	
руки	руки́	взмахе его 	
руки	руки́	взмахе их 	
руки	руки́	взмахи 	
руки	руки́	взмахи его 	
руки	руки́	взмахи их 	
руки	руки́	взмахов 	
руки	руки́	взмахов его 	
руки	руки́	взмахов их 	
руки	руки́	взмахом 	
руки	руки́	взмахом его 	
руки	руки́	взмахом их 	
руки	руки́	взмаху 	
руки	руки́	взмаху его 	
руки	руки́	взмаху их 	
руки	руки́	вид 	
руки	руки́	вида 	
руки	руки́	видам 	
руки	руки́	видами 	
руки	руки́	видах 	
руки	руки́	виде 	
руки	руки́	видов 	
руки	руки́	видом 	
руки	руки́	виду 	
руки	руки́	виды 	
руки	руки́	висевшей 	
руки	руки́	висевшей как плеть 	
руки	руки́	вместо 	
руки	руки́	внешней стороны 	
руки	руки́	внутренней стороны 	
руки	руки́	внутри 	
руки	руки́	внутрь 	
руки	руки́	воздетой 	
руки	руки́	воздетой вверх 	
руки	руки́	возле 	
руки	руки́	возле 	 или ноги
руки	руки́	возле его 	
руки	руки́	возле самой 	
руки	руки́	возложении 	
руки	руки́	вокруг 	
руки	руки́	вокруг 	 или ноги
руки	руки́	вокруг его 	
руки	руки́	вокруг ноги или 	
руки	руки́	волосатой 	
руки	руки́	волочащейся 	
руки	руки́	волшебной 	
руки	руки́	восьмой 	
руки	руки́	вращение 	
руки	руки́	вращением 	
руки	руки́	вращении 	
руки	руки́	вращений 	
руки	руки́	вращению 	
руки	руки́	вращения 	
руки	руки́	вращения его 	
руки	руки́	вращениям 	
руки	руки́	вращениями 	
руки	руки́	вращениях 	
руки	руки́	второй 	
руки	руки́	вывертом 	
руки	руки́	вывих 	
руки	руки́	вывиха 	
руки	руки́	вывихам 	
руки	руки́	вывихами 	
руки	руки́	вывихах 	
руки	руки́	вывихе 	
руки	руки́	вывихи 	
руки	руки́	вывихов 	
руки	руки́	вывихом 	
руки	руки́	вывиху 	
руки	руки́	выдвижении 	
руки	руки́	выдох 	
руки	руки́	выдоха 	
руки	руки́	выдохам 	
руки	руки́	выдохами 	
руки	руки́	выдохах 	
руки	руки́	выдохе 	
руки	руки́	выдохи 	
руки	руки́	выдохов 	
руки	руки́	выдохом 	
руки	руки́	выдоху 	
руки	руки́	высшей 	
руки	руки́	вытянутой 	
руки	руки́	глаза 	 смерти
руки	руки́	горячей 	
руки	руки́	две 	
руки	руки́	движение 	
руки	руки́	движение 	 или ноги
руки	руки́	движение его 	
руки	руки́	движением 	
руки	руки́	движением 	 или ноги
руки	руки́	движению 	
руки	руки́	детской 	
руки	руки́	длина его 	
руки	руки́	длиннее 	
руки	руки́	длинной 	
руки	руки́	для 	
руки	руки́	до 	
руки	руки́	до его 	
руки	руки́	добиться 	
руки	руки́	доброй 	
руки	руки́	другой 	
руки	руки́	другой стороны 	
руки	руки́	другу 	
руки	руки́	жаркое из 	
руки	руки́	женской 	
руки	руки́	жертвой 	
руки	руки́	жестом 	
руки	руки́	зажиме 	
руки	руки́	залом 	
руки	руки́	замотанной в тряпье 	
руки	руки́	знаком 	
руки	руки́	знаком его 	
руки	руки́	из 	
руки	руки́	из его 	
руки	руки́	из под 	
руки	руки́	из под 	 или ноги
руки	руки́	из под его 	
руки	руки́	из-под 	
руки	руки́	изувеченной 	
руки	руки́	каждой 	
руки	руки́	касалась 	
руки	руки́	касался 	
руки	руки́	касание 	
руки	руки́	касаясь 	
руки	руки́	кисть 	
руки	руки́	кистью 	
руки	руки́	кожу 	
руки	руки́	конца его 	
руки	руки́	коснувшись 	
руки	руки́	коснулась 	
руки	руки́	коснулся 	
руки	руки́	костей 	
руки	руки́	кости 	
руки	руки́	костяшки его 	
руки	руки́	крупной 	
руки	руки́	культе 	
руки	руки́	культи 	 или ноги
руки	руки́	культи ноги или 	
руки	руки́	культя 	
руки	руки́	ладони 	
руки	руки́	левой 	
руки	руки́	лишался 	
руки	руки́	лишался 	 или ноги
руки	руки́	лишившись 	
руки	руки́	лишившись одной 	
руки	руки́	лишился 	
руки	руки́	лишить 	
руки	руки́	лишиться не только 	
руки	руки́	лишишься 	
руки	руки́	локтем 	
руки	руки́	мановение 	
руки	руки́	мановением 	
руки	руки́	мановению 	
руки	руки́	моей 	
руки	руки́	мужских 	
руки	руки́	мышцы 	
руки	руки́	на сгибе 	
руки	руки́	не подав герцогу 	
руки	руки́	не подать 	
руки	руки́	не протянул 	
руки	руки́	нет 	
руки	руки́	ниже 	 девушки
руки	руки́	обе 	
руки	руки́	обе 	 к груди
руки	руки́	обе свои 	
руки	руки́	обладатель 	
руки	руки́	образа 	
руки	руки́	образам 	
руки	руки́	образами 	
руки	руки́	образах 	
руки	руки́	обрубком 	
руки	руки́	обрубок 	
руки	руки́	одной 	
руки	руки́	одной 	 или ноги
руки	руки́	одной ноги или 	
руки	руки́	около его 	
руки	руки́	опускающейся 	
руки	руки́	от 	
руки	руки́	от 	 самого
руки	руки́	от 	 сынов
руки	руки́	от взмаха 	
руки	руки́	от его 	
руки	руки́	от моей 	
руки	руки́	от твоей 	
руки	руки́	от чьей 	
руки	руки́	отпечатки 	
руки	руки́	отрубание 	
руки	руки́	отрубании 	
руки	руки́	отрубленной 	
руки	руки́	отсутствие 	
руки	руки́	палец 	
руки	руки́	пальца 	
руки	руки́	пальцем 	
руки	руки́	пальцу 	
руки	руки́	пальцы 	
руки	руки́	пассом 	
руки	руки́	первой 	
руки	руки́	перелом 	
руки	руки́	по движению 	
руки	руки́	по мановению 	
руки	руки́	по поводу вашей 	
руки	руки́	пожатие 	
руки	руки́	пожатием 	
руки	руки́	пожатия 	
руки	руки́	попросил 	
руки	руки́	порезом 	
руки	руки́	последней 	
руки	руки́	потерянной в бою 	
руки	руки́	правой 	
руки	руки́	предложение 	
руки	руки́	предложению 	
руки	руки́	предложения 	
руки	руки́	прикосновение 	
руки	руки́	прикоснувшейся 	
руки	руки́	прикрывшей чашку 	
руки	руки́	принял целование 	
руки	руки́	просил 	
руки	руки́	просил 	 девушки
руки	руки́	просить 	
руки	руки́	протяну вам 	
руки	руки́	прошу 	
руки	руки́	пятой 	
руки	руки́	разорванной зубами 	
руки	руки́	ребра 	
руки	руки́	ребром 	
руки	руки́	роль 	
руки	руки́	с 	
руки	руки́	с его 	
руки	руки́	с поднятием 	
руки	руки́	свободной 	
руки	руки́	свободны 	
руки	руки́	своей 	
руки	руки́	сгиб 	
руки	руки́	сгибом 	
руки	руки́	сжимающей оружие 	
руки	руки́	силой 	 смерти
руки	руки́	сломанной 	
руки	руки́	средней 	
руки	руки́	стен, 	 и духа
руки	руки́	сторону 	
руки	руки́	стороны 	
руки	руки́	сухой 	
руки	руки́	твоей 	
руки	руки́	тень 	
руки	руки́	тепло 	
руки	руки́	теплом 	
руки	руки́	толчком 	
руки	руки́	толще его 	
руки	руки́	точность глаза и 	
руки	руки́	три 	
руки	руки́	у 	
руки	руки́	удивительное сходство 	
руки	руки́	фон 	
руки	руки́	фона 	
руки	руки́	фонам 	
руки	руки́	фонами 	
руки	руки́	фонах 	
руки	руки́	фоне 	
руки	руки́	фонов 	
руки	руки́	фоном 	
руки	руки́	фону 	
руки	руки́	фоны 	
руки	руки́	форм 	
руки	руки́	форма 	
руки	руки́	формам 	
руки	руки́	формами 	
руки	руки́	формах 	
руки	руки́	форме 	
руки	руки́	формой 	
руки	руки́	форму 	
руки	руки́	формы 	
руки	руки́	фрагмент 	
руки	руки́	фрагмента 	
руки	руки́	фрагментам 	
руки	руки́	фрагментами 	
руки	руки́	фрагментах 	
руки	руки́	фрагменте 	
руки	руки́	фрагментов 	
руки	руки́	фрагментом 	
руки	руки́	фрагменту 	
руки	руки́	фрагменты 	
руки	руки́	функцией 	
руки	руки́	функции 	
руки	руки́	функций 	
руки	руки́	функцию 	
руки	руки́	функция 	
руки	руки́	функциям 	
руки	руки́	функциями 	
руки	руки́	функциях 	
руки	руки́	хрупкой 	
руки	руки́	частей 	
руки	руки́	части 	
руки	руки́	часть 	
руки	руки́	частью 	
руки	руки́	частям 	
руки	руки́	частями 	
руки	руки́	частях 	
руки	руки́	человеческой 	
руки	руки́	четыре 	
руки	руки́	четыре детские 	
руки	руки́	четыре детских 	
руки	руки́	четыре его 	
руки	руки́	четыре задние 	
руки	руки́	четыре коричневые 	
руки	руки́	четыре левые 	
руки	руки́	четыре маленькие 	
руки	руки́	четыре маленьких 	
руки	руки́	четыре мускулистые 	
руки	руки́	четыре мускулистых 	
руки	руки́	четыре передние 	
руки	руки́	четыре правые 	
руки	руки́	четыре сильные 	
руки	руки́	четыре слабые 	
руки	руки́	чистой 	
руки	руки́	чувств 	
руки	руки́	чувства 	
руки	руки́	чувствам 	
руки	руки́	чувствами 	
руки	руки́	чувствах 	
руки	руки́	чувстве 	
руки	руки́	чувство 	
руки	руки́	чувством 	
руки	руки́	чувству 	
руки	руки́	чужой 	
руки	руки́	чьей 	
руки	руки́	чьей та 	
руки	руки́	чьей то 	
руки	руки́	чьей тоъ 	
руки	руки́	шестой 	
руки	руки́	ширин 	
руки	руки́	ширина 	
руки	руки́	ширинам 	
руки	руки́	ширинами 	
руки	руки́	ширинах 	
руки	руки́	ширине 	
руки	руки́	шириной 	
руки	руки́	ширину 	
руки	руки́	ширины 	
руки	руки́	широкой 	
руки	руки́	этой 	
руки	руки́	этой же 	
руки	руки́	юношеской 	
ряду	ря́ду		 окон
ряду	ря́ду	второму 	
ряду	ря́ду	первому 	
ряду	ря́ду	по 	
ряду	ря́ду	торговом 	
ряду	ряду́		 войска
ряду	ряду́	белом 	
ряду	ряду́	в 	
ряду	ряду́	в первом 	 стоит
ряду	ряду́	заднем 	
ряду	ряду́	первом 	
ряду	ряду́	переднем 	
ряду	ряду́	последнем 	
ряду	ряду́	стоит в 	
ряду	ряду́	стоит в том же 	
саду	са́ду	бегать по 	
саду	са́ду	ботаническому 	
саду	са́ду	вечернему 	
саду	са́ду	всему 	
саду	са́ду	по 	
саду	са́ду	цветущему 	
саду	саду́	большом 	
саду	саду́	в 	
саду	саду́	в его 	
саду	саду́	в нашем 	
саду	саду́	в эдемском 	
саду	саду́	ватиканском 	
саду	саду́	вашем 	
саду	саду́	во внутреннем 	
саду	саду́	гефсиманском 	
саду	саду́	знаменитом 	
саду	саду́	каждом 	
саду	саду́	каком 	
саду	саду́	конкретном 	
саду	саду́	маленьком 	
саду	саду́	мистеру 	
саду	саду́	нашем 	
саду	саду́	одном 	
саду	саду́	тенистом 	
саду	саду́	типичном 	
саду	саду́	тихом 	
саду	саду́	том 	
сажу	са́жу	мелкую 	
сажу	са́жу	с гарри 	
самого	са́мого		 абсурдного
самого	са́мого		 бедра
самого	са́мого		 безотрадного
самого	са́мого		 белого
самого	са́мого		 берега
самого	са́мого		 бессовестного
самого	са́мого		 благородного
самого	са́мого		 боку
самого	са́мого		 болезненного
самого	са́мого		 больного
самого	са́мого		 большого
самого	са́мого		 быстрого
самого	са́мого		 верхнего
самого	са́мого		 вечера
самого	са́мого		 внешнего
самого	са́мого		 внутреннего
самого	са́мого		 возвышенного
самого	са́мого		 высокого
самого	са́мого		 высокоразвитого
самого	са́мого		 главного
самого	са́мого		 глубинного
самого	са́мого		 глубокого
самого	са́мого		 грубого
самого	са́мого		 дивного
самого	са́мого		 длительного
самого	са́мого		 досточтимого
самого	са́мого		 драгоценного
самого	са́мого		 древнего
самого	са́мого		 естественного
самого	са́мого		 жаркого
самого	са́мого		 знатного
самого	са́мого		 значительного
самого	са́мого		 крайнего
самого	са́мого		 края
самого	са́мого		 крупного
самого	са́мого		 леса
самого	са́мого		 лучшего
самого	са́мого		 любимого
самого	са́мого		 маленького
самого	са́мого		 малого
самого	са́мого		 мастерского
самого	са́мого		 материального
самого	са́мого		 мелкого
самого	са́мого		 мельчайшего
самого	са́мого		 мерзкого
самого	са́мого		 места
самого	са́мого		 младшего
самого	са́мого		 мощного
самого	са́мого		 мучительного
самого	са́мого		 наивысшего
самого	са́мого		 насыщенного
самого	са́мого		 начала
самого	са́мого		 нежнейшего
самого	са́мого		 нижнего
самого	са́мого		 низкого
самого	са́мого		 низменного
самого	са́мого		 низшего
самого	са́мого		 обычного
самого	са́мого		 отвратительного
самого	са́мого		 первого
самого	са́мого		 позорного
самого	са́мого		 полюса
самого	са́мого		 последнего
самого	са́мого		 послушного
самого	са́мого		 праздничного
самого	са́мого		 преданного
самого	са́мого		 примитивного
самого	са́мого		 простого
самого	са́мого		 разного
самого	са́мого		 разнообразного
самого	са́мого		 раннего
самого	са́мого		 роскошного
самого	са́мого		 свободного
самого	са́мого		 святого
самого	са́мого		 священного
самого	са́мого		 сильного
самого	са́мого		 скверного
самого	са́мого		 сокровенного
самого	са́мого		 способного
самого	са́мого		 старшего
самого	са́мого		 токсичного
самого	са́мого		 трудного
самого	са́мого		 угрюмого
самого	са́мого		 ужасного
самого	са́мого		 узкого
самого	са́мого		 холодного
самого	са́мого		 худшего
самого	са́мого		 ценного
самого	са́мого		 честного
самого	са́мого		 чистого
самого	са́мого		 элементарного
самого	са́мого		 яркого
самого	са́мого		 яростного
самого	са́мого	в 	 бездарного
самого	са́мого	в 	 верхнего
самого	са́мого	в 	 гордого
самого	са́мого	в 	 грамотного
самого	са́мого	в 	 современного
самого	са́мого	в 	 странного
самого	са́мого	возле 	
самого	са́мого	до 	
самого	са́мого	до 	 верху
самого	са́мого	до 	 вечера
самого	са́мого	до 	 дома
самого	са́мого	до 	 края
самого	са́мого	до 	 места
самого	са́мого	до 	 моря
самого	са́мого	до 	 начала
самого	са́мого	до 	 острова
самого	са́мого	до 	 поезда
самого	са́мого	до 	 полу
самого	са́мого	до 	 сердца
самого	са́мого	до 	 утра
самого	са́мого	до 	 черепа
самого	са́мого	другом того 	
самого	са́мого	з 	 початку
самого	са́мого	из 	 сердца
самого	са́мого	крышу 	 дома
самого	са́мого	не виделись с 	
самого	са́мого	около 	 пола
самого	са́мого	от 	 основания
самого	са́мого	от 	 плеча
самого	са́мого	с 	 большого
самого	са́мого	с 	 верха
самого	са́мого	с 	 верху
самого	са́мого	с 	 вечера
самого	са́мого	с 	 же начала
самого	са́мого	с 	 краю
самого	са́мого	с 	 края
самого	са́мого	с 	 лета
самого	са́мого	с 	 начала
самого	са́мого	с 	 начала был
самого	са́мого	с 	 начала была
самого	са́мого	с 	 начала были
самого	са́мого	с 	 начала было
самого	са́мого	с 	 начала войны
самого	са́мого	с 	 начала игры
самого	са́мого	с 	 начала она
самого	са́мого	с 	 начала стрельбы
самого	са́мого	с 	 низу
самого	са́мого	с 	 рождения
самого	са́мого	с 	 утра
самого	са́мого	с 	 часа
самого	са́мого	себя 	 строгого
самого	са́мого	стекла этого 	
самого	са́мого	стоявшего у 	 окна
самого	са́мого	стоявшую у 	 окна
самого	са́мого	того 	
самого	са́мого	того же 	
самого	са́мого	у 	 борта
самого	са́мого	у 	 въезда
самого	са́мого	у 	 дна
самого	са́мого	у 	 дома
самого	са́мого	у 	 его края
самого	са́мого	у 	 запястья
самого	са́мого	у 	 корпуса
самого	са́мого	у 	 края
самого	са́мого	у 	 кресла
самого	са́мого	у 	 леса
самого	са́мого	у 	 лица
самого	са́мого	у 	 окна
самого	са́мого	у 	 побережья
самого	са́мого	у 	 уха
самого	са́мого	у 	 центра звезды
самого	са́мого	этого 	
самого	самого́		 автора
самого	самого́		 адмирала
самого	самого́		 бога
самого	самого́		 вожака
самого	самого́		 войска
самого	самого́		 волдеморта
самого	самого́		 города
самого	самого́		 господа
самого	самого́		 государства
самого	самого́		 государя
самого	самого́		 дела
самого	самого́		 димы
самого	самого́		 директора
самого	самого́		 дома
самого	самого́		 дракона
самого	самого́		 дьявола
самого	самого́		 его
самого	самого́		 завистника
самого	самого́		 замка
самого	самого́		 зарождения
самого	самого́		 звучания
самого	самого́		 змея
самого	самого́		 имени
самого	самого́		 императора
самого	самого́		 исполнителя
самого	самого́		 короля
самого	самого́		 корпуса
самого	самого́		 мастера
самого	самого́		 не
самого	самого́		 нет
самого	самого́		 никого
самого	самого́		 ничего
самого	самого́		 письма
самого	самого́		 по себе
самого	самого́		 понятия
самого	самого́		 пояса
самого	самого́		 проекта
самого	самого́		 произведения
самого	самого́		 процесса
самого	самого́		 разбирательства
самого	самого́		 ребра
самого	самого́		 себя
самого	самого́		 сознания
самого	самого́		 солнца
самого	самого́		 спросите
самого	самого́		 та
самого	самого́		 там
самого	самого́		 товарища
самого	самого́		 тошнит
самого	самого́		 фрунзе
самого	самого́		 характера
самого	самого́		 царя
самого	самого́		 человека
самого	самого́		 человечества
самого	самого́		 черта
самого	самого́		 чуть
самого	самого́		 щас цапну
самого	самого́		 этого
самого	самого́	а 	 так
самого	самого́	а у 	
самого	самого́	ведома 	
самого	самого́	включая и 	
самого	самого́	внутри него 	
самого	самого́	во время 	 сна
самого	самого́	дворце 	
самого	самого́	действия его 	
самого	самого́	длиннее его 	
самого	самого́	для 	 себя
самого	самого́	для 	 человека
самого	самого́	для него 	
самого	самого́	дочь 	 монтесумы
самого	самого́	его 	
самого	самого́	его 	 дома
самого	самого́	его ведь и 	
самого	самого́	и 	 человека
самого	самого́	из 	 себя
самого	самого́	кольца 	
самого	самого́	либо 	
самого	самого́	меня 	
самого	самого́	меня у 	
самого	самого́	на 	 господа
самого	самого́	на 	 себя
самого	самого́	на 	 царя
самого	самого́	на него 	
самого	самого́	него 	
самого	самого́	него же 	
самого	самого́	ни 	 наблюдения
самого	самого́	но 	 его
самого	самого́	обижали не его 	
самого	самого́	от 	 автора
самого	самого́	от 	 движения
самого	самого́	от 	 замка
самого	самого́	от 	 некроманта
самого	самого́	от него 	
самого	самого́	от руки 	
самого	самого́	печать 	
самого	самого́	помимо 	 ультразвука
самого	самого́	пространстве 	 сознания
самого	самого́	против него 	
самого	самого́	с 	 полюса
самого	самого́	с помощью 	 разума
самого	самого́	себя 	
самого	самого́	старше его 	
самого	самого́	тебя 	
самого	самого́	у 	 глаза
самого	самого́	у 	 глаза в кучу
самого	самого́	у 	 глаза чуть не вылезли из орбит
самого	самого́	у 	 мозги отшибло
самого	самого́	у него 	
самого	самого́	у тебя та 	 брат
самого	самого́	убьют его 	
самого	самого́	увидеть 	 царя
самого	самого́	через 	 себя
самого	самого́	через его 	
самого	самого́	что же до 	
самого	самого́	чтобы 	 не
самой	са́мой		 авторитетной
самой	са́мой		 активной
самой	са́мой		 безжалостной
самой	са́мой		 безосновательной
самой	са́мой		 блестящей
самой	са́мой		 ближней
самой	са́мой		 близи
самой	са́мой		 бойкой
самой	са́мой		 большой
самой	са́мой		 важной
самой	са́мой		 верной
самой	са́мой		 верхней
самой	са́мой		 верхушке черепа
самой	са́мой		 весны
самой	са́мой		 внешней
самой	са́мой		 внутренней
самой	са́мой		 внутреннейшей
самой	са́мой		 воды
самой	са́мой		 высокой
самой	са́мой		 высшей
самой	са́мой		 главной
самой	са́мой		 глубокой
самой	са́мой		 горькой
самой	са́мой		 горячей
самой	са́мой		 грубой
самой	са́мой		 двери
самой	са́мой		 длинной
самой	са́мой		 длинной стены
самой	са́мой		 дороги
самой	са́мой		 дорогой
самой	са́мой		 доски
самой	са́мой		 драгоценной
самой	са́мой		 древней
самой	са́мой		 его середине
самой	са́мой		 жизненной
самой	са́мой		 земли
самой	са́мой		 идеальной
самой	са́мой		 короткой
самой	са́мой		 красивой
самой	са́мой		 крепкой
самой	са́мой		 крохотной
самой	са́мой		 крупной
самой	са́мой		 лесной кромки
самой	са́мой		 лучшей
самой	са́мой		 любимой
самой	са́мой		 маленькой
самой	са́мой		 мерзкой
самой	са́мой		 младшей
самой	са́мой		 могущественной
самой	са́мой		 молодой
самой	са́мой		 мощной
самой	са́мой		 мучительной
самой	са́мой		 наглой
самой	са́мой		 наихудшей
самой	са́мой		 настоятельной
самой	са́мой		 незначительной
самой	са́мой		 необоснованной
самой	са́мой		 необходимой
самой	са́мой		 непоколебимой
самой	са́мой		 непосредственной
самой	са́мой		 нетрудной
самой	са́мой		 нижней
самой	са́мой		 низкой
самой	са́мой		 низшей
самой	са́мой		 ноги
самой	са́мой		 обширной
самой	са́мой		 обычной
самой	са́мой		 отвратительной
самой	са́мой		 первой
самой	са́мой		 плотной
самой	са́мой		 поздней
самой	са́мой		 правой
самой	са́мой		 прекрасной
самой	са́мой		 прелестной
самой	са́мой		 примечательной
самой	са́мой		 простой
самой	са́мой		 пышной
самой	са́мой		 радостной
самой	са́мой		 разной
самой	са́мой		 ранней
самой	са́мой		 рослой
самой	са́мой		 свежей
самой	са́мой		 светлой
самой	са́мой		 священной из
самой	са́мой		 сильной
самой	са́мой		 сияющей
самой	са́мой		 слабой
самой	са́мой		 совершенной
самой	са́мой		 старой
самой	са́мой		 стены
самой	са́мой		 страстной
самой	са́мой		 страшной
самой	са́мой		 суровой
самой	са́мой		 терпкой
самой	са́мой		 типичной
самой	са́мой		 трудной
самой	са́мой		 тщательной
самой	са́мой		 тяжеловесной
самой	са́мой		 тяжкой
самой	са́мой		 ужасной
самой	са́мой		 чистой
самой	са́мой		 что ни
самой	са́мой		 эфирно-вещественной
самой	са́мой		 южной
самой	са́мой	автор 	
самой	са́мой	будешь 	
самой	са́мой	будь 	
самой	са́мой	была 	
самой	са́мой	в 	
самой	са́мой	в 	 большой оси
самой	са́мой	в 	 верхней
самой	са́мой	в 	 глубине
самой	са́мой	в 	 глуши
самой	са́мой	в 	 гуще
самой	са́мой	в 	 дорогой
самой	са́мой	в 	 малости
самой	са́мой	в 	 подворотне
самой	са́мой	в 	 пучине
самой	са́мой	в 	 своей
самой	са́мой	в 	 середине
самой	са́мой	в 	 серединке
самой	са́мой	в 	 скверной
самой	са́мой	в 	 чаще
самой	са́мой	в этой 	
самой	са́мой	вдоль 	
самой	са́мой	возле 	
самой	са́мой	возле 	 воды
самой	са́мой	возле 	 дороги
самой	са́мой	возле 	 звезды
самой	са́мой	возле 	 земли
самой	са́мой	возле 	 кромки
самой	са́мой	возле 	 ноги
самой	са́мой	возле 	 реки
самой	са́мой	возле 	 руки
самой	са́мой	возле 	 скатерти
самой	са́мой	до 	
самой	са́мой	до 	 глубины
самой	са́мой	до 	 глубины души
самой	са́мой	до 	 груди
самой	са́мой	до 	 двери
самой	са́мой	до 	 дымки
самой	са́мой	до 	 земли
самой	са́мой	до 	 ночи
самой	са́мой	до 	 реки
самой	са́мой	до 	 стены
самой	са́мой	до 	 суши
самой	са́мой	до 	 тюрьмы
самой	са́мой	же 	 стены
самой	са́мой	из 	 глубины
самой	са́мой	из 	 глубины души
самой	са́мой	как 	 ответственной
самой	са́мой	на 	 кромке
самой	са́мой	над 	 поверхностью земли
самой	са́мой	не 	 дорогой
самой	са́мой	от 	 головы
самой	са́мой	от 	 земли
самой	са́мой	от 	 стены
самой	са́мой	перед 	 смертью
самой	са́мой	ради 	 элементарной
самой	са́мой	с 	 зимы
самой	са́мой	с 	 лучшей стороны
самой	са́мой	себя 	 [homo] самой [/homo]
самой	са́мой	стоят на 	
самой	са́мой	стоящей почти 	
самой	са́мой	такой же 	
самой	са́мой	той 	
самой	са́мой	той 	 дорогой
самой	са́мой	той же 	
самой	са́мой	той же 	 дорогой
самой	са́мой	у 	 воды
самой	са́мой	у 	 груди
самой	са́мой	у 	 двери
самой	са́мой	у 	 дороги
самой	са́мой	у 	 его ноги
самой	са́мой	у 	 звезды
самой	са́мой	у 	 земли
самой	са́мой	у 	 кромки озера
самой	са́мой	у 	 моей ноги
самой	са́мой	у 	 норы
самой	са́мой	у 	 поверхности земли
самой	са́мой	у 	 реки
самой	са́мой	у 	 стены
самой	са́мой	у 	 твоей ноги
самой	са́мой	этой 	
самой	са́мой	этой 	 дорогой
самой	са́мой	этой 	 реки
самой	са́мой	этой 	 страны
самой	са́мой	этой вот 	
самой	са́мой	этой же 	
самой	само́й		 ангаре
самой	само́й		 вещью
самой	само́й		 возможности
самой	само́й		 волны
самой	само́й		 выбирать
самой	само́й		 выбраться
самой	само́й		 главы
самой	само́й		 груди
самой	само́й		 ей
самой	само́й		 жизни
самой	само́й		 жизнью
самой	само́й		 звезды
самой	само́й		 земле
самой	само́й		 знать
самой	само́й		 игрой
самой	само́й		 империи
самой	само́й		 кажется
самой	само́й		 книге
самой	само́й		 корпорации
самой	само́й		 ломать голову
самой	само́й		 начать
самой	само́й		 не взойти
самой	само́й		 не интересно
самой	само́й		 осознать
самой	само́й		 остаться
самой	само́й		 природе
самой	само́й		 природой
самой	само́й		 реки
самой	само́й		 с собой
самой	само́й		 своей
самой	само́й		 сделалось
самой	само́й		 сделать
самой	само́й		 себе
самой	само́й		 себя
самой	само́й		 смертью
самой	само́й		 собирать
самой	само́й		 собой
самой	само́й		 собою
самой	само́й		 совести
самой	само́й		 стать
самой	само́й		 стоит
самой	само́й		 страдать
самой	само́й		 та
самой	само́й	а у 	 глаза
самой	само́й	в 	 атмосфере
самой	само́й	в 	 горе
самой	само́й	в 	 деревне
самой	само́й	в 	 квартире
самой	само́й	в 	 кухне
самой	само́й	в 	 мысли
самой	само́й	в 	 национальной
самой	само́й	в 	 себе
самой	само́й	в ней 	
самой	само́й	важнее 	 жизни
самой	само́й	влюбляться 	
самой	само́й	возможность 	 принять
самой	само́й	выжить 	
самой	само́й	выше 	 стены
самой	само́й	готовить 	
самой	само́й	длиннее 	 главы
самой	само́й	для 	 аоры
самой	само́й	для вас 	
самой	само́й	дороже 	 квартиры
самой	само́й	думать о себе 	
самой	само́й	ей 	
самой	само́й	есть 	
самой	само́й	ею 	
самой	само́й	за нею 	
самой	само́й	из 	 программы
самой	само́й	к себе 	
самой	само́й	ладно с 	
самой	само́й	либо 	
самой	само́й	меня 	
самой	само́й	мне 	
самой	само́й	на них себе 	
самой	само́й	не в 	
самой	само́й	ней 	
самой	само́й	о ней 	
самой	само́й	обратиться к нему 	
самой	само́й	от 	 сестры
самой	само́й	от 	 смерти
самой	само́й	по 	 своей природе
самой	само́й	подобно 	 смерти
самой	само́й	против 	 жизни
самой	само́й	с 	 земли
самой	само́й	с 	 планетой
самой	само́й	себе 	
самой	само́й	себя 	
самой	само́й	справляться 	
самой	само́й	тебе 	
самой	само́й	хотя 	 только
самой	само́й	хуже 	 смерти
самой	само́й	честной перед 	 собой
самой	само́й	шитой 	
самом	са́мом		 абсурдном
самом	са́мом		 бедном
самом	са́мом		 берегу
самом	са́мом		 благоприятном
самом	са́мом		 благородном
самом	са́мом		 блаженном
самом	са́мом		 ближайшем
самом	са́мом		 близком
самом	са́мом		 богатом
самом	са́мом		 большом
самом	са́мом		 буквальном
самом	са́мом		 быстром
самом	са́мом		 важном
самом	са́мом		 великом
самом	са́мом		 верху
самом	са́мом		 виду
самом	са́мом		 внешнем
самом	са́мом		 внутреннем
самом	са́мом		 высоком
самом	са́мом		 высшем
самом	са́мом		 гармоничном
самом	са́мом		 главном
самом	са́мом		 глубоком
самом	са́мом		 грандиозном
самом	са́мом		 гротескном
самом	са́мом		 грубом
самом	са́мом		 дальнем
самом	са́мом		 длительном
самом	са́мом		 добром
самом	са́мом		 драгоценном
самом	са́мом		 другом
самом	са́мом		 его верху
самом	са́мом		 естественном
самом	са́мом		 же первом месте
самом	са́мом		 истинном
самом	са́мом		 красивом
самом	са́мом		 краю
самом	са́мом		 любящем
самом	са́мом		 малом
самом	са́мом		 настоящем
самом	са́мом		 нежнейшем
самом	са́мом		 незначительном
самом	са́мом		 необходимом
самом	са́мом		 нижнем
самом	са́мом		 низменном
самом	са́мом		 низу
самом	са́мом		 низшем
самом	са́мом		 носу
самом	са́мом		 общем
самом	са́мом		 плотном
самом	са́мом		 подлинном
самом	са́мом		 полном
самом	са́мом		 преданном
самом	са́мом		 прекрасном
самом	са́мом		 простом
самом	са́мом		 радостном
самом	са́мом		 разнообразном
самом	са́мом		 раннем
самом	са́мом		 реальном
самом	са́мом		 резком
самом	са́мом		 святом
самом	са́мом		 священном
самом	са́мом		 сжатом
самом	са́мом		 сильном
самом	са́мом		 смехотворном
самом	са́мом		 совершенном
самом	са́мом		 сокровенном
самом	са́мом		 тщательном
самом	са́мом		 удобном
самом	са́мом		 узком
самом	са́мом		 чарующем
самом	са́мом		 чистом
самом	са́мом		 широком
самом	са́мом		 эфирном
самом	са́мом	в 	 аду
самом	са́мом	в 	 безвыходном
самом	са́мом	в 	 большом
самом	са́мом	в 	 буквальном
самом	са́мом	в 	 бы деле
самом	са́мом	в 	 верху
самом	са́мом	в 	 высоком
самом	са́мом	в 	 главном
самом	са́мом	в 	 глубоком
самом	са́мом	в 	 глухом
самом	са́мом	в 	 грязном
самом	са́мом	в 	 дальнем
самом	са́мом	в 	 деле
самом	са́мом	в 	 диком
самом	са́мом	в 	 дурном
самом	са́мом	в 	 его
самом	са́мом	в 	 его центре
самом	са́мом	в 	 жутком
самом	са́мом	в 	 закрытом
самом	са́мом	в 	 конце
самом	са́мом	в 	 конце войны
самом	са́мом	в 	 кошмарном
самом	са́мом	в 	 крайнем
самом	са́мом	в 	 лесу
самом	са́мом	в 	 ли деле
самом	са́мом	в 	 лучшем
самом	са́мом	в 	 лютом
самом	са́мом	в 	 маленьком
самом	са́мом	в 	 милом
самом	са́мом	в 	 минимальном
самом	са́мом	в 	 начале
самом	са́мом	в 	 неожиданном
самом	са́мом	в 	 неподходящем
самом	са́мом	в 	 непродолжительном
самом	са́мом	в 	 нижнем
самом	са́мом	в 	 низу
самом	са́мом	в 	 обыкновенном
самом	са́мом	в 	 отвратительном
самом	са́мом	в 	 паршивом
самом	са́мом	в 	 плачевном
самом	са́мом	в 	 последнем
самом	са́мом	в 	 примитивном
самом	са́мом	в 	 прямом
самом	са́мом	в 	 радужном
самом	са́мом	в 	 разгаре
самом	са́мом	в 	 раннем
самом	са́мом	в 	 расцвете
самом	са́мом	в 	 сердце
самом	са́мом	в 	 скором
самом	са́мом	в 	 соку
самом	са́мом	в 	 строго
самом	са́мом	в 	 суровом
самом	са́мом	в 	 тоскливом
самом	са́мом	в 	 углу
самом	са́мом	в 	 уголке
самом	са́мом	в 	 удобном
самом	са́мом	в 	 узком
самом	са́мом	в 	 хвосте
самом	са́мом	в 	 хорошем
самом	са́мом	в 	 худшем
самом	са́мом	в 	 центре
самом	са́мом	в 	 что
самом	са́мом	в 	 экстремальном
самом	са́мом	в 	 эпицентре
самом	са́мом	в этом 	
самом	са́мом	на 	 берегу
самом	са́мом	на 	 верху
самом	са́мом	на 	 верху стены
самом	са́мом	на 	 виду
самом	са́мом	на 	 деле
самом	са́мом	на 	 деле тела
самом	са́мом	на 	 его краю
самом	са́мом	на 	 же деле
самом	са́мом	на 	 краю
самом	са́мом	на 	 краю города
самом	са́мом	на 	 краю окна
самом	са́мом	на 	 краю скалы
самом	са́мом	на 	 пике
самом	са́мом	том 	
самом	са́мом	том же 	
самом	са́мом	этом 	
самом	са́мом	этом же 	
самом	само́м		 алгоритме
самом	само́м		 апокалипсисе
самом	само́м		 банке
самом	само́м		 вопросе
самом	само́м		 городе
самом	само́м		 здании
самом	само́м		 по себе
самом	само́м		 порту
самом	само́м		 правительстве
самом	само́м		 себе
самом	само́м		 творце
самом	само́м		 цеху
самом	само́м	в 	 бункере
самом	само́м	в 	 городе
самом	само́м	в 	 движении
самом	само́м	в 	 дереве
самом	само́м	в 	 его расположении
самом	само́м	в 	 замке
самом	само́м	в 	 ответе
самом	само́м	в 	 процессе
самом	само́м	в 	 разуме
самом	само́м	в 	 себе
самом	само́м	в 	 человеке
самом	само́м	в вас 	
самом	само́м	в тебе 	
самом	само́м	во мне 	
самом	само́м	мне 	
самом	само́м	на 	 корпусе
самом	само́м	на 	 престоле
самом	само́м	на 	 себе
самом	само́м	нем 	
самом	само́м	о 	 себе
самом	само́м	о 	 устройстве
самом	само́м	перекос образуется в 	 человеке
самом	само́м	себе 	
самом	само́м	тебе 	
самому	са́мому		 [homo] самому [/homo]
самому	са́мому		 берегу
самому	са́мому		 благородному
самому	са́мому		 большому
самому	са́мому		 великому
самому	са́мому		 верхнему
самому	са́мому		 видному
самому	са́мому		 возвышенному
самому	са́мому		 высокомерному
самому	са́мому		 высшему
самому	са́мому		 грубому
самому	са́мому		 дальнему
самому	са́мому		 доверенному
самому	са́мому		 драгоценному
самому	са́мому		 живому
самому	са́мому		 исконному
самому	са́мому		 концу
самому	са́мому		 красивому
самому	са́мому		 краю
самому	са́мому		 крошечному
самому	са́мому		 лучшему
самому	са́мому		 маленькому
самому	са́мому		 малограмотному
самому	са́мому		 малому
самому	са́мому		 малообразованному
самому	са́мому		 младшему
самому	са́мому		 наивысшему
самому	са́мому		 нездоровому
самому	са́мому		 незначительному
самому	са́мому		 необходимому
самому	са́мому		 нижнему
самому	са́мому		 низу
самому	са́мому		 опасному
самому	са́мому		 первому
самому	са́мому		 популярному
самому	са́мому		 последнему
самому	са́мому		 прекрасному
самому	са́мому		 святому делу
самому	са́мому		 сильному
самому	са́мому		 скромному
самому	са́мому		 старшему
самому	са́мому		 страшному
самому	са́мому		 трудному
самому	са́мому		 тупому
самому	са́мому		 удачливому
самому	са́мому		 узкому
самому	са́мому		 хорошему
самому	са́мому		 честному
самому	са́мому	даже 	 смелому
самому	са́мому	к 	 борту
самому	са́мому	к 	 верху
самому	са́мому	к 	 выходу
самому	са́мому	к 	 дому
самому	са́мому	к 	 концу
самому	са́мому	к 	 краю
самому	са́мому	к 	 лесу
самому	са́мому	к 	 началу
самому	са́мому	к 	 носатому
самому	са́мому	к 	 носу
самому	са́мому	к 	 полу
самому	са́мому	к 	 рву
самому	са́мому	к 	 уху
самому	са́мому	к тому 	
самому	са́мому	по 	
самому	са́мому	по 	 краю
самому	са́мому	тому 	
самому	са́мому	тому же 	
самому	са́мому	этому 	
самому	са́мому	этому же 	
самому	самому́		 вести
самому	самому́		 видеть
самому	самому́		 его факту
самому	самому́		 лесу
самому	самому́		 остаться в живых
самому	самому́		 себе
самому	самому́		 тоъ теперь слабо
самому	самому́		 трусы оставили
самому	самому́		 черту
самому	самому́	а 	
самому	самому́	а ему 	
самому	самому́	будет и 	
самому	самому́	вам 	
самому	самому́	ввязаться в драку 	
самому	самому́	впору 	 застрелиться
самому	самому́	выгоднее 	
самому	самому́	ему 	 было
самому	самому́	к 	 делу
самому	самому́	к 	 зданию
самому	самому́	к 	 себе
самому	самому́	к 	 форту
самому	самому́	к нему 	 за
самому	самому́	мне 	
самому	самому́	на большие скачки 	
самому	самому́	набрать команду 	
самому	самому́	нужно видеть его 	
самому	самому́	нужно выполнять 	
самому	самому́	оказаться за бортом 	
самому	самому́	особа, приближенная к 	
самому	самому́	по 	 агенту
самому	самому́	по нему 	
самому	самому́	по тому 	
самому	самому́	приближенная к 	 папе
самому	самому́	сползать 	
самому	самому́	стоит 	
самому	самому́	хочется 	
самому	самому́	чем 	
самому	самому́	что 	 михаилу
самому	самому́	чтобы 	
самому	самому́	это 	 надо
самому	самому́	я тебе 	
сбегаем	сбега́ем		 по ступенькам
сбегаем	сбега́ем	постоянно 	
сбегает	сбега́ет		 из
сбегает	сбега́ет		 сверху
сбегает	сбега́ет	венца 	
сбегает	сбега́ет	вода 	
сбегает	сбега́ет	от тебя 	
сбегает	сбега́ет	ручей 	
сбегаешь	сбега́ешь		 от
сбегаешь	сбега́ешь	зачем 	 ты
сбегаешь	сбега́ешь	зачем ты 	
сбегаешь	сбега́ешь	куда 	 ты в
сбегаешь	сбега́ешь	куда же 	 ты в
сбегаешь	сбега́ешь	куда ты 	
сбегай	сбега́й	но не 	
сбегал	сбе́гал	не 	 на
сбегал	сбега́л		 по
сбегал	сбега́л	вниз 	
сбегал	сбега́л	водопад 	
сбегал	сбега́л	возможности 	
сбегал	сбега́л	лбу 	
сбегал	сбега́л	что 	 с
сбегала	сбега́ла		 каскадом
сбегала	сбега́ла		 по
сбегала	сбега́ла		 широкая
сбегала	сбега́ла	по трапу 	
сбегали	сбега́ли		 из школы
сбегали	сбега́ли		 по
сбегали	сбега́ли		 школы
сбегали	сбега́ли	воды 	
сбегали	сбега́ли	реки 	
сбегали	сбега́ли	ручьи 	
сбегали	сбега́ли	слезы 	
сбегать	сбе́гать		 купить
сбегать	сбе́гать	не 	 ли
сбегать	сбе́гать	хотела 	
сбегать	сбега́ть	безнаказанно 	
сбегать	сбега́ть	буду 	
сбегать	сбега́ть	начали 	
сбегать	сбега́ть	не хотела 	
сбегать	сбега́ть	продолжали 	
сбегают	сбега́ют		
сбегают	сбега́ют	воды 	
сведение	све́дение	одно 	
сведение	сведе́ние		 бородавок
сведение	сведе́ние		 всего
сведение	сведе́ние		 к одному
сведением	све́дением	ценным 	
свежее	све́жее		 белье
свежее	све́жее	абсолютно 	
свежее	свеже́е		 и чище
свежее	свеже́е	были 	
свежее	свеже́е	воздух 	
свежее	свеже́е	гораздо 	
свежее	свеже́е	куда 	
свежее	свеже́е	чище и 	
свежее	свеже́е	чуть 	
свежее	свеже́е	яснее, 	
свежей	све́жей		 водой
свежей	све́жей		 воды
свежей	све́жей		 древесине
свежей	све́жей		 кровью
свежей	све́жей		 порослью
свежей	све́жей		 соломой
свежей	све́жей	голова была 	
свежей	све́жей	из 	
свежей	све́жей	над 	
свежей	све́жей	присыпанных 	
свежей	све́жей	самой 	
свежей	свеже́й	стал 	
сверла	свё́рла	выпускала 	
сверла	свё́рла	вытеснило 	
свернут	сверну́т	где нибудь 	
свернут	сверну́т	они 	
свернут	сверну́т	шею 	
свернут	свё́рнут	уже 	
свету	све́ту	к 	
свету	све́ту	солнечному 	
свету	свету́	в 	
свету	свету́	лежал на 	
свету	свету́	на 	
свету	свету́	солнечном 	
свету	свету́	ярком 	
свечи	све́чи		 в руках
свечи	све́чи		 давно кончились
свечи	све́чи		 только пудовые
свечи	све́чи	kerzen, 	
свечи	све́чи	ароматические 	
свечи	све́чи	белые 	
свечи	све́чи	были 	
свечи	све́чи	быть 	
свечи	све́чи	восковые 	
свечи	све́чи	вызвал 	
свечи	све́чи	зажигали бы 	
свечи	све́чи	зажигать ночью 	
свечи	све́чи	лампа, 	
свечи	све́чи	мы 	 сообразим
свечи	све́чи	на ощупь 	
свечи	све́чи	то ли 	
свечи	све́чи	электричество, и 	
свечи	све́чи	эти 	
свечи	свечи́	в виде 	
свечи	свечи́	две 	
свечи	свечи́	запах 	
свечи	свечи́	ихней 	
свечи	свечи́	моей 	
свечи	свечи́	мухи вокруг 	
свечи	свечи́	нашей 	
свечи	свечи́	огарке 	
свечи	свечи́	огарок 	
свечи	свечи́	огню 	
свечи	свечи́	огня 	
свечи	свечи́	огонь 	
свечи	свечи́	огонька 	
свечи	свечи́	огоньку 	
свечи	свечи́	от 	
свечи	свечи́	пламенем 	
свечи	свечи́	пламени 	
свечи	свечи́	пламеню 	
свечи	свечи́	пламя 	
свечи	свечи́	свете 	
свечи	свечи́	светом 	
свечи	свечи́	свету 	
свечи	свечи́	своей 	
свечи	свечи́	твоей 	
свечи	свечи́	той 	
свечи	свечи́	три 	
свечи	свечи́	у 	
свечи	свечи́	у его 	
свечи	свечи́	части 	
свечи	свечи́	четыре 	
свечи	свечи́	чьей та 	
свечи	свечи́	этой 	
свечи	свечи́	яркой 	
свиньи	сви́ньи	буржуазные 	
свиньи	сви́ньи	что за 	
свиньи	сви́ньи	это 	
свиньи	свиньи́	год 	
свиньи	свиньи́	для 	
свиньи	свиньи́	у 	
свиньи	свиньи́	хуже 	
свиньи	свиньи́	четыре 	
свитера	сви́тера	ворот 	
свитера	сви́тера	ворота 	
свитера	сви́тера	полой 	
свитера	свитера́	надевали 	
свитера	свитера́	наши 	
свитера	свитера́	рваные 	
свитера	свитера́	рубахи и 	
свитера	свитера́	фирменные 	
свитера	свитера́	фуфайки и 	
свитера	свитера́	шерстяные 	
сводите	сво́дите	все 	
сводите	сво́дите	вы 	
связи	свя́зи		 нет
связи	свя́зи		 тоже
связи	свя́зи	ангара на 	
связи	свя́зи	и 	
связи	свя́зи	машину 	
связи	свя́зи	мобильной 	
связи	свя́зи	нужны 	
связи	свя́зи	отсутствие 	
связи	свя́зи	отсутствия 	
связи	свя́зи	признавались в 	
связи	свя́зи	признаваться в 	
связи	свя́зи	снабжения и 	 войска
связи	свя́зи	средств 	
связи	свя́зи	средства 	
связи	свя́зи	средство 	
связи	свя́зи	тобой в 	
связи	свя́зи	частоты 	 дал
связи	свя́зи	эти 	
связи	связи́	в 	
связи	связи́	в 	 с
связи	связи́	в 	 с террористической
связи	связи́	в 	 со
связи	связи́	в 	 со снижением
связи	связи́	в этой 	
связного	свя́зного		 повествования
связного	связно́го		 офицера
связного	связно́го	встречу 	
связного	связно́го	послал 	
связной	свя́зной		 речью
связной	связно́й		 появился
связную	связну́ю		 ракету
связные	свя́зные	самые 	
связные	связны́е		 мысли
связные	связны́е	мобильные 	
связным	связны́м	он был 	
связных	связны́х	духов 	
связных	связны́х	трое 	
сдержите	сде́ржите		 ли
седины	седины́	прибавилось 	
седла	седла́	без 	
седла	седла́	возле 	
седла	седла́	высоты 	
седла	седла́	луке 	
седла	седла́	луки 	
седла	седла́	луку 	
седла	сё́дла	в 	
сектора	се́ктора		 корпуса
сектора	се́ктора		 леса
сектора	се́ктора	администрации 	
сектора	се́ктора	безопасность 	
сектора	се́ктора	бориспольского 	
сектора	се́ктора	восьмого 	
сектора	се́ктора	временного 	
сектора	се́ктора	всего 	
сектора	се́ктора	второго 	
сектора	се́ктора	для 	
сектора	се́ктора	дыры 	
сектора	се́ктора	за пределами 	
сектора	се́ктора	и 	 окраины
сектора	се́ктора	из 	
сектора	се́ктора	от 	
сектора	се́ктора	посреди 	
сектора	се́ктора	со стороны 	
сектора	се́ктора	тела 	
сектора	се́ктора	центрального 	
сектора	се́ктора	центре 	
сектора	се́ктора	центром 	
сектора	се́ктора	человеческого 	
сектора	се́ктора	этого 	
сектора	се́ктора	южного 	
сектора	сектора́		 закрываются
сектора	сектора́		 смещаются
сектора	сектора́	в 	
сектора	сектора́	в эти 	
сектора	сектора́	ваши 	
сектора	сектора́	разные 	
сектора	сектора́	сбойные 	
сектора	сектора́	такие 	
сектора	сектора́	через 	
сектора	сектора́	эти 	
сел	се́л		 в
сел	се́л		 за одну доску
сел	се́л		 на
сел	се́л	и 	 рядом, положив
сел	се́л	он 	
сел	се́л	человек 	
сел	сё́л		 и ферм
сел	сё́л	богатейших 	
сел	сё́л	больших 	
сел	сё́л	всех 	
сел	сё́л	до 	 неблизко
сел	сё́л	часть 	
село	се́ло		 как влитое
село	се́ло		 на мель
село	се́ло	на мель 	
село	се́ло	солнце 	
село	село́		 большое.
село	село́		 как [homo] село [/homo]
село	село́	в 	
село	село́	царское 	
село	село́	через 	
семена	семена́		 высыпались
семена	семена́		 травы
семена	семё́на		 алексеича
семена	семё́на		 все звали
семена	семё́на	губы 	
семена	семё́на	его, 	
сему	сему́		 блюду
семьи	се́мьи		 же вы отправили
семьи	се́мьи	большие 	
семьи	се́мьи	вспоминали дом, 	
семьи	се́мьи	дома и 	
семьи	се́мьи	за их 	 и дома
семьи	се́мьи	и 	 их
семьи	се́мьи	из их же 	
семьи	се́мьи	имеются 	
семьи	се́мьи	их 	
семьи	се́мьи	их 	 никогда не
семьи	се́мьи	мои 	
семьи	се́мьи	наши 	
семьи	се́мьи	одиночек, 	
семьи	се́мьи	разрушил 	
семьи	се́мьи	свои 	
семьи	се́мьи	твои 	
семьи	се́мьи	те 	
семьи	се́мьи	у нас 	
семьи	се́мьи	у них 	
семьи	се́мьи	чьи та 	
семьи	се́мьи	эти 	
семьи	семьи́		 горе
семьи	семьи́	аристократической 	
семьи	семьи́	без 	
семьи	семьи́	благополучные 	
семьи	семьи́	благородной 	
семьи	семьи́	богобоязненной 	
семьи	семьи́	большой 	
семьи	семьи́	буржуазной 	
семьи	семьи́	были 	
семьи	семьи́	было 	
семьи	семьи́	в интересах 	
семьи	семьи́	в кругу 	
семьи	семьи́	в окружении 	
семьи	семьи́	в пределах 	
семьи	семьи́	вашей 	
семьи	семьи́	ваши 	
семьи	семьи́	вдали от дома, 	
семьи	семьи́	вкладчики 	
семьи	семьи́	владении 	
семьи	семьи́	возможностей 	
семьи	семьи́	вокруг 	
семьи	семьи́	вокруг их 	
семьи	семьи́	воссоединение 	
семьи	семьи́	всей 	
семьи	семьи́	выживания 	
семьи	семьи́	главой 	
семьи	семьи́	глазах 	
семьи	семьи́	для 	
семьи	семьи́	дочерью 	
семьи	семьи́	дочь 	
семьи	семьи́	другом 	
семьи	семьи́	душой 	
семьи	семьи́	его 	
семьи	семьи́	единство 	
семьи	семьи́	жительства 	
семьи	семьи́	замок 	
семьи	семьи́	из 	
семьи	семьи́	из родов 	
семьи	семьи́	имущества 	
семьи	семьи́	имущество 	
семьи	семьи́	какой 	
семьи	семьи́	карточка 	
семьи	семьи́	касающиеся 	
семьи	семьи́	квартире 	
семьи	семьи́	круга 	
семьи	семьи́	кругу 	
семьи	семьи́	кухни 	
семьи	семьи́	любви и 	 того
семьи	семьи́	моей 	
семьи	семьи́	наследник 	
семьи	семьи́	нашей 	
семьи	семьи́	не было 	
семьи	семьи́	немецко-американской 	
семьи	семьи́	нет 	
семьи	семьи́	обе 	
семьи	семьи́	образец 	
семьи	семьи́	овечками 	
семьи	семьи́	овцы 	
семьи	семьи́	одной 	
семьи	семьи́	оставлением 	
семьи	семьи́	от 	
семьи	семьи́	отец 	
семьи	семьи́	переездах 	
семьи	семьи́	полторы крестьянские 	
семьи	семьи́	посетителей 	
семьи	семьи́	построения 	
семьи	семьи́	потомком 	
семьи	семьи́	представителем 	
семьи	семьи́	проживании 	
семьи	семьи́	проклясть их 	
семьи	семьи́	ради их 	
семьи	семьи́	рамках 	
семьи	семьи́	репатриации 	
семьи	семьи́	с точки зрения 	
семьи	семьи́	своей 	
семьи	семьи́	сильной 	
семьи	семьи́	слуга 	
семьи	семьи́	со стороны 	
семьи	семьи́	собственной 	
семьи	семьи́	создания 	
семьи	семьи́	той 	
семьи	семьи́	три 	
семьи	семьи́	у 	
семьи	семьи́	фотографию 	
семьи	семьи́	царской 	
семьи	семьи́	церемоний 	
семьи	семьи́	честь 	
семьи	семьи́	четыре 	
семьи	семьи́	член 	
семьи	семьи́	члена 	
семьи	семьи́	членам 	
семьи	семьи́	членах 	
семьи	семьи́	членов 	
семьи	семьи́	членом 	
семьи	семьи́	члены 	
семьи	семьи́	члены их 	
семьи	семьи́	этой 	
семью	семью́	его 	
семью	семью́	мою 	
семью	семью́	негритянскую 	
семью	семью́	под 	 замками
семью	семью́	свою 	
семью	семью́	содержать 	
сердит	серди́т	был 	
сердит	серди́т	ты 	
сердит	серди́т	я 	
сердитесь	се́рдитесь	вы 	
сердитесь	се́рдитесь	вы же не 	
сердитесь	се́рдитесь	вы не 	
сердитесь	серди́тесь	не 	
сердца	се́рдца		 земли
сердца	се́рдца		 и головы
сердца	се́рдца		 не держите
сердца	се́рдца	без 	
сердца	се́рдца	биение 	
сердца	се́рдца	биению 	
сердца	се́рдца	благодарность 	
сердца	се́рдца	блаженного 	
сердца	се́рдца	болезни 	
сердца	се́рдца	болезнь 	
сердца	се́рдца	болезнях 	
сердца	се́рдца	в глубине 	
сердца	се́рдца	в пещере 	
сердца	се́рдца	в форме 	
сердца	се́рдца	верующего 	
сердца	се́рдца	глубочайшего 	
сердца	се́рдца	голос 	
сердца	се́рдца	до 	
сердца	се́рдца	до глубины 	
сердца	се́рдца	до самого 	
сердца	се́рдца	добраться до 	
сердца	се́рдца	его 	
сердца	се́рдца	заболевание 	
сердца	се́рдца	земного 	
сердца	се́рдца	из 	
сердца	се́рдца	из самого 	
сердца	се́рдца	измученного 	
сердца	се́рдца	искреннего 	
сердца	се́рдца	кровью 	
сердца	се́рдца	любящего 	
сердца	се́рдца	моего 	
сердца	се́рдца	называют колдовством 	
сердца	се́рдца	нашего 	
сердца	се́рдца	не завоевал моего 	
сердца	се́рдца	не завоевала моего 	
сердца	се́рдца	не завоевали моего 	
сердца	се́рдца	нет 	
сердца	се́рдца	области 	
сердца	се́рдца	от 	
сердца	се́рдца	от 	 и души
сердца	се́рдца	от берега 	
сердца	се́рдца	от всего 	
сердца	се́рдца	от души и 	
сердца	се́рдца	отважного 	
сердца	се́рдца	отрадой 	
сердца	се́рдца	паралич 	
сердца	се́рдца	переполненного 	
сердца	се́рдца	по зову души и 	
сердца	се́рдца	почек, 	
сердца	се́рдца	пыл 	
сердца	се́рдца	работе 	
сердца	се́рдца	работу 	
сердца	се́рдца	руки и 	
сердца	се́рдца	с 	
сердца	се́рдца	своего 	
сердца	се́рдца	слез 	 земли
сердца	се́рдца	слезы 	 земли
сердца	се́рдца	смиренного 	
сердца	се́рдца	собственного 	
сердца	се́рдца	сторона 	
сердца	се́рдца	у двери 	
сердца	се́рдца	удары 	
сердца	се́рдца	функционировании 	
сердца	се́рдца	чистого 	
сердца	се́рдца	чистота 	
сердца	се́рдца	чистоте 	
сердца	се́рдца	юного 	
сердца	сердца́		 бешено колотятся
сердца	сердца́		 ваши
сердца	сердца́		 всех людей
сердца	сердца́		 двух
сердца	сердца́		 остановились
сердца	сердца́		 скорбят
сердца	сердца́		 тех
сердца	сердца́	в 	
сердца	сердца́	ваши 	
сердца	сердца́	вселенные в 	
сердца	сердца́	делю 	
сердца	сердца́	добрые 	
сердца	сердца́	души и 	
сердца	сердца́	за 	
сердца	сердца́	завоевал 	
сердца	сердца́	завоевала 	
сердца	сердца́	завоевали 	
сердца	сердца́	закаляйте 	
сердца	сердца́	их 	
сердца	сердца́	колотились 	
сердца	сердца́	мои 	
сердца	сердца́	начали биться 	
сердца	сердца́	наши 	
сердца	сердца́	открывать 	
сердца	сердца́	проникла в 	
сердца	сердца́	просветил 	
сердца	сердца́	распали 	
сердца	сердца́	растапливает 	
сердца	сердца́	свои 	
сердца	сердца́	твои 	
сердца	сердца́	те 	
сердца	сердца́	ужас в 	
сердца	сердца́	успокоили бы 	
сердца	сердца́	через 	
сердца	сердца́	чьи та 	
сердца	сердца́	чьи то 	
сердца	сердца́	чьи тоъ 	
сердца	сердца́	эти 	
сестры	сестры́		 не появилось
сестры	сестры́	без 	
сестры	сестры́	благодать 	
сестры	сестры́	благословение 	
сестры	сестры́	больше 	
сестры	сестры́	брата и 	
сестры	сестры́	в сторону 	
сестры	сестры́	взгляд 	
сестры	сестры́	взглядом 	
сестры	сестры́	вне тела 	
сестры	сестры́	воля 	
сестры	сестры́	глаза 	
сестры	сестры́	за спиной 	
сестры	сестры́	к уху 	
сестры	сестры́	как у 	
сестры	сестры́	кроме жены и 	
сестры	сестры́	мужа и его 	
сестры	сестры́	не было 	
сестры	сестры́	ни для 	
сестры	сестры́	обе старшие 	
сестры	сестры́	от самой 	
сестры	сестры́	отца, 	
сестры	сестры́	с подачи 	
сестры	сестры́	фотография 	
сестры	сестры́	храм 	
сестры	сестры́	храма 	
сестры	сестры́	храме 	
сестры	сестры́	храмом 	
сестры	сестры́	храму 	
сестры	сестры́	храмы 	
сестры	сё́стры		 в его жизни как
сестры	сё́стры		 и братья
сестры	сё́стры		 с санитарками
сестры	сё́стры	бабушка и 	
сестры	сё́стры	братья 	
сестры	сё́стры	братья и 	
сестры	сё́стры	братья или 	
сестры	сё́стры	были 	
сестры	сё́стры	в 	
сестры	сё́стры	врачи и 	
сестры	сё́стры	жены и 	 тех
сестры	сё́стры	мои 	
сестры	сё́стры	он и его 	
сестры	сё́стры	они как 	
сестры	сё́стры	они просто 	
сестры	сё́стры	эти 	
сети	се́ти		 стоят
сети	се́ти	в 	 галантного
сети	се́ти	в 	 же
сети	се́ти	в 	 собственной глупости
сети	сети́		 борта
сети	сети́		 его заправок
сети	сети́	без 	
сети	сети́	блуждая в 	
сети	сети́	в 	 есть
сети	сети́	вне зоны 	
сети	сети́	вне зоны доступа 	
сети	сети́	защищавшие башню 	
сети	сети́	игры по 	
сети	сети́	не видит 	
сети	сети́	сложность этой 	
сети	сети́	социальной 	
синее	си́нее		 небо
синей	си́ней		 бороды
синей	си́ней		 полосы
сироты	сироты́	маленькой 	
скалы	ска́лы		 возле топи
скалы	ска́лы		 вряд ли укроют
скалы	ска́лы		 имеются, напротив
скалы	ска́лы		 у края
скалы	ска́лы	- 	 и [homo] скалы [/homo],
скалы	ска́лы	в 	
скалы	ска́лы	везде 	
скалы	ска́лы	вон на те 	
скалы	ска́лы	впереди 	
скалы	ска́лы	высвечивая 	
скалы	ска́лы	камни, 	
скалы	ска́лы	кругом 	
скалы	ска́лы	круша те 	
скалы	ска́лы	на мели и 	
скалы	ска́лы	отвесные 	
скалы	ска́лы	только 	 и козы
скалы	ска́лы	через 	
скалы	ска́лы	эти 	
скалы	ска́лы	это не 	
скалы	скалы́		 ориентира
скалы	скалы́	анатомии 	
скалы	скалы́	белой 	
скалы	скалы́	большая часть 	
скалы	скалы́	большой 	
скалы	скалы́	в тени 	
скалы	скалы́	в толщу 	
скалы	скалы́	вдоль 	
скалы	скалы́	вершина 	
скалы	скалы́	вершинами 	
скалы	скалы́	вершине 	
скалы	скалы́	вершину 	
скалы	скалы́	вершины 	
скалы	скалы́	вместо 	
скалы	скалы́	внутри 	
скалы	скалы́	выступе 	
скалы	скалы́	выступом 	
скалы	скалы́	выступу 	
скалы	скалы́	гладкой 	
скалы	скалы́	громада 	
скалы	скалы́	две 	
скалы	скалы́	до 	
скалы	скалы́	из 	
скалы	скалы́	ихней 	
скалы	скалы́	к краю 	
скалы	скалы́	к основанию 	
скалы	скалы́	край 	
скалы	скалы́	кромке 	
скалы	скалы́	кусками 	
скалы	скалы́	куски 	
скалы	скалы́	куском 	
скалы	скалы́	кусок 	
скалы	скалы́	меловой 	
скалы	скалы́	моей 	
скалы	скалы́	на верху 	
скалы	скалы́	на выступе 	
скалы	скалы́	на краю 	
скалы	скалы́	на обломке 	
скалы	скалы́	на самом краю 	
скалы	скалы́	нашей 	
скалы	скалы́	обломок 	
скалы	скалы́	одной 	
скалы	скалы́	от 	
скалы	скалы́	от края 	
скалы	скалы́	отвесной 	
скалы	скалы́	отвесной поверхности 	
скалы	скалы́	отрог 	
скалы	скалы́	поверхности 	
скалы	скалы́	подножию 	
скалы	скалы́	подножия 	
скалы	скалы́	подножье 	
скалы	скалы́	подножью 	
скалы	скалы́	подножья 	
скалы	скалы́	природной 	
скалы	скалы́	развитию 	
скалы	скалы́	расселине 	
скалы	скалы́	с краю 	
скалы	скалы́	своей 	
скалы	скалы́	со 	
скалы	скалы́	твоей 	
скалы	скалы́	той 	
скалы	скалы́	третьей 	
скалы	скалы́	три 	
скалы	скалы́	у 	
скалы	скалы́	у края 	
скалы	скалы́	угол 	
скалы	скалы́	уступе 	
скалы	скалы́	фоне 	
скалы	скалы́	форму 	
скалы	скалы́	центре 	
скалы	скалы́	часть 	
скалы	скалы́	четыре 	
скалы	скалы́	чьей та 	
скалы	скалы́	этой 	
скачка	ска́чка		 началась
скачка	скачка́	вдоль 	
скачка	скачка́	внутрисистемного 	
скачка	скачка́	время 	
скачка	скачка́	из 	
скачка	скачка́	на два 	
скачка	скачка́	на три 	
скачка	скачка́	на четыре 	
скачка	скачка́	начала 	
скачка	скачка́	перехода для 	
скачка	скачка́	после 	
скачка	скачка́	температурного 	
скачками	скачка́ми		 направлялись
скачками	скачка́ми	огромными 	
скачках	ска́чках	в 	
скачках	ска́чках	императорских 	
скачках	ска́чках	на 	
скачках	ска́чках	о 	
скачках	ска́чках	прошедших 	
скачке	ска́чке	бешеной 	
скачке	ска́чке	неистовой 	
скачке	скачке́	втором 	
скачке	скачке́	первом 	
скачки	ска́чки		 лошадей
скачки	ска́чки		 начались
скачки	ска́чки	бешеной 	
скачки	ска́чки	быстрой 	
скачки	ска́чки	время 	
скачки	ска́чки	выиграть 	
скачки	ска́чки	выматывающей 	
скачки	ска́чки	горячей 	
скачки	ска́чки	минут 	
скачки	ска́чки	на 	
скачки	ска́чки	на большие 	 самому
скачки	ска́чки	часов 	
скачки	ска́чки	часовой 	
скачки	ска́чки	это как 	
скачки	скачки́		 кривых
скачки	скачки́	совершать 	
скачку	ска́чку	бесконечную 	
скачку	ска́чку	головокружительную 	
скачку	ска́чку	эту 	
скачку	скачку́	временному 	
складная	скла́дная	такая же 	
складная	складна́я		 лестница
складная	складна́я		 лопата
складного	складно́го		 ножа
складное	скла́дное	более 	
складной	складно́й		 лодке
складной	складно́й		 нож
складной	складно́й		 рукоятью
складной	складно́й		 стол
складной	складно́й		 стул
складную	скла́дную	такую 	
складную	складну́ю		 койку
складную	складну́ю		 металлическую
складные	скла́дные	более 	
складные	складны́е		 крылья
складные	складны́е		 пенолитовые
складные	складны́е		 походные
складные	складны́е		 сани
складные	складны́е		 стулья
складные	складны́е	даже 	
складным	складны́м		 походным
складным	складны́м		 сиденьям
складным	складны́м		 столиком
складным	складны́м		 столом
складным	складны́м	со 	
складными	складны́ми		 крыльями
складных	складны́х		 стула
скобы	ско́бы		 и цепи
скобы	ско́бы	вбиты 	
скобы	скобы́	виде 	
скобы	скобы́	из 	
скобы	скобы́	первой 	
скобы	скобы́	следующей 	
скобы	скобы́	четыре 	
сковороды	ско́вороды	горшки и 	
сковороды	сковороды́	со 	
скорби	ско́рби		 и беды
скорби	ско́рби	бедствия и 	
скорби	ско́рби	в 	
скорби	ско́рби	ваши 	
скорби	ско́рби	врачует 	
скорби	ско́рби	времена 	
скорби	ско́рби	время 	
скорби	ско́рби	вселенской 	
скорби	ско́рби	всякой 	
скорби	ско́рби	после 	 дней
скорби	ско́рби	после 	 той
скорби	ско́рби	слова 	
скорлупы	скорлупы́	яичной 	
слабо	сла́бо		 доносившийся
слабо	сла́бо		 доносил
слабо	сла́бо		 извивающееся
слабо	сла́бо		 корчились
слабо	сла́бо		 освещала
слабо	сла́бо		 пошевелилась
слабо	сла́бо	начала 	
слабо	сла́бо	начало 	
слабо	слабо́	а 	 было
слабо	слабо́	а 	 до
слабо	слабо́	а 	 нам
слабо	слабо́	а 	 тебе
слабо	слабо́	берет его на 	
слабо	слабо́	на 	
слабо	слабо́	самому тоъ теперь 	
слезу	сле́зу	не 	
слезу	сле́зу	я 	
слезу	слезу́		 из глаза
слезу	слезу́	вытирая кулаком 	
слезу	слезу́	непрошеную 	
слезу	слезу́	ощутив 	
слезу	слезу́	умильную 	
слезы	слезы́		 не уронила
слезы	слезы́	две большие 	
слезы	слезы́	и 	 не уронит
слезы	слезы́	мужской 	
слезы	слезы́	от 	 земли
слезы	слезы́	четыре 	
слезы	слё́зы		 без устали
слезы	слё́зы		 беспомощно катились
слезы	слё́зы		 в жилетку
слезы	слё́зы		 восторга
слезы	слё́зы		 выступают
слезы	слё́зы		 градом
слезы	слё́зы		 катились
слезы	слё́зы		 мои
слезы	слё́зы		 на глаза
слезы	слё́зы		 на глазах
слезы	слё́зы		 навернулись
слезы	слё́зы		 подкатились
слезы	слё́зы		 сбегали
слезы	слё́зы		 сердца земли
слезы	слё́зы		 скатываются
слезы	слё́зы		 смыли
слезы	слё́зы		 текли по
слезы	слё́зы		 туманили
слезы	слё́зы		 у
слезы	слё́зы	аж 	 выступали
слезы	слё́зы	аж 	 выступили
слезы	слё́зы	боль и 	
слезы	слё́зы	выступившие 	
слезы	слё́зы	выступили 	
слезы	слё́зы	вытер 	
слезы	слё́зы	вытер платком 	
слезы	слё́зы	вытереть 	
слезы	слё́зы	вытерла 	
слезы	слё́зы	вытирая 	
слезы	слё́зы	глаза 	
слезы	слё́зы	горе и 	
слезы	слё́зы	горючие 	
слезы	слё́зы	даже 	 выступали
слезы	слё́зы	даже 	 выступили
слезы	слё́зы	замерцали 	
слезы	слё́зы	засияли 	
слезы	слё́зы	заструились 	
слезы	слё́зы	источает 	
слезы	слё́зы	как 	 медленно стали
слезы	слё́зы	катились 	
слезы	слё́зы	кровь, 	
слезы	слё́зы	лились 	
слезы	слё́зы	лить 	
слезы	слё́зы	может вызвать 	
слезы	слё́зы	на глаза 	
слезы	слё́зы	навернулись 	
слезы	слё́зы	наполнили 	
слезы	слё́зы	от холода 	
слезы	слё́зы	поднимутся 	
слезы	слё́зы	показались 	
слезы	слё́зы	покатились 	
слезы	слё́зы	потекли 	
слезы	слё́зы	почувствовал 	
слезы	слё́зы	прекратите 	
слезы	слё́зы	проливать 	
слезы	слё́зы	растирая 	
слезы	слё́зы	роняя 	
слезы	слё́зы	свои 	
слезы	слё́зы	силился сдержать 	
слезы	слё́зы	сквозь 	
слезы	слё́зы	смахнул 	
слезы	слё́зы	стекали 	
слезы	слё́зы	стояли 	
слезы	слё́зы	текли 	
слезы	слё́зы	текут 	
слезы	слё́зы	у меня от него 	
слезы	слё́зы	у него 	 на
слезы	слё́зы	у них 	 на
слезы	слё́зы	у того 	 на
слезы	слё́зы	увидев 	
слезы	слё́зы	утереть 	
слезы	слё́зы	хлынули 	
слезы	слё́зы	щекам 	
слезы	слё́зы	эти 	
слова	сло́ва		 божьего
слова	сло́ва		 больше не скажу
слова	сло́ва		 в себе
слова	сло́ва		 вымолвить
слова	сло́ва		 горы
слова	сло́ва		 да и [homo] слова [/homo] нет
слова	сло́ва		 не говорил
слова	сло́ва		 не давал
слова	сло́ва		 не дали сказать
слова	сло́ва		 никто не говорил
слова	сло́ва		 никто не скажет
слова	сло́ва		 о полку игореве
слова	сло́ва		 против не скажет
слова	сло́ва		 сего
слова	сло́ва		 то такого
слова	сло́ва		 тоъ такого
слова	сло́ва		 худого
слова	сло́ва		 чести
слова	сло́ва		 этого не знают
слова	сло́ва	без 	
слова	сло́ва	божьего 	
слова	сло́ва	больше ни 	
слова	сло́ва	бранного 	
слова	сло́ва	буквальном смысле 	
слова	сло́ва	важнее 	
слова	сло́ва	вашего 	
слова	сло́ва	взгляда, 	
слова	сло́ва	вместо 	
слова	сло́ва	воздействием 	
слова	сло́ва	волшебных 	
слова	сло́ва	всех смыслах 	
слова	сло́ва	вымолвить и 	
слова	сло́ва	гласу 	
слова	сло́ва	грубого 	
слова	сло́ва	два 	
слова	сло́ва	длина 	
слова	сло́ва	длиной 	
слова	сло́ва	длину 	
слова	сло́ва	для 	
слова	сло́ва	до каждого 	
слова	сло́ва	доброго 	
слова	сло́ва	дожидаться его 	
слова	сло́ва	достаточно его 	
слова	сло́ва	другого 	
слова	сло́ва	единого 	
слова	сло́ва	ждущих его 	
слова	сло́ва	жеста или 	
слова	сло́ва	значение 	
слова	сло́ва	значении 	
слова	сло́ва	и 	 вымолвить
слова	сло́ва	и 	 его
слова	сло́ва	и 	 не говорил
слова	сло́ва	и 	 не понял
слова	сло́ва	и 	 не сказал
слова	сло́ва	и 	 не сказала
слова	сло́ва	игра 	
слова	сло́ва	из 	
слова	сло́ва	ихнего 	
слова	сло́ва	каждого 	
слова	сло́ва	клещами 	 не добудешь
слова	сло́ва	лучшего 	
слова	сло́ва	любого 	
слова	сло́ва	мне ни 	
слова	сло́ва	могуществе 	
слова	сло́ва	моего 	
слова	сло́ва	мы люди 	
слова	сло́ва	на уровне 	
слова	сло́ва	нарушением 	
слова	сло́ва	нарушения 	
слова	сло́ва	начало 	
слова	сло́ва	нашего 	
слова	сло́ва	не высказал даже 	
слова	сло́ва	не говорит ни 	
слова	сло́ва	не говоря ни 	
слова	сло́ва	не дав 	 молвить
слова	сло́ва	не дав 	 промолвить
слова	сло́ва	не дав и 	 молвить
слова	сло́ва	не дав и 	 промолвить
слова	сло́ва	не давал ему 	
слова	сло́ва	не давали 	
слова	сло́ва	не держал 	
слова	сло́ва	не держала 	
слова	сло́ва	не держали 	
слова	сло́ва	не держат 	
слова	сло́ва	не единого 	
слова	сло́ва	не знали 	
слова	сло́ва	не мог и 	
слова	сло́ва	не получите 	
слова	сло́ва	не промолвил не 	
слова	сло́ва	не проронила ни 	
слова	сло́ва	не сдержал 	
слова	сло́ва	не сдержал в тот раз 	
слова	сло́ва	не сдержал тогда 	
слова	сло́ва	не сдержали 	
слова	сло́ва	не сказав ни 	
слова	сло́ва	не сказал ни 	
слова	сло́ва	не сказала мне ни 	
слова	сло́ва	не сказала ни 	
слова	сло́ва	него хоть 	
слова	сло́ва	ненужного 	
слова	сло́ва	нет у меня 	
слова	сло́ва	ни 	
слова	сло́ва	ни 	 лжи
слова	сло́ва	ни 	 не понимают
слова	сло́ва	ни единого 	
слова	сло́ва	никому ни 	
слова	сло́ва	оба 	
слова	сло́ва	ого его 	
слова	сло́ва	одного 	
слова	сло́ва	одного его 	
слова	сло́ва	одного их 	
слова	сло́ва	одного только 	
слова	сло́ва	ослушаться 	
слова	сло́ва	от 	
слова	сло́ва	отдельного 	
слова	сло́ва	ощущению 	
слова	сло́ва	первого 	
слова	сло́ва	передачи 	
слова	сло́ва	переносном смысле 	
слова	сло́ва	повелевающего 	
слова	сло́ва	подкреплении 	
слова	сло́ва	позиций 	
слова	сло́ва	понимании 	
слова	сло́ва	понятия смысла 	
слова	сло́ва	последнего 	
слова	сло́ва	правдивого 	
слова	сло́ва	превосходстве 	
слова	сло́ва	проверка 	
слова	сло́ва	проповедники 	
слова	сло́ва	проронив ни 	
слова	сло́ва	против 	
слова	сло́ва	против его 	
слова	сло́ва	прямом смысле 	
слова	сло́ва	пути 	
слова	сло́ва	резкого 	
слова	сло́ва	рода 	
слова	сло́ва	самого 	
слова	сло́ва	свободного 	
слова	сло́ва	свободу 	
слова	сло́ва	свободы 	
слова	сло́ва	своего 	
слова	сло́ва	семантика 	
слова	сло́ва	семантики 	
слова	сло́ва	семантику 	
слова	сло́ва	середине 	
слова	сло́ва	силу 	
слова	сло́ва	силы 	
слова	сло́ва	сильнее 	
слова	сло́ва	синоним 	
слова	сло́ва	сказал ни 	
слова	сло́ва	сказали ни 	
слова	сло́ва	сказано ни 	
слова	сло́ва	сказать даже 	
слова	сло́ва	скверного 	
слова	сло́ва	слово против 	
слова	сло́ва	слышания 	
слова	сло́ва	смысл 	
слова	сло́ва	смысле 	
слова	сло́ва	со 	
слова	сло́ва	содержанию 	
слова	сло́ва	состав 	
слова	сло́ва	суть 	
слова	сло́ва	такого 	
слова	сло́ва	твоего 	
слова	сло́ва	тесном смысле 	
слова	сло́ва	того же 	
слова	сло́ва	три 	
слова	сло́ва	у 	
слова	сло́ва	употребление 	
слова	сло́ва	употреблением 	
слова	сло́ва	употребления 	
слова	сло́ва	участниками 	 божия
слова	сло́ва	фазу 	
слова	сло́ва	хранят 	
слова	сло́ва	худого 	
слова	сло́ва	художественного 	
слова	сло́ва	человек 	
слова	сло́ва	человека 	
слова	сло́ва	чести и 	
слова	сло́ва	честного 	
слова	сло́ва	четыре 	
слова	сло́ва	чтобы 	 своего
слова	сло́ва	чьего та 	
слова	сло́ва	этого 	
слова	сло́ва	я бы 	
слова	сло́ва	я и 	 бы не сказал
слова	слова́		 - в предложения
слова	слова́		 больше не значат
слова	слова́		 больше не играют
слова	слова́		 больше не несут
слова	слова́		 больше не обозначают
слова	слова́		 были важны
слова	слова́		 были неразличимы
слова	слова́		 вы сами
слова	слова́		 господа
слова	слова́		 директора
слова	слова́		 доктора
слова	слова́		 здесь не нужны
слова	слова́		 и дела
слова	слова́		 и числа
слова	слова́		 из языков
слова	слова́		 на бортах
слова	слова́		 не имеют значения
слова	слова́		 не стоят
слова	слова́		 не шли
слова	слова́		 нужно знать
слова	слова́		 обереги
слова	слова́		 он выговаривал
слова	слова́		 профессора
слова	слова́		 скорби
слова	слова́		 спокойно произносишь
слова	слова́		 так и
слова	слова́		 теряли смысл
слова	слова́		 то какие
слова	слова́		 тоъ какие
слова	слова́	-	, [homo] слова [/homo]
слова	слова́	- 	 были
слова	слова́	а 	 чужие
слова	слова́	английские 	
слова	слова́	апостольские 	
слова	слова́	бессмысленные 	
слова	слова́	бодрящие 	
слова	слова́	большие 	
слова	слова́	буквы и 	
слова	слова́	были просто 	
слова	слова́	в 	
слова	слова́	в данный момент 	
слова	слова́	ваши 	
слова	слова́	вертела 	
слова	слова́	вертелись 	
слова	слова́	взвесив 	
слова	слова́	взвешивая 	
слова	слова́	вложить в 	
слова	слова́	воспринимала 	
слова	слова́	вот 	
слова	слова́	всего лишь 	
слова	слова́	вселенной 	 их
слова	слова́	вслед за мной 	
слова	слова́	всплыли 	
слова	слова́	вспоминал 	
слова	слова́	вспоминая 	
слова	слова́	вспомнив 	
слова	слова́	вспомнил 	
слова	слова́	вспомнил он 	
слова	слова́	вспомнила 	
слова	слова́	вспомнились 	
слова	слова́	вспомним 	
слова	слова́	вспомнить 	
слова	слова́	вставляя 	
слова	слова́	встретить 	
слова	слова́	выбирает 	
слова	слова́	выбирать 	
слова	слова́	выбирая 	
слова	слова́	вывел 	
слова	слова́	выверяя 	
слова	слова́	выводил в тетради 	
слова	слова́	выводить 	
слова	слова́	выводя 	
слова	слова́	выговаривал 	
слова	слова́	выговаривать 	
слова	слова́	выговаривая 	
слова	слова́	выдавил из себя 	
слова	слова́	выдавливает из себя 	
слова	слова́	выдумывала 	
слова	слова́	выкликая 	
слова	слова́	выкрикивал 	
слова	слова́	высечены 	
слова	слова́	выталкивая 	
слова	слова́	говорит 	 божии
слова	слова́	даже 	 во
слова	слова́	ему 	 благодарности
слова	слова́	если не 	
слова	слова́	зачем мне 	
слова	слова́	играл в 	
слова	слова́	игры в 	 и зеркала
слова	слова́	из песни 	 не выкинешь
слова	слова́	из себя 	
слова	слова́	интересовали ни 	
слова	слова́	к чему 	
слова	слова́	казалось бы, 	
слова	слова́	какие нибудь 	
слова	слова́	какие то 	
слова	слова́	какие тоъ 	
слова	слова́	матери. но 	 так и
слова	слова́	мои 	
слова	слова́	на 	 главы
слова	слова́	напоминает мне 	
слова	слова́	не сказав 	
слова	слова́	не столько 	
слова	слова́	неудачно выбрал 	
слова	слова́	но 	 ничего
слова	слова́	объяснить мне 	
слова	слова́	передам вам 	
слова	слова́	писать 	
слова	слова́	повторить вам 	
слова	слова́	повторял 	 договора
слова	слова́	под нос 	
слова	слова́	растягивающей 	
слова	слова́	сияли белизной 	
слова	слова́	сказанные вами 	
слова	слова́	слышанные мною 	
слова	слова́	спиши мне 	
слова	слова́	таким образом 	
слова	слова́	твои 	
слова	слова́	точно понял 	
слова	слова́	формировать 	
слова	слова́	цедить 	
слова	слова́	чеканя 	
слова	слова́	через 	
слова	слова́	черпая 	
слова	слова́	числа и 	
слова	слова́	читать 	
слова	слова́	что за 	
слова	слова́	эти 	
слова	слова́	это 	
слова	слова́	это просто 	
слова	слова́	это только 	
сложите	сло́жите	вы 	
слуги	слу́ги		 врага
слуги	слу́ги		 сновали
слуги	слу́ги	витязи и 	
слуги	слу́ги	входить 	
слуги	слу́ги	выполняют 	
слуги	слу́ги	егеря и 	
слуги	слу́ги	забегали 	
слуги	слу́ги	или 	 его,
слуги	слу́ги	не просто 	
слуги	слу́ги	они 	
слуги	слу́ги	пока торопыги 	
слуги	слу́ги	телохранители, 	
слуги	слу́ги	челядь и 	
слуги	слу́ги	чем 	
слуги	слуги́		 божьего
слуги	слуги́		 за дверью не оказалось
слуги	слуги́	вдоль 	
слуги	слуги́	верного 	
слуги	слуги́	взгляд 	 упал
слуги	слуги́	вместо 	
слуги	слуги́	глаза 	
слуги	слуги́	голос 	
слуги	слуги́	до 	
слуги	слуги́	из памяти 	
слуги	слуги́	качестве 	
слуги	слуги́	личного 	
слуги	слуги́	механического 	
слуги	слуги́	моего 	
слуги	слуги́	не считая 	
слуги	слуги́	оробевшего 	
слуги	слуги́	пальцев 	
слуги	слуги́	ролью 	
слуги	слуги́	рук 	
слуги	слуги́	светлого 	
слуги	слуги́	своего 	
слуги	слуги́	сопровождении 	
слуги	слуги́	у 	
слуги	слуги́	функции 	
слуги	слуги́	чем то вроде 	
слуги	слуги́	чем тоъ вроде 	
слуги	слуги́	четыре 	
слуги	слуги́	чопорного 	
служите	слу́жите	не 	
слуху	слуху́	на 	
смел	сме́л		 и отважен
смел	сме́л		 надеяться
смел	сме́л		 поднять
смел	сме́л	больше не 	
смел	сме́л	был 	
смел	сме́л	был так же 	
смел	сме́л	не 	 и
смел	сме́л	он не 	
смел	смё́л		 все
смел	смё́л		 дома
смел	смё́л		 начисто
смел	смё́л		 окончательно
смел	смё́л		 перед собой
смел	смё́л		 по дороге
смел	смё́л		 по направлению
смел	смё́л		 по пути
смел	смё́л		 полностью
смел	смё́л		 половину
смел	смё́л		 со стола
смел	смё́л		 часть
смел	смё́л	буквально 	
смел	смё́л	ветер 	
смел	смё́л	начисто 	
смел	смё́л	окончательно 	
смел	смё́л	полностью 	
смел	смё́л	уже 	
смел	смё́л	ураган 	
смел	смё́л	чуть не 	
смела	сме́ла		 быть
смела	сме́ла		 просить
смела	сме́ла	как 	
смела	сме́ла	кричать не 	
смела	сме́ла	не 	
смела	сме́ла	не 	 даже пошевелиться
смела	смела́		 в сторону
смела	смела́		 крыльцо
смела	смела́		 своим телом
смела	смела́	она 	 своим
смела	смела́	сразу 	 в
смели	сме́ли		 допустить
смели	сме́ли	возражать не 	
смели	сме́ли	думать не 	
смели	сме́ли	как вы 	
смели	сме́ли	не 	
смели	сме́ли	не 	 слышать
смели	смели́		 преграду
смели	смели́	что 	 нас
смело	смело́		 прямо в
смело	смело́		 прямо на
смело	смело́		 с
смело	смело́		 ураганом
смело	смело́	буквально 	
смело	смело́	двоих 	 в
смело	смело́	двоих 	 под
смело	смело́	земли 	
смело	смело́	на который его 	
смело	смело́	на который их 	
смело	смело́	не 	 до
смело	смело́	троих 	 в
смело	смело́	троих 	 под
смело	смело́	фигуру 	
смените	сме́ните	вы 	
смените	смени́те		 духи
смету	сме́ту		 расходов
смету	смету́		 всех
смогу	смогу́	что 	
смогу	смогу́	я 	
смолы	смолы́	дым 	
смолы	смолы́	запах горячей 	
смолы	смолы́	из под 	
смолы	смолы́	пакли и 	
смолы	смолы́	свойствами 	
смолы	смолы́	сосновой 	
смотрите	смо́трите		 по телевизору
смотрите	смо́трите	в воду 	
смотрите	смо́трите	вот как вы 	
смотрите	смо́трите	вы 	
смотрите	смо́трите	вы 	 на
смотрите	смо́трите	вы 	 на мир
смотрите	смо́трите	вы же 	
смотрите	смо́трите	вы здесь, 	
смотрите	смо́трите	вы сейчас 	
смотрите	смо́трите	вы так 	
смотрите	смо́трите	вы так на меня 	
смотрите	смо́трите	вы телевизор 	
смотрите	смо́трите	завистливо 	
смотрите	смо́трите	зачем вы 	
смотрите	смо́трите	и 	 какой нибудь
смотрите	смо́трите	как вы 	
смотрите	смо́трите	как вы друг на друга 	
смотрите	смо́трите	как раз 	
смотрите	смо́трите	когда вы 	
смотрите	смо́трите	куда вы 	
смотрите	смо́трите	меня так 	
смотрите	смо́трите	на меня 	
смотрите	смо́трите	на меня так 	
смотрите	смо́трите	на это 	
смотрите	смо́трите	не туда 	
смотрите	смо́трите	почему так 	
смотрите	смо́трите	стороны 	
смотрите	смо́трите	так на меня 	
смотрите	смо́трите	чего 	
смотрите	смо́трите	что 	
смотрите	смо́трите	что вы так 	
смотрите	смо́трите	что же 	
смотрите	смотри́те		 в оба
смотрите	смотри́те		 и учитесь
смотрите	смотри́те		 как бы
смотрите	смотри́те		 мне в
смотрите	смотри́те		-ка
смотрите	смотри́те	а вы 	
смотрите	смотри́те	вот 	
смотрите	смотри́те	вот, 	
смотрите	смотри́те	давайте, 	
снега	сне́га		 и воды
снега	сне́га		 и грязи
снега	сне́га		 не будет
снега	сне́га		 не допросишься
снега	сне́га	белее 	
снега	сне́га	белого 	
снега	сне́га	большого 	
снега	сне́га	будет 	
снега	сне́га	бурого 	
снега	сне́га	было 	
снега	сне́га	ветра и 	
снега	сне́га	взвесью 	
снега	сне́га	вчерашнего 	
снега	сне́га	грязи и 	
снега	сне́га	из 	
снега	сне́га	из-под 	
снега	сне́га	льда и 	
снега	сне́га	метр 	
снега	сне́га	много 	
снега	сне́га	не осталось 	
снега	сне́га	пятна 	
снега	сне́га	среди 	
снега	сне́га	стена 	
снега	сне́га	сугробы 	
снега	сне́га	феями 	
снега	сне́га	хлопья 	
снега	сне́га	хруст 	
снега	сне́га	часть 	
снега	сне́га	чистого 	
снега	сне́га	шапка 	
снега	сне́га	шапки 	
снега	снега́	белели 	
снега	снега́	в 	
снега	снега́	ваши 	
снега	снега́	вечные 	
снега	снега́	через 	
снега	снега́	эти 	
снегу	сне́гу	по 	
снегу	снегу́	в 	
снегу	снегу́	на 	
совы	со́вы	в 	
совы	со́вы	хотя 	 обычно
совы	совы́	белой 	
совы	совы́	в сторону 	
совы	совы́	внутри 	
совы	совы́	голова 	
совы	совы́	идея 	
совы	совы́	крик 	
совы	совы́	крику 	
совы	совы́	крылья 	
совы	совы́	мудрой 	
совы	совы́	у 	
совы	совы́	чучело 	
совы	совы́	чучелу 	
сознается	созна́ется	скоро 	
сознаюсь	созна́юсь	я моментально 	
сознаются	созна́ются	сами 	
сокол	со́кол	нападает 	
сокол	со́кол	примостился 	
сокол	со́кол	провизжал 	
сокол	соко́л	гол как 	
сокол	соко́л	гол, как 	
соку	соку́	в 	
соку	соку́	в самом 	
сопел	сопе́л		 где нибудь
сопел	сопе́л		 и корчил
сопел	сопе́л		 и мученически корчил
сопел	сопе́л		 от натуги
сопел	сопе́л	безмятежно 	
сопел	сопе́л	за спиной у него 	
сопел	сопе́л	за спиной у него 	 майор
сопел	сопе́л	не шуршал, не 	
сопел	сопе́л	не шуршал, не 	 и не хрюкал
сопел	сопе́л	пыхтел и 	
сопли	со́пли		 втяните
сопли	со́пли	слезы, 	
сопоставим	сопоста́вим		 их
сопоставим	сопостави́м	вполне 	
сорвались	сорва́лись		
сорвалось	сорва́лось		
сорока	соро́ка		 воровка
сорока	соро́ка		 летит
сорока	соро́ка		 на хвосте
сорока	соро́ка		 полетела
сорока	соро́ка		 прилетела
сорока	соро́ка		 птица
сорока	соро́ка		 умная
сорока	соро́ка	летит 	
сорока	соро́ка	не 	 ворона
сорока	соро́ка	птица 	
сорока	соро́ка	села 	
сорока	сорока́		 годах
сорока	сорока́		 килограммов
сорока	сорока́		 лет
сорока	сорока́		 процентов
сорока	сорока́		 тонн
сорока	сорока́		 человек
сорока	сорока́		 шести
сорока	сорока́	больше 	
сорока	сорока́	бы и 	
сорока	сорока́	в 	
сорока	сорока́	до 	
сорока	сорока́	из 	
сорока	сорока́	к 	
сорока	сорока́	лет 	
сорока	сорока́	минус 	
сорока	сорока́	около 	
сорока	сорока́	ради 	
сорока	сорока́	стоят от 	
сорта	со́рта		 стекла
сорта	со́рта	высокоинтеллектуального 	
сорта	со́рта	другого 	
сорта	со́рта	жутко-таинственного 	
сорта	со́рта	низкого 	
сорта	со́рта	низменного 	
сорта	со́рта	низшего 	
сорта	со́рта	нового 	
сорта	со́рта	отвратительного 	
сорта	со́рта	подобного 	
сорта	со́рта	различного 	
сорта	со́рта	этого 	
сорта	сорта́	в 	
сорта	сорта́	ваши 	
сорта	сорта́	лучшие 	
сорта	сорта́	различные 	
сорта	сорта́	через 	
сорта	сорта́	эти 	
соска	соска́	вокруг 	
соска	соска́	прикосновение 	
соски	со́ски	из 	
соски	соски́	ноющие 	
соски	соски́	обнажила 	
соску	со́ску	в рот 	 засунули
соску	со́ску	в рот 	 не засунули
соску	со́ску	во рту 	
соску	со́ску	ей 	 в рот
соску	со́ску	ему 	 в рот
соску	со́ску	им 	 в рот
соску	со́ску	с полу 	
соску	соску́		 грудей
сосны	сосны́	ближайшей 	
сосны	сосны́	вблизи 	
сосны	сосны́	верхушке 	
сосны	сосны́	вершинка 	
сосны	сосны́	вершину 	
сосны	сосны́	ветке 	
сосны	сосны́	ветку 	
сосны	сосны́	возле 	
сосны	сосны́	вокруг 	
сосны	сосны́	две 	
сосны	сосны́	дух 	
сосны	сосны́	ихней 	
сосны	сосны́	каждой 	
сосны	сосны́	корнем 	
сосны	сосны́	корням 	
сосны	сосны́	моей 	
сосны	сосны́	нашей 	
сосны	сосны́	осколок 	
сосны	сосны́	по стволу 	
сосны	сосны́	половина 	
сосны	сосны́	самой пушистой 	
сосны	сосны́	своей 	
сосны	сосны́	стоящей 	
сосны	сосны́	твоей 	
сосны	сосны́	той 	
сосны	сосны́	три 	
сосны	сосны́	часть 	
сосны	сосны́	четыре 	
сосны	сосны́	чьей та 	
сосны	сосны́	этой 	
сосок	сосо́к		 расширялся
сосок	сосо́к	грудь, 	 которой
сосок	сосо́к	каждый 	
сосок	сосо́к	поцеловал 	
спала	спа́ла		 опухоль
спала	спа́ла		 пелена
спала	спа́ла		 с лица
спала	спа́ла		 температура
спала	спа́ла	боль 	
спала	спа́ла	быстро 	
спала	спа́ла	вода 	
спала	спа́ла	жара 	
спала	спа́ла	жара как раз 	
спала	спа́ла	жара почти не 	
спала	спа́ла	жара уже 	
спала	спа́ла	занавесь 	
спала	спа́ла	лица 	
спала	спа́ла	опухоль немного 	
спала	спа́ла	пелена 	
спала	спа́ла	с глаз 	
спала	спа́ла	температура 	
спала	спа́ла	холода 	
спала	спала́		 в
спала	спала́	вздрагивая, 	
спала	спала́	еще 	
спала	спала́	мирно 	
спала	спала́	много 	
спала	спала́	она 	
спала	спала́	она не 	
спала	спала́	ты 	
спала	спала́	ты не 	
спала	спала́	я 	
спала	спала́	я не 	
спали	спа́ли	не 	
спали	спа́ли	никогда не 	
спали	спа́ли	уже 	
спасу	спа́су		 бы не было
спасу	спа́су		 нет
спасу	спа́су		 от него,
спасу	спа́су		 свечки
спасу	спа́су	нет 	
спасу	спа́су	никакого 	
спасу	спасу́		 чью
спасу	спасу́	не 	
спасу	спасу́	чем 	
спасу	спасу́	я 	
спешил	спеши́л		 вам
спешил	спеши́л		 ей
спешил	спеши́л		 ему
спешил	спеши́л		 зарыть
спешил	спеши́л		 и даже
спешил	спеши́л		 им
спешил	спеши́л		 к
спешил	спеши́л		 как
спешил	спеши́л		 мне
спешил	спеши́л		 наверх
спешил	спеши́л		 нам
спешил	спеши́л		 от него
спешил	спеши́л		 убраться
спешил	спеши́л		 удостовериться
спешил	спеши́л		 упасть
спешил	спеши́л		 что
спешил	спеши́л		 что было
спешил	спеши́л		 я его
спешил	спеши́л	навстречу 	
спешил	спеши́л	не 	
спешил	спеши́л	очень 	
спешил	спеши́л	радостно 	
спешил	спеши́л	сильно 	
спешил	спеши́л	так 	
спешили	спеши́ли		 в класс
спешили	спеши́ли		 врачи
спешили	спеши́ли		 десятки
спешили	спеши́ли		 из
спешили	спеши́ли		 к
спешили	спеши́ли		 по своим делам
спешили	спеши́ли		 подключиться
спешили	спеши́ли	друзья 	
спешили	спеши́ли	на выручку 	
спешили	спеши́ли	навстречу 	
спешили	спеши́ли	не 	
спешили	спеши́ли	они 	 поднять
спешили	спеши́ли	очень 	
спешили	спеши́ли	похитители 	
спешили	спеши́ли	часы у меня 	
спешим	спеши́м	так 	
спешить	спе́шить	пытались 	
спешить	спеши́ть		 было
спешить	спеши́ть		 им некуда
спешить	спеши́ть		 не желает
спешить	спеши́ть		 не стал
спешить	спеши́ть		 некуда
спешить	спеши́ть	буду 	
спешить	спеши́ть	надо 	
спешить	спеши́ть	не 	
спешить	спеши́ть	не собирался 	
спешить	спеши́ть	необходимость 	
спешить	спеши́ть	отучился 	
спешить	спеши́ть	причин 	
спешить	спеши́ть	стоит ли так 	
спешить	спеши́ть	так 	
спины	спи́ны		 и головы
спины	спи́ны		 их,
спины	спи́ны	бока и 	
спины	спи́ны	в 	
спины	спи́ны	впереди только 	
спины	спи́ны	их 	 и головы
спины	спи́ны	чуть 	 не сорвали
спины	спины́		 доктора
спины	спины́	без 	
спины	спины́	вдоль 	
спины	спины́	его 	
спины	спины́	из 	
спины	спины́	из за 	
спины	спины́	из за 	 мастера
спины	спины́	изгиб 	
спины	спины́	изгибы 	
спины	спины́	касалась 	
спины	спины́	моей 	
спины	спины́	мышцы 	
спины	спины́	напряжения 	
спины	спины́	ниже 	
спины	спины́	плохой 	
спины	спины́	по верху 	
спины	спины́	половины 	
спины	спины́	пониже 	
спины	спины́	с переломом 	
спины	спины́	своей 	
спины	спины́	середины 	
спины	спины́	со 	
спины	спины́	части 	
спины	спины́	часть 	
спины	спины́	частью 	
спины	спины́	шипами 	
сползал	спо́лзал		 в
сползал	сполза́л		 дольше
сползал	сполза́л		 медленнее
сползал	сполза́л		 по
сползал	сполза́л		 с
сползал	сполза́л		 с нагретого
сползал	сполза́л	меденно 	
сползал	сполза́л	медленно 	
сползал	сполза́л	ней 	
сползал	сполза́л	плавно 	
спросите	спро́сите		 вы
спросите	спро́сите		 вы?
спросите	спро́сите	вы 	
спросите	спро́сите	вы конечно 	
спросите	спро́сите	вы не 	
спросите	спро́сите	если вы 	 меня
спросите	спро́сите	если вы их 	
спросите	спро́сите	когда вы о ней 	
спросите	спро́сите	когда вы о них 	
спросите	спро́сите	не 	 меня
спросите	спро́сите	об этом 	
спросите	спро́сите	плохого, 	 вы.
спросите	спро́сите	почему, 	
спросите	спроси́те		 у
спросите	спроси́те	лучше 	
спросите	спроси́те	не верите, 	
спросите	спроси́те	пройдите и 	
спустите	спу́стите	вы 	
спуститесь	спу́ститесь	не 	
среду	сре́ду	в прошлую 	
среду	сре́ду	в ту 	
среду	среду́		 брани
среду	среду́		 обитания
среду	среду́		 обмена
среду	среду́		 общения
среду	среду́	в 	
среду	среду́	в жидкую 	
среду	среду́	в свою 	
среду	среду́	вживайся в 	
среду	среду́	влиться в 	
среду	среду́	внедряемся в 	
среду	среду́	внешнюю 	
среду	среду́	внутреннюю 	
среду	среду́	враждебную 	
среду	среду́	всепроникающую 	
среду	среду́	деловую 	
среду	среду́	духовную 	
среду	среду́	ионизировали 	
среду	среду́	нагружает 	
среду	среду́	окружающую 	
среду	среду́	питательную 	
среду	среду́	проник в нашу 	
среду	среду́	себя 	
среду	среду́	стерильную 	
среду	среду́	физическую 	
среды	сре́ды	эти 	
среды	среды́	агрессивной 	
среды	среды́	без 	
среды	среды́	внешней 	
среды	среды́	время 	
среды	среды́	две 	
среды	среды́	из 	
среды	среды́	из их 	
среды	среды́	лунной 	
среды	среды́	окружающей 	
среды	среды́	прошлой 	
среды	среды́	своей 	
среды	среды́	три 	
среды	среды́	условий 	
среды	среды́	условиях 	
среды	среды́	холодной 	
среды	среды́	четыре 	
срезал	среза́л		 кошельки
срезать	сре́зать		 мертвецов
срезать	сре́зать	воришки 	
срезать	среза́ть	начал 	
срезать	среза́ть	принялся 	
ссыпать	ссыпа́ть	будешь 	
ссыпать	ссыпа́ть	стал 	
стада	ста́да	вашего 	
стада	ста́да	вожаками 	
стада	ста́да	вокруг 	
стада	ста́да	два 	
стада	ста́да	защитницей 	
стада	ста́да	из 	
стада	ста́да	ихнего 	
стада	ста́да	моего 	
стада	ста́да	нашего 	
стада	ста́да	против 	
стада	ста́да	с места 	
стада	ста́да	своего 	
стада	ста́да	такого 	
стада	ста́да	твоего 	
стада	ста́да	чьего та 	
стада	ста́да	этого 	
стада	стада́		 овец охраняются
стада	стада́	большие 	
стада	стада́	в 	
стада	стада́	ваши 	
стада	стада́	пасти 	
стада	стада́	пасти тучные 	
стада	стада́	сбивались в 	
стада	стада́	через 	
стада	стада́	эти 	
становитесь	стано́витесь	вы 	
становитесь	станови́тесь		 так, чтобы
становитесь	станови́тесь	не 	 частью
старо	старо́	так 	
стары	стары́	слишком 	
статью	ста́тью		 они явно пошли
статью	ста́тью	взгляда 	
статью	ста́тью	похвастаться 	
статью	статью́	в ту 	
статью	статью́	читая 	
статью	статью́	эту 	
стек	стё́к		 по ней
стек	стё́к		 по нему
стекла	стекла́		 в окне
стекла	стекла́		 и железа
стекла	стекла́		 на грудь
стекла	стекла́		 с неба
стекла	стекла́		 этого самого
стекла	стекла́	армированного 	
стекла	стекла́	без 	
стекла	стекла́	бетона, 	
стекла	стекла́	битого 	
стекла	стекла́	броневого 	
стекла	стекла́	бронированного 	
стекла	стекла́	бьющегося 	
стекла	стекла́	венецианского 	
стекла	стекла́	ветрового 	
стекла	стекла́	витринного 	
стекла	стекла́	вымытого 	
стекла	стекла́	коснулась пальцем 	
стекла	стекла́	на лету 	
стекла	стекла́	не 	 со стула
стекла	стекла́	сорта 	
стекла	стекла́	стороны 	
стекла	стекла́	холодного 	
стекла	стекла́	хорошего 	
стекла	стекла́	хрупкого 	
стекла	стекла́	цвета старого 	
стекла	стекла́	цветного 	
стекла	стекла́	четыре 	
стекла	стё́кла		 бить
стекла	стё́кла		 больше бить не дам
стекла	стё́кла		 были подняты
стекла	стё́кла		 были целы
стекла	стё́кла		 в западном приделе
стекла	стё́кла		 в машине завибрировали
стекла	стё́кла		 в окнах были
стекла	стё́кла		 в половине
стекла	стё́кла		 всегда полу мрак
стекла	стё́кла		 всегда полумрак
стекла	стё́кла		 гарриных очков
стекла	стё́кла		 готовы
стекла	стё́кла		 и глаза
стекла	стё́кла		 избы
стекла	стё́кла		 не бить
стекла	стё́кла		 разлетелись
стекла	стё́кла		 скафандров
стекла	стё́кла		 стали прозрачными
стекла	стё́кла		 так и не вставили
стекла	стё́кла	были заменены 	
стекла	стё́кла	вставлены 	
стекла	стё́кла	выбило 	
стекла	стё́кла	вышибло 	
стекла	стё́кла	гипсовые 	
стекла	стё́кла	глазные 	
стекла	стё́кла	задребезжали 	
стекла	стё́кла	затонированные 	
стекла	стё́кла	зрительные 	
стекла	стё́кла	и 	 в
стекла	стё́кла	мои 	
стекла	стё́кла	новые 	
стекла	стё́кла	оковывают 	
стекла	стё́кла	оконные 	
стекла	стё́кла	окрасив все 	
стекла	стё́кла	оставил 	
стекла	стё́кла	подарил 	
стекла	стё́кла	подобранные 	
стекла	стё́кла	посыпались 	 в окне
стекла	стё́кла	протирать 	
стекла	стё́кла	свои 	
стекла	стё́кла	снял старые 	
стекла	стё́кла	точно такие 	
стекла	стё́кла	хотя бы 	
стекла	стё́кла	цветные 	
стекла	стё́кла	читальные 	
стены	сте́ны		 бункера выдержали
стены	сте́ны		 города
стены	сте́ны		 двери
стены	сте́ны		 дома и служб
стены	сте́ны		 его от пола
стены	сте́ны		 жилищ
стены	сте́ны		 и ворот
стены	сте́ны		 и ворота
стены	сте́ны		 и окна
стены	сте́ны		 и цеха
стены	сте́ны		 конуса
стены	сте́ны		 можно перекрасить
стены	сте́ны		 номера
стены	сте́ны		 нормальные стоят
стены	сте́ны		 трубы
стены	сте́ны		 цеха
стены	сте́ны	а 	
стены	сте́ны	башня и 	
стены	сте́ны	бревенчатые 	 терема
стены	сте́ны	в 	
стены	сте́ны	взглядом 	
стены	сте́ны	видеть 	
стены	сте́ны	видны 	
стены	сте́ны	видя 	
стены	сте́ны	воздвигни 	
стены	сте́ны	ворота и 	
стены	сте́ны	выкрасить 	
стены	сте́ны	высокие 	
стены	сте́ны	грязные 	
стены	сте́ны	двери и 	
стены	сте́ны	двери и даже 	
стены	сте́ны	дома и 	 помогают
стены	сте́ны	задевать 	
стены	сте́ны	затрещали 	 терема
стены	сте́ны	и 	 под
стены	сте́ны	и 	 с
стены	сте́ны	их 	 -
стены	сте́ны	их 	 - [homo] стены [/homo]
стены	сте́ны	к небу 	
стены	сте́ны	каменные 	
стены	сте́ны	корпуса и 	
стены	сте́ны	купола и 	
стены	сте́ны	на 	
стены	сте́ны	неприступные 	
стены	сте́ны	но и 	 в комнате
стены	сте́ны	обработанные 	
стены	сте́ны	от времени 	
стены	сте́ны	покинув 	
стены	сте́ны	полы и 	
стены	сте́ны	с виду 	
стены	сте́ны	справа и слева 	
стены	сте́ны	стрелки на 	
стены	сте́ны	флексигласовые 	
стены	сте́ны	через 	
стены	сте́ны	что 	
стены	сте́ны	что 	 здания
стены	сте́ны	что и 	
стены	сте́ны	чьи 	
стены	сте́ны	штурмовала 	
стены	сте́ны	штурмовать 	
стены	сте́ны	эти 	
стены	сте́ны	эти же 	
стены	стены́		 берега
стены	стены́		 вздрогнули
стены	стены́		 не было
стены	стены́		 плача
стены	стены́		 экранированы
стены	стены́	алтаря и 	
стены	стены́	беленой 	
стены	стены́	бетонной 	
стены	стены́	ближайшей 	
стены	стены́	ближней 	
стены	стены́	боковой 	
стены	стены́	большая часть 	
стены	стены́	в аппендиксе 	
стены	стены́	в бревна 	
стены	стены́	в поверхность 	
стены	стены́	в проломе 	
стены	стены́	в результате падения 	
стены	стены́	в тени 	
стены	стены́	в толще 	
стены	стены́	вдоль 	
стены	стены́	вдоль высокой 	
стены	стены́	вдоль северной 	
стены	стены́	великой 	
стены	стены́	верх 	
стены	стены́	верха 	
стены	стены́	верху 	
стены	стены́	вершине 	
стены	стены́	вздыбленной 	
стены	стены́	вместо 	
стены	стены́	внешней 	
стены	стены́	внешней 	 корпуса
стены	стены́	внизу 	
стены	стены́	внутренней 	
стены	стены́	внутренней поверхности 	
стены	стены́	внутри 	
стены	стены́	вогнутой 	
стены	стены́	возле 	
стены	стены́	возле 	 дома
стены	стены́	возле выщербленной пулями 	
стены	стены́	вокруг 	
стены	стены́	ворота 	
стены	стены́	ворота внешней 	
стены	стены́	всей 	
стены	стены́	высоте 	
стены	стены́	высоту 	
стены	стены́	высоты 	
стены	стены́	выступ 	
стены	стены́	выступа 	
стены	стены́	выступе 	
стены	стены́	выступом 	
стены	стены́	выступы 	
стены	стены́	выше самой 	
стены	стены́	вышел из за 	
стены	стены́	выщербленной пулями 	
стены	стены́	глухой 	
стены	стены́	городской 	
стены	стены́	гребень 	
стены	стены́	гребне 	
стены	стены́	дальней 	
стены	стены́	две 	
стены	стены́	две высокие 	
стены	стены́	две глухих 	
стены	стены́	две земляные 	
стены	стены́	две стеклянные 	
стены	стены́	до 	
стены	стены́	до 	 дома
стены	стены́	до края 	
стены	стены́	до самой 	
стены	стены́	доски 	
стены	стены́	достиг 	
стены	стены́	достигли 	
стены	стены́	другой стороны 	
стены	стены́	же самой 	
стены	стены́	за пределы 	
стены	стены́	за угол 	
стены	стены́	задней 	
стены	стены́	замковой 	
стены	стены́	западной 	
стены	стены́	из 	
стены	стены́	из за 	
стены	стены́	из за 	 бункера
стены	стены́	из за 	 замка
стены	стены́	из за 	 леса
стены	стены́	из за угла 	
стены	стены́	из толщи 	
стены	стены́	к выгибу 	
стены	стены́	к краю 	
стены	стены́	каменной 	
стены	стены́	камень 	
стены	стены́	колючей 	
стены	стены́	конца 	
стены	стены́	коридор внутри 	
стены	стены́	коснувшись 	
стены	стены́	край 	
стены	стены́	краю 	
стены	стены́	края 	
стены	стены́	крепостной 	
стены	стены́	куском 	
стены	стены́	кусок 	
стены	стены́	кусочками 	
стены	стены́	левой 	
стены	стены́	мимо 	
стены	стены́	мраморе 	
стены	стены́	на гребне 	
стены	стены́	на краю 	
стены	стены́	на самом верху 	
стены	стены́	на фоне 	
стены	стены́	на этаже 	
стены	стены́	над краем 	
стены	стены́	наружной 	
стены	стены́	не было 	
стены	стены́	несущей 	
стены	стены́	ни 	 поблизости
стены	стены́	обе 	
стены	стены́	обе стороны 	
стены	стены́	одной 	
стены	стены́	одном конце 	
стены	стены́	основной 	
стены	стены́	от 	
стены	стены́	от 	 дома
стены	стены́	от одной 	
стены	стены́	от самой 	
стены	стены́	от северной 	
стены	стены́	от той 	
стены	стены́	отвесной 	
стены	стены́	очертания 	
стены	стены́	падающей 	
стены	стены́	панелями 	
стены	стены́	плитками 	
стены	стены́	плотной 	 леса
стены	стены́	по верху 	
стены	стены́	поверхность 	
стены	стены́	пограничной 	
стены	стены́	под защиту 	
стены	стены́	подобие 	
стены	стены́	покрепостной 	
стены	стены́	половина 	
стены	стены́	потолка или 	
стены	стены́	правой 	
стены	стены́	преграждавшей путь 	
стены	стены́	продолжением 	
стены	стены́	прозрачной 	
стены	стены́	противоположной 	
стены	стены́	прочней не бывает 	
стены	стены́	с вертикальной 	
стены	стены́	с восточной 	
стены	стены́	с какой то 	
стены	стены́	с какой тоъ 	
стены	стены́	с той стороны 	
стены	стены́	самой 	
стены	стены́	самой длинной 	
стены	стены́	северной 	
стены	стены́	секцией 	
стены	стены́	смежной с соседями 	
стены	стены́	смещения 	
стены	стены́	снаружи 	
стены	стены́	со 	
стены	стены́	стоит у 	
стены	стены́	сторону 	
стены	стены́	стороны 	
стены	стены́	стоящие вдоль 	
стены	стены́	стоящий у 	
стены	стены́	стоящую у 	
стены	стены́	строительстве 	
стены	стены́	тем участком 	
стены	стены́	точку 	
стены	стены́	три 	
стены	стены́	у 	
стены	стены́	у великой 	
стены	стены́	у дальней 	
стены	стены́	у одной 	
стены	стены́	у основания 	
стены	стены́	у открытой 	
стены	стены́	у подножия 	
стены	стены́	у самой 	
стены	стены́	у северной 	
стены	стены́	углу 	
стены	стены́	углублении 	
стены	стены́	уступа 	
стены	стены́	уцелевшей 	
стены	стены́	участка 	
стены	стены́	участки 	
стены	стены́	участок 	
стены	стены́	фон 	
стены	стены́	фоне 	
стены	стены́	фрагмент 	
стены	стены́	фрагмента 	
стены	стены́	фрагментов 	
стены	стены́	фрагментом 	
стены	стены́	фрагменты 	
стены	стены́	цвет 	
стены	стены́	цвета 	
стены	стены́	центре 	
стены	стены́	циклопической 	
стены	стены́	цилиндрической 	
стены	стены́	части 	
стены	стены́	часть 	
стены	стены́	частью 	
стены	стены́	четыре 	
стены	стены́	что он стоит у 	
стены	стены́	штурм 	
стены	стены́	штурма 	
стены	стены́	штурме 	
стены	стены́	этажах 	
стены	стены́	этой 	
стены	стены́	южной 	
степи	сте́пи		 и горы
степи	сте́пи		 и скалы
степи	сте́пи		 кругом
степи	сте́пи	леса и 	
степи	сте́пи	холмистые 	
степи	степи́	безжизненной 	
степи	степи́	бескрайней 	
степи	степи́	бесплодной 	
степи	степи́	в 	
степи	степи́	в голой 	
степи	степи́	в сторону 	
степи	степи́	ветер в 	
степи	степи́	во 	
степи	степи́	границе леса и 	
степи	степи́	на краю 	
степи	степи́	открытой 	
степи	степи́	по 	
степи	степи́	по чернобыльской 	
степи	степи́	четыре 	
стога	сто́га	съезжая со 	
стога	стога́	в 	
стога	стога́	ваши 	
стога	стога́	и крыши, и 	
стога	стога́	через 	
стога	стога́	эти 	
стоим	сто́им		 немногого
стоим	сто́им		 своих
стоим	сто́им		 тех
стоим	сто́им		 того
стоим	сто́им	друг друга 	
стоим	сто́им	ничего не 	
стоим	сто́им	чего то 	
стоим	сто́им	чего тоъ 	
стоит	сто́ит		 баснословные деньги
стоит	сто́ит		 бока
стоит	сто́ит		 больших
стоит	сто́ит		 большого труда
стоит	сто́ит		 бояться
стоит	сто́ит		 брать
стоит	сто́ит		 в два раза
стоит	сто́ит		 в них пломб
стоит	сто́ит		 вам
стоит	сто́ит		 вам пересечь
стоит	сто́ит		 вдохнуть
стоит	сто́ит		 вернуться
стоит	сто́ит		 вести себя
стоит	сто́ит		 взглянуть
стоит	сто́ит		 вообще отменить
стоит	сто́ит		 вот это
стоит	сто́ит		 впадать
стоит	сто́ит		 время терять
стоит	сто́ит		 всем уйти
стоит	сто́ит		 вспомнить
стоит	сто́ит		 вступить
стоит	сто́ит		 выеденного яйца
стоит	сто́ит		 выпить
стоит	сто́ит		 вырваться
стоит	сто́ит		 вырезать
стоит	сто́ит		 где нибудь копнуть
стоит	сто́ит		 говорить
стоит	сто́ит		 гораздо больше
стоит	сто́ит		 гораздо дешевле
стоит	сто́ит		 дартарам проникнуть
стоит	сто́ит		 двадцати
стоит	сто́ит		 две монеты
стоит	сто́ит		 делать
стоит	сто́ит		 денег
стоит	сто́ит		 добавить
стоит	сто́ит		 дорого
стоит	сто́ит		 дорого.
стоит	сто́ит		 дороже
стоит	сто́ит		 думать
стоит	сто́ит		 его высыпать
стоит	сто́ит		 его добить
стоит	сто́ит		 его мизинца
стоит	сто́ит		 его треснуть
стоит	сто́ит		 едва ли
стоит	сто́ит		 ей
стоит	сто́ит		 ей сказать
стоит	сто́ит		 ему
стоит	сто́ит		 есть
стоит	сто́ит		 ждать
стоит	сто́ит		 же выйти
стоит	сто́ит		 жить
стоит	сто́ит		 заглянуть
стоит	сто́ит		 задуматься
стоит	сто́ит		 зажигать
стоит	сто́ит		 запомнить
стоит	сто́ит		 зря жечь
стоит	сто́ит		 и дальше придерживаться
стоит	сто́ит		 изнурять
стоит	сто́ит		 изрядных денег
стоит	сто́ит		 изучить
стоит	сто́ит		 или не [homo] стоит [/homo]
стоит	сто́ит		 им
стоит	сто́ит		 им года
стоит	сто́ит		 им обернуться
стоит	сто́ит		 им ступить
стоит	сто́ит		 им узнать
стоит	сто́ит		 искать
стоит	сто́ит		 их
стоит	сто́ит		 как весь
стоит	сто́ит		 как добрый
стоит	сто́ит		 как полторы
стоит	сто́ит		 как хороший
стоит	сто́ит		 карабкаться
стоит	сто́ит		 ковать
стоит	сто́ит		 кое кому
стоит	сто́ит		 кое что объяснить
стоит	сто́ит		 кому нибудь
стоит	сто́ит		 кому тоъ
стоит	сто́ит		 кораблю задержаться
стоит	сто́ит		 коснуться
стоит	сто́ит		 крови
стоит	сто́ит		 ли
стоит	сто́ит		 ли нас
стоит	сто́ит		 ли переезжать
стоит	сто́ит		 ли светиться
стоит	сто́ит		 ли связываться
стоит	сто́ит		 ли сопротивляться
стоит	сто́ит		 ли так нервничать
стоит	сто́ит		 ли так спешить
стоит	сто́ит		 ли удивляться
стоит	сто́ит		 ли,
стоит	сто́ит		 лишь
стоит	сто́ит		 любить
стоит	сто́ит		 людям узнать
стоит	сто́ит		 минимальных
стоит	сто́ит		 мне
стоит	сто́ит		 мне выйти
стоит	сто́ит		 мне сделать
стоит	сто́ит		 мне только
стоит	сто́ит		 многих
стоит	сто́ит		 на нас посмотреть
стоит	сто́ит		 на них коротко
стоит	сто́ит		 на них остановиться
стоит	сто́ит		 на это смотреть
стоит	сто́ит		 навестить
стоит	сто́ит		 над этим задуматься
стоит	сто́ит		 нам
стоит	сто́ит		 намного дешевле
стоит	сто́ит		 начать
стоит	сто́ит		 не больше
стоит	сто́ит		 не менее
стоит	сто́ит		 не очень дорого
стоит	сто́ит		 недооценивать
стоит	сто́ит		 недорого.
стоит	сто́ит		 немного подзадержаться
стоит	сто́ит		 немыслимые деньги
стоит	сто́ит		 нескольких дюжин
стоит	сто́ит		 нырнуть
стоит	сто́ит		 обсудить
стоит	сто́ит		 ого го
стоит	сто́ит		 ограничить
стоит	сто́ит		 один анализ
стоит	сто́ит		 один серебряный
стоит	сто́ит		 ожидать
стоит	сто́ит		 около тысячи
стоит	сто́ит		 он недорого
стоит	сто́ит		 она всех
стоит	сто́ит		 она того
стоит	сто́ит		 оно очень дорого
стоит	сто́ит		 оно того
стоит	сто́ит		 осмотреть
стоит	сто́ит		 осмотреться
стоит	сто́ит		 оставить
стоит	сто́ит		 остановиться
стоит	сто́ит		 отбросить
стоит	сто́ит		 отклонить
стоит	сто́ит		 отметить
стоит	сто́ит		 относиться
стоит	сто́ит		 отрезать
стоит	сто́ит		 отрубить
стоит	сто́ит		 очень дорого
стоит	сто́ит		 пережить
стоит	сто́ит		 по прейскуранту
стоит	сто́ит		 по этому поводу
стоит	сто́ит		 поговорить
стоит	сто́ит		 под миллион
стоит	сто́ит		 подбросить
стоит	сто́ит		 поддаться
стоит	сто́ит		 подождать,
стоит	сто́ит		 подружиться
стоит	сто́ит		 подумать
стоит	сто́ит		 поискать
стоит	сто́ит		 полагаться
стоит	сто́ит		 поливать
стоит	сто́ит		 полям состыковаться
стоит	сто́ит		 попадать
стоит	сто́ит		 попробовать
стоит	сто́ит		 попытаться
стоит	сто́ит		 посмотреть
стоит	сто́ит		 поторопиться
стоит	сто́ит		 потратить
стоит	сто́ит		 признать
стоит	сто́ит		 прилично,
стоит	сто́ит		 приносить
стоит	сто́ит		 прислушаться
стоит	сто́ит		 проверить
стоит	сто́ит		 продолжать
стоит	сто́ит		 пройти
стоит	сто́ит		 проснуться
стоит	сто́ит		 развивать
стоит	сто́ит		 разглядеть
стоит	сто́ит		 рассказать
стоит	сто́ит		 рассказывать
стоит	сто́ит		 риска
стоит	сто́ит		 рискнуть
стоит	сто́ит		 ровно столько
стоит	сто́ит		 с ними связаться
стоит	сто́ит		 с этим согласиться
стоит	сто́ит		 самому
стоит	сто́ит		 свеч
стоит	сто́ит		 сейчас беспокоить
стоит	сто́ит		 сейчас принять
стоит	сто́ит		 сердцу
стоит	сто́ит		 сказать
стоит	сто́ит		 следовать
стоит	сто́ит		 слишком дорого
стоит	сто́ит		 смотаться
стоит	сто́ит		 сожалеть
стоит	сто́ит		 сообщить
стоит	сто́ит		 спасать
стоит	сто́ит		 спросить
стоит	сто́ит		 столько же
стоит	сто́ит		 стремиться
стоит	сто́ит		 так дорого
стоит	сто́ит		 так налетать
стоит	сто́ит		 так шуметь
стоит	сто́ит		 так, копейки
стоит	сто́ит		 такого человека
стоит	сто́ит		 там искать
стоит	сто́ит		 танцевать,
стоит	сто́ит		 тебе решиться
стоит	сто́ит		 тех денег
стоит	сто́ит		 того
стоит	сто́ит		 только
стоит	сто́ит		 только захотеть
стоит	сто́ит		 только лечь
стоит	сто́ит		 только попробовать
стоит	сто́ит		 только представить
стоит	сто́ит		 только хоть раз
стоит	сто́ит		 тонна
стоит	сто́ит		 три с половиной
стоит	сто́ит		 тридцатку
стоит	сто́ит		 туда сходить
стоит	сто́ит		 тут же
стоит	сто́ит		 убавить
стоит	сто́ит		 увеличить
стоит	сто́ит		 уделить внимание
стоит	сто́ит		 удивляться
стоит	сто́ит		 уже подумать
стоит	сто́ит		 уменьшить
стоит	сто́ит		 упоминать
стоит	сто́ит		 упомянуть
стоит	сто́ит		 усилий
стоит	сто́ит		 учесть
стоит	сто́ит		 хорошо приготовиться
стоит	сто́ит		 целое состояние
стоит	сто́ит		 человеку
стоит	сто́ит		 чрезвычайного
стоит	сто́ит		 чуть чуть
стоит	сто́ит		 энее приблизиться
стоит	сто́ит		 это увидеть
стоит	сто́ит		 явно дороже
стоит	сто́ит	а 	
стоит	сто́ит	а 	 как
стоит	сто́ит	а 	 меньше
стоит	сто́ит	а вот за что 	
стоит	сто́ит	а как 	
стоит	сто́ит	артефакт 	
стоит	сто́ит	безусловно, 	
стоит	сто́ит	беречь 	
стоит	сто́ит	беседовать с ним 	
стоит	сто́ит	более чем 	
стоит	сто́ит	больше 	
стоит	сто́ит	в которое 	
стоит	сто́ит	вам 	
стоит	сто́ит	вам 	 лишь захотеть
стоит	сто́ит	ваше 	
стоит	сто́ит	везти не 	
стоит	сто́ит	верить им 	
стоит	сто́ит	вещи 	
стоит	сто́ит	вид чего 	
стоит	сто́ит	возможно, 	
стоит	сто́ит	вообще не 	
стоит	сто́ит	впрямь не 	 совать
стоит	сто́ит	вряд ли 	
стоит	сто́ит	вряд ли не 	
стоит	сто́ит	всего 	 как
стоит	сто́ит	вспомнить 	
стоит	сто́ит	выходить тоже не 	
стоит	сто́ит	где 	 чему
стоит	сто́ит	голова 	
стоит	сто́ит	действительно 	 ближе
стоит	сто́ит	дело того 	
стоит	сто́ит	денег 	
стоит	сто́ит	десятерых 	
стоит	сто́ит	десяток он 	
стоит	сто́ит	дешево 	
стоит	сто́ит	дорого 	
стоит	сто́ит	дорого же 	
стоит	сто́ит	дорогого 	
стоит	сто́ит	дороже 	
стоит	сто́ит	дороже он 	
стоит	сто́ит	дороже она 	
стоит	сто́ит	ей не 	
стоит	сто́ит	ему 	
стоит	сто́ит	ему не 	
стоит	сто́ит	ждать точно не 	
стоит	сто́ит	за которые 	 страдать
стоит	сто́ит	зато 	
стоит	сто́ит	и 	 одним
стоит	сто́ит	и впрямь не 	 совать
стоит	сто́ит	игра 	 свеч
стоит	сто́ит	идти 	
стоит	сто́ит	им 	
стоит	сто́ит	им не 	
стоит	сто́ит	ими 	
стоит	сто́ит	иногда 	
стоит	сто́ит	их 	
стоит	сто́ит	их 	 для
стоит	сто́ит	их тоже 	
стоит	сто́ит	какие из них 	
стоит	сто́ит	каких усилий 	
стоит	сто́ит	кого 	
стоит	сто́ит	кое чего 	
стоит	сто́ит	коем случае не 	
стоит	сто́ит	контроля - 	
стоит	сто́ит	котором 	 задержаться
стоит	сто́ит	который один 	
стоит	сто́ит	которым 	
стоит	сто́ит	которым не 	
стоит	сто́ит	которых 	
стоит	сто́ит	красота 	
стоит	сто́ит	кредиток 	
стоит	сто́ит	кружка пива 	
стоит	сто́ит	лишь 	
стоит	сто́ит	мага 	
стоит	сто́ит	мало он 	
стоит	сто́ит	мало она 	
стоит	сто́ит	меня 	 моя
стоит	сто́ит	меня не 	
стоит	сто́ит	место 	
стоит	сто́ит	мне 	
стоит	сто́ит	мне 	 для
стоит	сто́ит	мне не 	
стоит	сто́ит	мне пока не 	
стоит	сто́ит	много 	
стоит	сто́ит	много она 	
стоит	сто́ит	многого 	
стоит	сто́ит	может 	
стоит	сто́ит	может быть 	
стоит	сто́ит	может быть, 	
стоит	сто́ит	может, 	
стоит	сто́ит	можно рассказать, а чего не 	
стоит	сто́ит	надето 	
стоит	сто́ит	нам 	
стоит	сто́ит	нанести визит 	
стоит	сто́ит	не 	 более задерживать
стоит	сто́ит	не 	 вашим
стоит	сто́ит	не 	 все яйца
стоит	сто́ит	не 	 дразнить
стоит	сто́ит	не 	 об этом
стоит	сто́ит	не 	 оставаться
стоит	сто́ит	не 	 оставлять
стоит	сто́ит	не 	 поднимать
стоит	сто́ит	не 	 резко
стоит	сто́ит	не 	 сомневаться
стоит	сто́ит	не 	 спешить
стоит	сто́ит	не 	 так резко
стоит	сто́ит	не 	 терять
стоит	сто́ит	недорого 	
стоит	сто́ит	немалого 	
стоит	сто́ит	немногого 	
стоит	сто́ит	нести не 	
стоит	сто́ит	нибудь да 	
стоит	сто́ит	ничего не 	
стоит	сто́ит	но не 	
стоит	сто́ит	но что 	
стоит	сто́ит	нужно рассказать, а чего не 	
стоит	сто́ит	о чем 	
стоит	сто́ит	об этом 	
стоит	сто́ит	об этом не 	
стоит	сто́ит	объяснить 	
стоит	сто́ит	овчинка 	 выделки
стоит	сто́ит	огневиков 	
стоит	сто́ит	одно другого 	
стоит	сто́ит	около ляма 	
стоит	сто́ит	оно 	 один
стоит	сто́ит	оно нынче 	
стоит	сто́ит	оно того 	
стоит	сто́ит	оно что нибудь 	
стоит	сто́ит	очень даже 	
стоит	сто́ит	палить 	
стоит	сто́ит	первую очередь 	
стоит	сто́ит	перед нами не 	
стоит	сто́ит	план 	
стоит	сто́ит	план не 	
стоит	сто́ит	по делу не 	
стоит	сто́ит	побеседовать 	
стоит	сто́ит	побеседовать с ним 	
стоит	сто́ит	поговорить, конечно, 	
стоит	сто́ит	пожалуй не 	
стоит	сто́ит	пожалуй, 	
стоит	сто́ит	пожалуй, не 	
стоит	сто́ит	позаботиться 	
стоит	сто́ит	поискать его 	
стоит	сто́ит	полагаю, не 	
стоит	сто́ит	полей 	
стоит	сто́ит	полтора лимона 	
стоит	сто́ит	полтора ляма 	
стоит	сто́ит	попробовать 	
стоит	сто́ит	попытаться 	
стоит	сто́ит	похвалить 	
стоит	сто́ит	при этом 	
стоит	сто́ит	разве 	
стоит	сто́ит	решила 	
стоит	сто́ит	риска 	
стоит	сто́ит	рубль 	
стоит	сто́ит	рынке 	
стоит	сто́ит	самой 	
стоит	сто́ит	сейчас 	 примерно
стоит	сто́ит	сил 	
стоит	сто́ит	скока 	
стоит	сто́ит	сколько 	
стоит	сто́ит	сколько он 	
стоит	сто́ит	сколько она 	
стоит	сто́ит	сколько планер 	
стоит	сто́ит	сколько сейчас 	
стоит	сто́ит	сколько чемоданчик 	
стоит	сто́ит	сколько это 	
стоит	сто́ит	сокровище 	
стоит	сто́ит	сотен 	
стоит	сто́ит	ссколько он 	
стоит	сто́ит	столько 	
стоит	сто́ит	тайна столько же 	
стоит	сто́ит	тащить не 	
стоит	сто́ит	твоя голова 	
стоит	сто́ит	тебе 	
стоит	сто́ит	тебе пока не 	
стоит	сто́ит	тело 	 очень
стоит	сто́ит	тему не 	
стоит	сто́ит	то да 	
стоит	сто́ит	то да, 	
стоит	сто́ит	то не 	
стоит	сто́ит	того 	
стоит	сто́ит	того не 	
стоит	сто́ит	три 	
стоит	сто́ит	троих 	
стоит	сто́ит	туда и 	
стоит	сто́ит	тут не 	
стоит	сто́ит	тысячу 	
стоит	сто́ит	увлекаться не 	
стоит	сто́ит	цены 	
стоит	сто́ит	че мне 	
стоит	сто́ит	чего 	
стоит	сто́ит	чего да 	
стоит	сто́ит	чего ей 	
стоит	сто́ит	чего ему 	
стоит	сто́ит	чего же 	
стоит	сто́ит	чего нибудь 	
стоит	сто́ит	чего нибудь да 	
стоит	сто́ит	чего об этом 	
стоит	сто́ит	чего он 	
стоит	сто́ит	чего она 	
стоит	сто́ит	чего тебе 	
стоит	сто́ит	чего то 	
стоит	сто́ит	чего только 	
стоит	сто́ит	чего тоъ 	
стоит	сто́ит	чего человек 	
стоит	сто́ит	чегото 	
стоит	сто́ит	чегото да 	
стоит	сто́ит	чем она 	
стоит	сто́ит	что 	 ему
стоит	сто́ит	что 	 эта
стоит	сто́ит	что ему 	
стоит	сто́ит	что им 	
стоит	сто́ит	что мне 	
стоит	сто́ит	что не 	
стоит	сто́ит	что она вообще 	
стоит	сто́ит	что оно 	
стоит	сто́ит	что тебе 	
стоит	сто́ит	что то ведь 	
стоит	сто́ит	что тоъ ведь 	
стоит	сто́ит	экономить не 	
стоит	сто́ит	это 	
стоит	сто́ит	это 	 пятидесяти
стоит	сто́ит	это 	 того
стоит	сто́ит	этого 	
стоит	сто́ит	явно 	
стоит	стои́т		 без дела
стоит	стои́т		 в круге света
стоит	стои́т		 в порту
стоит	стои́т		 в ряду
стоит	стои́т		 в тени
стоит	стои́т		 в том же ряду
стоит	стои́т		 воткнутым в
стоит	стои́т		 гораздо выше
стоит	стои́т		 дома
стоит	стои́т		 жирная точка
стоит	стои́т		 здесь и наблюдает
стоит	стои́т		 здесь со
стоит	стои́т		 и [homo] стоит [/homo]
стоит	стои́т		 и тесак сжимает
стоит	стои́т		 к северу
стоит	стои́т		 как никогда остро
стоит	стои́т		 как раз на
стоит	стои́т		 какой то крест
стоит	стои́т		 какой тоъ крест
стоит	стои́т		 ли где нибудь
стоит	стои́т		 месяц июнь
стоит	стои́т		 на берегу
стоит	стои́т		 на берегу реки
стоит	стои́т		 на частном космодроме
стоит	стои́т		 над его безжизненным
стоит	стои́т		 над нами
стоит	стои́т		 налево от
стоит	стои́т		 не то на
стоит	стои́т		 не тоъ на
стоит	стои́т		 некая правда
стоит	стои́т		 немного неудобно
стоит	стои́т		 ненастная погода
стоит	стои́т		 огромный труд
стоит	стои́т		 одним из
стоит	стои́т		 он - сир
стоит	стои́т		 он как то
стоит	стои́т		 он как тоъ
стоит	стои́т		 он на
стоит	стои́т		 он особняком
стоит	стои́т		 она - высокая
стоит	стои́т		 она высокая
стоит	стои́т		 она сейчас рядом
стоит	стои́т		 перед тобой
стоит	стои́т		 передо мной
стоит	стои́т		 по колено
стоит	стои́т		 по пояс
стоит	стои́т		 по стойке смирно
стоит	стои́т		 под окнами
стоит	стои́т		 почти по колено
стоит	стои́т		 почти сам
стоит	стои́т		 просто под
стоит	стои́т		 пятой
стоит	стои́т		 рядом.
стоит	стои́т		 с войском
стоит	стои́т		 с краю
стоит	стои́т		 с открытой
стоит	стои́т		 с открытым
стоит	стои́т		 с пистолетом
стоит	стои́т		 с погашенными
стоит	стои́т		 с широко
стоит	стои́т		 самый страшный
стоит	стои́т		 себе на месте
стоит	стои́т		 сейчас у
стоит	стои́т		 слишком близко
стоит	стои́т		 смертельно бледная
стоит	стои́т		 так далеко
стоит	стои́т		 только вес
стоит	стои́т		 третья сила
стоит	стои́т		 у берега
стоит	стои́т		 у конторки
стоит	стои́т		 у него за
стоит	стои́т		 у них за
стоит	стои́т		 у окна
стоит	стои́т		 у пирса
стоит	стои́т		 у пюпитра
стоит	стои́т		 у стены
стоит	стои́т		 целый ряд
стоит	стои́т		 четверть часа
стоит	стои́т		 этот недобиток
стоит	стои́т	а 	 жара.
стоит	стои́т	барышня 	
стоит	стои́т	без дела 	
стоит	стои́т	белый свет 	
стоит	стои́т	брань 	
стоит	стои́т	в гараже 	
стоит	стои́т	в горле 	
стоит	стои́т	в дверях 	
стоит	стои́т	в его доме 	
стоит	стои́т	в первом ряду 	
стоит	стои́т	в раковине 	
стоит	стои́т	в холодильнике 	
стоит	стои́т	вагончик 	
стоит	стои́т	ведро 	 там
стоит	стои́т	вертушка 	
стоит	стои́т	внизу 	 машина
стоит	стои́т	внутри 	
стоит	стои́т	во главе которого 	
стоит	стои́т	во дворе 	
стоит	стои́т	возле нашего крыльца 	
стоит	стои́т	возле него 	
стоит	стои́т	вон 	
стоит	стои́т	вон бабушка 	
стоит	стои́т	вон он 	
стоит	стои́т	вон там 	
стоит	стои́т	вонь 	
стоит	стои́т	вопрос 	
стоит	стои́т	вопрос даже не 	
стоит	стои́т	воротами 	 войско
стоит	стои́т	времени он 	
стоит	стои́т	времени она 	
стоит	стои́т	времени оно 	
стоит	стои́т	вроде как стол 	
стоит	стои́т	высоко 	
стоит	стои́т	где 	 гарри
стоит	стои́т	где 	 его
стоит	стои́т	где 	 мой
стоит	стои́т	где 	 твой
стоит	стои́т	где он 	
стоит	стои́т	где она 	
стоит	стои́т	где теперь 	
стоит	стои́т	далеко 	 ниже
стоит	стои́т	дверях кухни 	
стоит	стои́т	домик 	 беленький
стоит	стои́т	дружок твой 	
стоит	стои́т	жара какая 	
стоит	стои́т	же локатор 	
стоит	стои́т	за дверью 	
стоит	стои́т	за дверью кто то 	
стоит	стои́т	за дверью кто тоъ 	
стоит	стои́т	за домом 	
стоит	стои́т	за которым 	 память
стоит	стои́т	за ней 	
стоит	стои́т	за ним никто не 	
стоит	стои́т	за спиной 	
стоит	стои́т	за тобой 	
стоит	стои́т	за этим 	
стоит	стои́т	замок не 	
стоит	стои́т	звон клинков 	
стоит	стои́т	знать, что она 	
стоит	стои́т	и она 	
стоит	стои́т	каждой техничке 	
стоит	стои́т	как он 	
стоит	стои́т	как он 	 и куда
стоит	стои́т	как она 	
стоит	стои́т	как раз джип 	
стоит	стои́т	какая то 	
стоит	стои́т	какая тоъ 	
стоит	стои́т	какой за ней 	
стоит	стои́т	какой за ним 	
стоит	стои́т	ко мне 	
стоит	стои́т	когда не 	 вопрос
стоит	стои́т	которой 	 дворец
стоит	стои́т	котором 	 здание
стоит	стои́т	который 	 за
стоит	стои́т	которыми ничего не 	
стоит	стои́т	кругом 	
стоит	стои́т	кто 	 во главе
стоит	стои́т	кто 	 впереди
стоит	стои́т	кто 	 за
стоит	стои́т	кто 	 пред
стоит	стои́т	кто же там 	
стоит	стои́т	кто за ним 	
стоит	стои́т	кто за ними 	
стоит	стои́т	кто там 	
стоит	стои́т	кто то 	
стоит	стои́т	кто тоъ 	
стоит	стои́т	мороз то какой 	
стоит	стои́т	мороз тоъ какой 	
стоит	стои́т	на берегу 	
стоит	стои́т	на втором месте 	
стоит	стои́т	на дороге 	
стоит	стои́т	на каждой техничке 	
стоит	стои́т	на которой 	
стоит	стои́т	на которой она 	
стоит	стои́т	на которых 	 мой
стоит	стои́т	на которых 	 мой замок
стоит	стои́т	на красной площади 	
стоит	стои́т	на крыльце 	
стоит	стои́т	на месте оно не 	
стоит	стои́т	на мне 	
стоит	стои́т	на ногах то 	
стоит	стои́т	на ногах тоъ 	
стоит	стои́т	на отшибе 	
стоит	стои́т	на первом месте 	
стоит	стои́т	на погрузке 	
стоит	стои́т	на полке 	
стоит	стои́т	на столе 	
стоит	стои́т	на третьем месте 	
стоит	стои́т	на тумбочке 	
стоит	стои́т	на ушах 	
стоит	стои́т	на холме 	
стоит	стои́т	над вами 	
стоит	стои́т	надо мной 	
стоит	стои́т	нами сейчас не 	
стоит	стои́т	народ то 	
стоит	стои́т	народ тоъ 	
стоит	стои́т	нас 	 кто
стоит	стои́т	нашей обороны 	
стоит	стои́т	не 	 ли за ним
стоит	стои́т	не 	 ли земля на
стоит	стои́т	не 	 ли кто
стоит	стои́т	не 	 на
стоит	стои́т	не 	 на месте
стоит	стои́т	не 	 теперь за
стоит	стои́т	не 	 у нас над
стоит	стои́т	нем 	 голубой
стоит	стои́т	ни 	 ли кто нибудь
стоит	стои́т	ничего не 	 между
стоит	стои́т	но 	 среди
стоит	стои́т	около грешника 	 как
стоит	стои́т	он 	 в кичении
стоит	стои́т	он 	 внутри
стоит	стои́т	он 	 за нас
стоит	стои́т	он 	 здесь
стоит	стои́т	он 	 на крыше
стоит	стои́т	он 	 непоколебим
стоит	стои́т	он 	 себе
стоит	стои́т	он вон, 	 в своей
стоит	стои́т	он вот, 	 в своей
стоит	стои́т	он ли 	 за
стоит	стои́т	он совсем не 	
стоит	стои́т	она 	 перед
стоит	стои́т	она вон, 	 в своей
стоит	стои́т	она вот, 	 в своей
стоит	стои́т	она ли 	 за
стоит	стои́т	она непрерывно 	
стоит	стои́т	оно 	 перед
стоит	стои́т	остро 	
стоит	стои́т	от дома 	
стоит	стои́т	перед воротами 	
стоит	стои́т	перед входом 	
стоит	стои́т	перед глазами 	
стоит	стои́т	перед нами 	
стоит	стои́т	перед ней 	
стоит	стои́т	перед ним 	
стоит	стои́т	перед ними 	
стоит	стои́т	перед тобой 	
стоит	стои́т	передо мной 	
стоит	стои́т	по берегам 	
стоит	стои́т	по сей день 	
стоит	стои́т	по центру 	
стоит	стои́т	пол москвы 	
стоит	стои́т	посреди поля 	
стоит	стои́т	посредине залы 	
стоит	стои́т	робко 	
стоит	стои́т	рядом моя салли 	
стоит	стои́т	рядом с нами 	
стоит	стои́т	рядом с ними 	
стоит	стои́т	рядом со мной 	
стоит	стои́т	с пустыми баками 	
стоит	стои́т	свет 	
стоит	стои́т	сейчас 	 глубокая
стоит	стои́т	сейчас 	 за
стоит	стои́т	сейчас 	 на
стоит	стои́т	сейчас 	 отсапывается
стоит	стои́т	сейчас 	 у
стоит	стои́т	сзади меня 	
стоит	стои́т	сколько лет 	 здесь
стоит	стои́т	спальне 	 его
стоит	стои́т	спиной медика 	
стоит	стои́т	сутки уже 	
стоит	стои́т	суток уже 	
стоит	стои́т	так давно 	
стоит	стои́т	такая жара 	
стоит	стои́т	там 	 большой
стоит	стои́т	там 	 она
стоит	стои́т	там 	 пустой
стоит	стои́т	там 	 шифр
стоит	стои́т	там она 	
стоит	стои́т	тобой 	 женщина
стоит	стои́т	тот неизбежно 	 в той
стоит	стои́т	у входа 	
стоит	стои́т	у дороге 	
стоит	стои́т	у калитки 	
стоит	стои́т	у окна 	
стоит	стои́т	у подъезда уже 	
стоит	стои́т	у поручня 	
стоит	стои́т	у постели больного 	
стоит	стои́т	у прилавка 	
стоит	стои́т	уже 	
стоит	стои́т	уже 	 над
стоит	стои́т	уныло 	 оно
стоит	стои́т	ходит или 	
стоит	стои́т	храм 	 на горе
стоит	стои́т	храм то 	
стоит	стои́т	храм тоъ 	
стоит	стои́т	что 	 в своей
стоит	стои́т	что 	 за
стоит	стои́т	что 	 как
стоит	стои́т	что 	 лицом
стоит	стои́т	что 	 на
стоит	стои́т	что 	 над
стоит	стои́т	что 	 посреди
стоит	стои́т	что 	 рядом
стоит	стои́т	что 	 сейчас
стоит	стои́т	что 	 тут
стоит	стои́т	что 	 тут с
стоит	стои́т	что 	 у
стоит	стои́т	что за этим 	
стоит	стои́т	что он 	 у стены
стоит	стои́т	что то 	
стоит	стои́т	что тоъ 	
стоит	стои́т	шагах в десяти 	
стоит	стои́т	шоссе 	
стоит	стои́т	шум 	
стоит	стои́т	этих окон 	
стоите	сто́ите	друг дружки 	
стоите	сто́ите	не 	 мук
стоите	сто́ите	не 	 тех
стоите	сто́ите	чего вы 	
стоите	сто́ите	чего то 	
стоите	сто́ите	чего тоъ 	
стоите	сто́ите	чем вы 	
стоите	стои́те		 на краю
стоите	стои́те	а вы чего 	
стоите	стои́те	вы что 	
стоите	стои́те	далеко 	
стоите	стои́те	когда 	 на
стоите	стои́те	стойте где 	
стоите	стои́те	что 	
стоите	стои́те	что же вы 	
стоишь	сто́ишь		 ровно столько
стоишь	сто́ишь	в бою 	
стоишь	сто́ишь	внимания 	
стоишь	сто́ишь	и рога моего не 	
стоишь	сто́ишь	ничего не 	
стоишь	сто́ишь	чего то 	
стоишь	сто́ишь	чего тоъ 	
стоишь	сто́ишь	чего ты 	
стоишь	стои́шь	ты 	 в ложбине
стоишь	стои́шь	ты 	 передо мною
стоишь	стои́шь	что 	
стоишь	стои́шь	что же ты 	
стопы	стопы́	возле 	
стопы	стопы́	след 	
стопы	стопы́	у 	
стопы	стопы́	четыре 	
стопы	стопы́	ямбической 	
сторожа	сто́рожа		 и профессора
сторожа	сто́рожа	вдоль 	
сторожа	сто́рожа	заодно и 	
сторожа	сто́рожа	как 	 или как телохранителя
сторожа	сто́рожа	метлы 	
сторожа	сто́рожа	ноги 	 подкосились
сторожа	сто́рожа	ночного 	
сторожа	сто́рожа	профессора или 	
сторожа	сто́рожа	услугами 	
сторожа	сто́рожа	через 	
сторожа	сто́рожа	четыре 	
сторожа	сторожа́	церковные 	
стороны	сто́роны		 готовы стоять
стороны	сто́роны		 жизни
стороны	сто́роны		 нарастят
стороны	сто́роны		 смотрите
стороны	сто́роны		 тем временем
стороны	сто́роны		 успели
стороны	сто́роны	боковые 	
стороны	сто́роны	в 	
стороны	сто́роны	в 	 ноги
стороны	сто́роны	в 	 руки
стороны	сто́роны	в обе 	
стороны	сто́роны	в разные 	
стороны	сто́роны	возвышенные 	
стороны	сто́роны	воюющие 	
стороны	сто́роны	враждующие 	
стороны	сто́роны	высокие 	
стороны	сто́роны	друг другом 	
стороны	сто́роны	из 	 в [homo] стороны [/homo]
стороны	сто́роны	имели обе 	
стороны	сто́роны	лишает 	
стороны	сто́роны	лишив 	
стороны	сто́роны	мои ноги в 	
стороны	сто́роны	на все четыре 	
стороны	сто́роны	наткнулись на 	
стороны	сто́роны	обе 	 двери
стороны	сто́роны	обе 	 реки
стороны	сто́роны	по обе 	
стороны	сто́роны	по обе его 	
стороны	сто́роны	поползли в 	
стороны	сто́роны	приятные 	
стороны	сто́роны	противоположные 	
стороны	сто́роны	противоположные друг другу 	
стороны	сто́роны	разбегались в разные 	
стороны	сто́роны	разведя в 	
стороны	сто́роны	разные 	
стороны	сто́роны	раскинем в 	 ноги
стороны	сто́роны	раскинет в 	 ноги
стороны	сто́роны	раскинете в 	 ноги
стороны	сто́роны	раскинешь в 	 ноги
стороны	сто́роны	раскину в 	 ноги
стороны	сто́роны	раскинув в 	 ноги
стороны	сто́роны	раскинувшая в 	 ноги
стороны	сто́роны	раскинувшего в 	 ноги
стороны	сто́роны	раскинувшее в 	 ноги
стороны	сто́роны	раскинувшей в 	 ноги
стороны	сто́роны	раскинувшем в 	 ноги
стороны	сто́роны	раскинувшему в 	 ноги
стороны	сто́роны	раскинувшею в 	 ноги
стороны	сто́роны	раскинувши в 	 ноги
стороны	сто́роны	раскинувшие в 	 ноги
стороны	сто́роны	раскинувший в 	 ноги
стороны	сто́роны	раскинувшим в 	 ноги
стороны	сто́роны	раскинувшими в 	 ноги
стороны	сто́роны	раскинувших в 	 ноги
стороны	сто́роны	раскинувшую в 	 ноги
стороны	сто́роны	раскинул в 	 ноги
стороны	сто́роны	раскинула в 	 ноги
стороны	сто́роны	раскинули в 	 ноги
стороны	сто́роны	раскинуло в 	 ноги
стороны	сто́роны	раскинут в 	 ноги
стороны	сто́роны	раскинуть в 	 ноги
стороны	сто́роны	раскинь в 	 ноги
стороны	сто́роны	раскиньте в 	 ноги
стороны	сто́роны	руки в 	
стороны	сто́роны	свои 	
стороны	сто́роны	сильные 	
стороны	сто́роны	слабые 	
стороны	сто́роны	существуют ли 	
стороны	сто́роны	торчали в 	 ноги
стороны	сто́роны	торчали в разные 	 ноги
стороны	сто́роны	торчат в 	 ноги
стороны	сто́роны	торчат в разные 	 ноги
стороны	сто́роны	хорошие 	
стороны	сто́роны	худые 	
стороны	сто́роны	четыре 	
стороны	сто́роны	что 	
стороны	сто́роны	что 	 света
стороны	стороны́		 груди
стороны	стороны́		 зеркала
стороны	стороны́		 катера
стороны	стороны́		 косы
стороны	стороны́		 леса
стороны	стороны́		 места
стороны	стороны́		 ноги
стороны	стороны́		 окна
стороны	стороны́		 полотна
стороны	стороны́		 полюса
стороны	стороны́		 руки
стороны	стороны́		 стекла
стороны	стороны́		 стены
стороны	стороны́		 тропы
стороны	стороны́	береговой 	
стороны	стороны́	в три 	
стороны	стороны́	вашей 	
стороны	стороны́	вдоль 	
стороны	стороны́	внешней 	
стороны	стороны́	внешней 	 ноги
стороны	стороны́	внешней 	 руки
стороны	стороны́	внутренней 	
стороны	стороны́	внутренней 	 ноги
стороны	стороны́	внутренней 	 руки
стороны	стороны́	восточной 	
стороны	стороны́	выборе 	
стороны	стороны́	две 	
стороны	стороны́	длинной 	
стороны	стороны́	доброй 	
стороны	стороны́	другой 	
стороны	стороны́	другой 	 зеркала
стороны	стороны́	другой 	 ноги
стороны	стороны́	другой 	 реки
стороны	стороны́	другой 	 руки
стороны	стороны́	другой 	 стены
стороны	стороны́	другой же 	
стороны	стороны́	духовной 	
стороны	стороны́	душевной 	
стороны	стороны́	замок с этой 	
стороны	стороны́	западной 	
стороны	стороны́	земной 	
стороны	стороны́	идеальной 	
стороны	стороны́	из 	
стороны	стороны́	какой 	
стороны	стороны́	какой бы 	
стороны	стороны́	левой 	
стороны	стороны́	ложной 	
стороны	стороны́	любой 	
стороны	стороны́	моей 	
стороны	стороны́	мужской 	
стороны	стороны́	невидимой вам 	
стороны	стороны́	новой 	
стороны	стороны́	обратной 	
стороны	стороны́	одной 	
стороны	стороны́	правой 	
стороны	стороны́	противной 	
стороны	стороны́	противоположной 	
стороны	стороны́	с другой 	
стороны	стороны́	с его 	
стороны	стороны́	с их 	
стороны	стороны́	с какой ей 	
стороны	стороны́	с какой ему 	
стороны	стороны́	с какой им 	
стороны	стороны́	с самой лучшей 	
стороны	стороны́	с той 	 стены
стороны	стороны́	самоуверенной 	
стороны	стороны́	своей 	
стороны	стороны́	северной 	
стороны	стороны́	северо-восточной 	
стороны	стороны́	со 	
стороны	стороны́	со 	 берега
стороны	стороны́	со 	 воды
стороны	стороны́	со 	 ворот
стороны	стороны́	со 	 города
стороны	стороны́	со 	 двери
стороны	стороны́	со 	 дома
стороны	стороны́	со 	 дороги
стороны	стороны́	со 	 замка
стороны	стороны́	со 	 звезды
стороны	стороны́	со 	 косы
стороны	стороны́	со 	 края
стороны	стороны́	со 	 кухни голоса,
стороны	стороны́	со 	 леса
стороны	стороны́	со 	 моря
стороны	стороны́	со 	 озера
стороны	стороны́	со 	 реки
стороны	стороны́	со 	 сектора
стороны	стороны́	со 	 семьи
стороны	стороны́	со 	 то
стороны	стороны́	со 	 тоъ
стороны	стороны́	со 	 тропы
стороны	стороны́	со 	 тюрьмы
стороны	стороны́	со 	 черепа
стороны	стороны́	такой 	
стороны	стороны́	твоей 	
стороны	стороны́	той 	
стороны	стороны́	той же 	
стороны	стороны́	тыльной 	
стороны	стороны́	чужой 	
стороны	стороны́	чьей 	
стороны	стороны́	этой 	
стороны	стороны́	южной 	
стою	сто́ю		 довольно многого
стою	сто́ю	ни хрена не 	
стою	сто́ю	того 	
стою	сто́ю	чего то 	
стою	сто́ю	чего тоъ 	
стою	сто́ю	чего я 	
стою	сто́ю	этого не 	
стою	стою́		, [homo] стою [/homo]
стою	стою́	будто 	
стою	стою́	всегда 	
стою	стою́	иду я или 	
стою	стою́	на пальчиках 	
стою	стою́	ничего, что я тоже тут 	
стою	стою́	тут 	 при
стою	стою́	я 	 - они лежат
стою	стою́	я 	 между
стою	стою́	я 	 рядом
стою	стою́	я 	 сейчас перед
стоят	сто́ят		 бешеных денег
стоят	сто́ят		 больших денег
стоят	сто́ят		 в рознице
стоят	сто́ят		 денег
стоят	сто́ят		 дешевле
стоят	сто́ят		 дороже
стоят	сто́ят		 мировой
стоят	сто́ят		 на порядки
стоят	сто́ят		 на порядок
стоят	сто́ят		 не больше
стоят	сто́ят		 не особенно дорого
стоят	сто́ят		 ни гроша
стоят	сто́ят		 огромные деньги
стоят	сто́ят		 огромных денег
стоят	сто́ят		 одна другой
стоят	сто́ят		 они всего
стоят	сто́ят		 они дорого
стоят	сто́ят		 они изрядно
стоят	сто́ят		 они недорого
стоят	сто́ят		 они подешевле
стоят	сто́ят		 они подороже
стоят	сто́ят		 оставшиеся бандиты его
стоят	сто́ят		 от сорока
стоят	сто́ят		 очень дорого
стоят	сто́ят		 по двести
стоят	сто́ят		 пять сорок
стоят	сто́ят		 своих
стоят	сто́ят		 тебе
стоят	сто́ят		 того
стоят	сто́ят	внимания не 	
стоят	сто́ят	денег 	
стоят	сто́ят	дорого 	
стоят	сто́ят	дороже 	
стоят	сто́ят	и 	 они,
стоят	сто́ят	кое чего и 	
стоят	сто́ят	которые 	 до
стоят	сто́ят	мало чего 	
стоят	сто́ят	мало что 	
стоят	сто́ят	награды и погоны 	
стоят	сто́ят	не 	 больше
стоят	сто́ят	не 	 и
стоят	сто́ят	не 	 они ни одной
стоят	сто́ят	ничего не 	
стоят	сто́ят	но 	 они как
стоят	сто́ят	они 	 по пятнадцать центов
стоят	сто́ят	острове чего 	
стоят	сто́ят	покажут, чего они 	
стоят	сто́ят	сапоги чего 	
стоят	сто́ят	сколько они 	
стоят	сто́ят	слова не 	
стоят	сто́ят	часы 	 триста
стоят	сто́ят	чего 	
стоят	сто́ят	чего 	 сами
стоят	сто́ят	чего и 	
стоят	сто́ят	чего на деле 	
стоят	сто́ят	чего они 	
стоят	сто́ят	чего то 	
стоят	сто́ят	чего тоъ 	
стоят	сто́ят	чем они 	
стоят	сто́ят	что 	
стоят	стоя́т		 в порту
стоят	стоя́т		 в просторном
стоят	стоя́т		 воды
стоят	стоя́т		 войска
стоят	стоя́т		 города
стоят	стоя́т		 горы
стоят	стоя́т		 их замки
стоят	стоя́т		 как вкопанные
стоят	стоя́т		 крейсера
стоят	стоя́т		 ли там звери
стоят	стоя́т		 на полках
стоят	стоя́т		 на самой
стоят	стоя́т		 ноги
стоят	стоя́т		 парами
стоят	стоя́т		 перед
стоят	стоя́т		 передо
стоят	стоя́т		 по часу
стоят	стоя́т		 похожие машины
стоят	стоя́т	бок 	
стоят	стоя́т	больших сарая 	
стоят	стоя́т	в кефтийской гавани 	
стоят	стоя́т	в котором иконы 	
стоят	стоя́т	в порядке 	
стоят	стоя́т	в расписании 	
стоят	стоя́т	вдоль стен 	
стоят	стоя́т	войска 	
стоят	стоя́т	вокруг 	
стоят	стоя́т	ворот 	
стоят	стоя́т	времени они 	
стоят	стоя́т	время 	 в ушах
стоят	стоя́т	где 	 книги
стоят	стоя́т	года 	
стоят	стоя́т	горе 	
стоят	стоя́т	горы 	 на
стоят	стоя́т	для того и 	
стоят	стоя́т	до сих пор 	
стоят	стоя́т	дома 	 рядами
стоят	стоя́т	дома уже 	
стоят	стоя́т	друг за друга 	
стоят	стоя́т	звезды не 	 на
стоят	стоя́т	как 	 на
стоят	стоя́т	краю 	
стоят	стоя́т	на горах 	 воды
стоят	стоя́т	на месте не 	
стоят	стоя́т	не 	 на месте
стоят	стоя́т	ноги 	
стоят	стоя́т	они 	 над
стоят	стоя́т	поезда 	
стоят	стоя́т	посреди которого 	
стоят	стоя́т	почти никогда не 	
стоят	стоя́т	робко 	
стоят	стоя́т	с тех пор 	 здесь
стоят	стоя́т	сети 	
стоят	стоя́т	стены нормальные 	
стоят	стоя́т	уши не 	
стоят	стоя́т	что 	 в
стоят	стоя́т	что 	 выше
стоят	стоя́т	что 	 на
стоят	стоя́т	что 	 они с
стоят	стоя́т	что 	 сейчас в
стоят	стоя́т	что 	 у
стоят	стоя́т	что 	 чуть поодаль
стоят	стоя́т	шалаши 	
стоят	стоя́т	яблони 	
стоящая	сто́ящая		 безделушка
стоящая	сто́ящая		 вещь
стоящая	сто́ящая		 кандидатура
стоящая	сто́ящая		 причина
стоящая	сто́ящая	вещь 	
стоящая	сто́ящая	вполне 	
стоящая	сто́ящая	действительно 	
стоящая	сто́ящая	дорого 	
стоящая	сто́ящая	идея 	
стоящая	сто́ящая	не 	 внимания
стоящая	сто́ящая	причина 	
стоящая	стоя́щая		 в
стоящая	стоя́щая		 вдоль
стоящая	стоя́щая		 выше
стоящая	стоя́щая		 за
стоящая	стоя́щая		 лицом
стоящая	стоя́щая		 на приколе
стоящая	стоя́щая		 на столе
стоящая	стоя́щая		 на страже
стоящая	стоя́щая		 навытяжку
стоящая	стоя́щая		 перед
стоящая	стоя́щая		 под
стоящая	стоя́щая		 рядом
стоящая	стоя́щая		 у слияния
стоящая	стоя́щая	ближе 	
стоящего	сто́ящего		 дела
стоящего	сто́ящего		 добра
стоящего	сто́ящего		 заклинания
стоящего	сто́ящего		 много денег
стоящего	сто́ящего		 не было
стоящего	сто́ящего		 повода
стоящего	сто́ящего		 предложения
стоящего	сто́ящего		 противника
стоящего	сто́ящего		 работника
стоящего	сто́ящего		 с гордо
стоящего	сто́ящего		 твоего внимания
стоящего	сто́ящего		 художника
стоящего	сто́ящего	более 	
стоящего	сто́ящего	было 	
стоящего	сто́ящего	гроша не 	
стоящего	сто́ящего	действительно 	
стоящего	сто́ящего	дорого 	
стоящего	сто́ящего	мальски 	
стоящего	сто́ящего	на кого то 	
стоящего	сто́ящего	на кого тоъ 	
стоящего	сто́ящего	ни гроша не 	
стоящего	сто́ящего	ничего 	
стоящего	сто́ящего	чего нибудь 	
стоящего	сто́ящего	чего то 	
стоящего	сто́ящего	чего тоъ 	
стоящего	стоя́щего		 в
стоящего	стоя́щего		 в глубине
стоящего	стоя́щего		 в двух шагах
стоящего	стоя́щего		 в домашнем
стоящего	стоя́щего		 в конце
стоящего	стоя́щего		 в кустах
стоящего	стоя́щего		 в стороне
стоящего	стоя́щего		 вверху
стоящего	стоя́щего		 внизу
стоящего	стоя́щего		 во дворе
стоящего	стоя́щего		 возле
стоящего	стоя́щего		 вполоборота
стоящего	стоя́щего		 за
стоящего	стоя́щего		 к
стоящего	стоя́щего		 лицом
стоящего	стоя́щего		 на
стоящего	стоя́щего		 на воздухе
стоящего	стоя́щего		 на коленях
стоящего	стоя́щего		 на охранении
стоящего	стоя́щего		 наготове
стоящего	стоя́щего		 недалеко
стоящего	стоя́щего		 неподвижно
стоящего	стоя́щего		 ниже
стоящего	стоя́щего		 одиноко
стоящего	стоя́щего		 перед
стоящего	стоя́щего		 передо
стоящего	стоя́щего		 по щиколотку
стоящего	стоя́щего		 под
стоящего	стоя́щего		 посреди
стоящего	стоя́щего		 прямо
стоящего	стоя́щего		 рядом
стоящего	стоя́щего		 с
стоящего	стоя́щего		 теперь перед
стоящего	стоя́щего		 у
стоящего	стоя́щего		 у двери
стоящего	стоя́щего		 человека
стоящего	стоя́щего		 чуть выше
стоящего	стоя́щего		 чуть поодаль
стоящего	стоя́щего	близко от 	
стоящего	стоя́щего	впереди 	
стоящего	стоя́щего	высоко 	
стоящего	стоя́щего	здесь 	
стоящего	стоя́щего	на кого та 	
стоящего	стоя́щего	на стволе 	
стоящего	стоя́щего	неподвижно 	
стоящего	стоя́щего	отдельно 	
стоящего	стоя́щего	правильно 	
стоящего	стоя́щего	сзади 	
стоящего	стоя́щего	стеной 	
стоящего	стоя́щего	сторону 	
стоящего	стоя́щего	тут 	
стоящего	стоя́щего	увидела иисуса 	
стоящее	сто́ящее		 дело
стоящее	сто́ящее		 есть что
стоящее	сто́ящее		 речей
стоящее	сто́ящее		 того
стоящее	сто́ящее	действительно 	
стоящее	сто́ящее	найти чего то 	
стоящее	сто́ящее	найти чего тоъ 	
стоящее	сто́ящее	не 	
стоящее	сто́ящее	нечто действительно 	
стоящее	сто́ящее	что нибудь 	
стоящее	сто́ящее	шанс найти чего то 	 есть
стоящее	сто́ящее	шанс найти чего тоъ 	 есть
стоящее	сто́ящее	шанс найти что то 	 есть
стоящее	сто́ящее	шанс найти что тоъ 	 есть
стоящее	стоя́щее		 ближе
стоящее	стоя́щее		 в
стоящее	стоя́щее		 во
стоящее	стоя́щее		 возле
стоящее	стоя́щее		 выше
стоящее	стоя́щее		 на
стоящее	стоя́щее		 над
стоящее	стоя́щее		 ниже
стоящее	стоя́щее		 от
стоящее	стоя́щее		 перед
стоящее	стоя́щее		 у
стоящее	стоя́щее	в 	
стоящее	стоя́щее	одиноко 	
стоящее	стоя́щее	отдельно 	
стоящей	сто́ящей		 баснословную
стоящей	сто́ящей		 версии
стоящей	сто́ящей		 ему
стоящей	сто́ящей		 заварушки
стоящей	сто́ящей		 идеи
стоящей	сто́ящей		 много денег
стоящей	сто́ящей	была 	
стоящей	сто́ящей	дорого 	
стоящей	сто́ящей	не 	
стоящей	сто́ящей	не 	 свеч
стоящей	сто́ящей	ни одной 	 мысли
стоящей	стоя́щей		 в
стоящей	стоя́щей		 дыбом
стоящей	стоя́щей		 за
стоящей	стоя́щей		 как знамя
стоящей	стоя́щей		 лицом
стоящей	стоя́щей		 на
стоящей	стоя́щей		 ниже
стоящей	стоя́щей		 около
стоящей	стоя́щей		 пантеры
стоящей	стоя́щей		 перед
стоящей	стоя́щей		 по другую
стоящей	стоя́щей		 поблизости
стоящей	стоя́щей		 поодаль
стоящей	стоя́щей		 посреди
стоящей	стоя́щей		 почти самой
стоящей	стоя́щей		 прямо
стоящей	стоя́щей		 рядом
стоящей	стоя́щей		 с
стоящей	стоя́щей		 сосны
стоящей	стоя́щей		 у
стоящей	стоя́щей		 чуть сверху
стоящей	стоя́щей	борта 	
стоящей	стоя́щей	отдельно 	
стоящей	стоя́щей	рядом 	
стоящем	стоя́щем		 на столе
стоящем	стоя́щем		 совсем далеко
стоящему	сто́ящему		 из
стоящему	сто́ящему		 много денег
стоящему	сто́ящему	дорого 	
стоящему	стоя́щему		 в углу
стоящему	стоя́щему		 возле
стоящему	стоя́щему		 выше
стоящему	стоя́щему		 за
стоящему	стоя́щему		 на
стоящему	стоя́щему		 наподобие колонны
стоящему	стоя́щему		 перед
стоящему	стоя́щему		 поодаль
стоящему	стоя́щему		 при
стоящему	стоя́щему		 рядом
стоящему	стоя́щему		 ту тже
стоящему	стоя́щему		 у
стоящему	стоя́щему	высоко 	
стоящему	стоя́щему	отдельно 	
стоящие	сто́ящие		 дела
стоящие	сто́ящие		 и не [homo] стоящие [/homo]
стоящие	сто́ящие		 места
стоящие	сто́ящие		 покупки
стоящие	сто́ящие		 поступки
стоящие	сто́ящие	вы 	
стоящие	стоя́щие		 в
стоящие	стоя́щие		 в спальнях
стоящие	стоя́щие		 в стойках
стоящие	стоя́щие		 вдоль стены
стоящие	стоя́щие		 вплотную
стоящие	стоя́щие		 дома
стоящие	стоя́щие		 за ней дома
стоящие	стоя́щие		 на
стоящие	стоя́щие		 ниже
стоящие	стоя́щие		 пред
стоящие	стоя́щие		 рядом
стоящие	стоя́щие	высоко 	
стоящие	стоя́щие	неправильно 	
стоящий	сто́ящий		 много денег
стоящий	сто́ящий	весьма 	
стоящий	сто́ящий	дорого 	
стоящий	сто́ящий	какой нибудь 	
стоящий	сто́ящий	ничего не 	
стоящий	стоя́щий		 без движения
стоящий	стоя́щий		 в дали
стоящий	стоя́щий		 в коридоре
стоящий	стоя́щий		 в сторонке
стоящий	стоя́щий		 в углу
стоящий	стоя́щий		 ко мне
стоящий	стоя́щий		 на берегу
стоящий	стоя́щий		 на полу
стоящий	стоя́щий		 у окна
стоящий	стоя́щий		 у стены
стоящим	сто́ящим		 зрелищем
стоящим	сто́ящим		 много денег
стоящим	сто́ящим		 призом
стоящим	сто́ящим	более 	
стоящим	сто́ящим	действительно 	
стоящим	сто́ящим	дорого 	
стоящим	сто́ящим	чем та 	
стоящим	стоя́щим		 в
стоящим	стоя́щим		 в конце
стоящим	стоя́щим		 в ней
стоящим	стоя́щим		 в отдалении
стоящим	стоя́щим		 в углу
стоящим	стоя́щим		 внизу
стоящим	стоя́щим		 между
стоящим	стоя́щим		 на
стоящим	стоя́щим		 напротив окна
стоящим	стоя́щим		 перед
стоящим	стоя́щим		 передо
стоящим	стоя́щим		 посреди
стоящим	стоя́щим		 у
стоящим	стоя́щим		 у окна
стоящим	стоя́щим		 членом
стоящим	стоя́щим	взглядом со 	
стоящим	стоя́щим	одиноко 	
стоящим	стоя́щим	плотно 	
стоящим	стоя́щим	радостно 	
стоящими	сто́ящими		 вещами
стоящими	сто́ящими		 делами
стоящими	сто́ящими		 много денег
стоящими	сто́ящими	дорого 	
стоящими	сто́ящими	единственно 	
стоящими	стоя́щими		 в
стоящими	стоя́щими		 в ней
стоящими	стоя́щими		 дыбом
стоящими	стоя́щими		 за
стоящими	стоя́щими		 между
стоящими	стоя́щими		 на
стоящими	стоя́щими		 под
стоящими	стоя́щими		 пред
стоящими	стоя́щими		 рядами
стоящими	стоя́щими		 с
стоящими	стоя́щими		 снаружи
стоящими	стоя́щими	между 	
стоящими	стоя́щими	особняком 	
стоящими	стоя́щими	со 	
стоящими	стоя́щими	тесно 	
стоящими	стоя́щими	удачно 	
стоящих	стоя́щих		 ближе
стоящих	стоя́щих		 в
стоящих	стоя́щих		 в воде
стоящих	стоя́щих		 вокруг
стоящих	стоя́щих		 на
стоящих	стоя́щих		 на поле
стоящих	стоя́щих		 на полевых
стоящих	стоя́щих		 на полированном
стоящих	стоя́щих		 на политическом
стоящих	стоя́щих		 на полках
стоящих	стоя́щих		 на полке
стоящих	стоя́щих		 на полноводном
стоящих	стоя́щих		 на полной
стоящих	стоя́щих		 на пологом
стоящих	стоя́щих		 на полозьях
стоящих	стоя́щих		 на полосе
стоящих	стоя́щих		 на полочках
стоящих	стоя́щих		 на полочке
стоящих	стоя́щих		 на полу
стоящих	стоя́щих		 на полубаке
стоящих	стоя́щих		 на полуострове
стоящих	стоя́щих		 на поляне
стоящих	стоя́щих		 на полянке
стоящих	стоя́щих		 на полях
стоящих	стоя́щих		 наготове
стоящих	стоя́щих		 над
стоящих	стоя́щих		 подо
стоящих	стоя́щих		 тесно
стоящих	стоя́щих		 у грузовика
стоящих	стоя́щих	баков, 	 у
стоящих	стоя́щих	близко 	
стоящих	стоя́щих	выше голов 	
стоящих	стоя́щих	из 	 на
стоящих	стоя́щих	каждого из 	
стоящих	стоя́щих	когда 	 не оказалось
стоящих	стоя́щих	лица 	
стоящих	стоя́щих	среди 	 ангелов
стоящую	сто́ящую		 для этой цели на столе
стоящую	сто́ящую	не 	 внимания
стоящую	сто́ящую	несложную, но 	 продукцию
стоящую	стоя́щую		 в
стоящую	стоя́щую		 в дверях
стоящую	стоя́щую		 возле
стоящую	стоя́щую		 за
стоящую	стоя́щую		 между
стоящую	стоя́щую		 перед
стоящую	стоя́щую		 передо мной
стоящую	стоя́щую		 под
стоящую	стоя́щую		 поодаль
стоящую	стоя́щую		 посреди
стоящую	стоя́щую		 рядом
стоящую	стоя́щую		 сзади
стоящую	стоя́щую		 у
стоящую	стоя́щую		 у края
стоящую	стоя́щую		 у стены
стоящую	стоя́щую	на мирно 	
стоящую	стоя́щую	на спокойно 	
стоящую	стоя́щую	на тихо 	
стоящую	стоя́щую	одиноко 	
страны	стра́ны		 западного
страны	стра́ны		 и моря
страны	стра́ны		 мира
страны	стра́ны		 оси
страны	стра́ны		 третьего мира
страны	стра́ны	в 	
страны	стра́ны	в руки 	
страны	стра́ны	все те 	
страны	стра́ны	даты, 	
страны	стра́ны	миры и 	
страны	стра́ны	могучие 	
страны	стра́ны	мои 	
страны	стра́ны	моря и 	
страны	стра́ны	моря, 	
страны	стра́ны	наши 	
страны	стра́ны	полные золота 	
страны	стра́ны	свои 	
страны	стра́ны	твои 	
страны	стра́ны	те 	
страны	стра́ны	чьи та 	
страны	стра́ны	эти 	
страны	страны́		 советов
страны	страны́	африканской 	
страны	страны́	базах 	
страны	страны́	банке 	
страны	страны́	беды 	
страны	страны́	без 	
страны	страны́	безопасности 	
страны	страны́	блага 	
страны	страны́	благо 	
страны	страны́	благосостояние 	
страны	страны́	богатой 	
страны	страны́	большой 	
страны	страны́	в глубь 	
страны	страны́	в истории 	
страны	страны́	в масштабах 	
страны	страны́	вашей 	
страны	страны́	вглубь 	
страны	страны́	внутри 	
страны	страны́	внутрь 	
страны	страны́	волшебник 	 оз
страны	страны́	волшебной 	
страны	страны́	восток 	
страны	страны́	воюющей 	
страны	страны́	врагов 	
страны	страны́	вражеской 	
страны	страны́	всей 	
страны	страны́	героев 	
страны	страны́	глубине 	
страны	страны́	глубины 	
страны	страны́	головы и 	
страны	страны́	города 	
страны	страны́	города этой 	
страны	страны́	гостями 	
страны	страны́	границе 	
страны	страны́	дальней 	
страны	страны́	для 	
страны	страны́	другой 	
страны	страны́	за пределы 	
страны	страны́	законы 	
страны	страны́	закоулка 	
страны	страны́	защитником их 	
страны	страны́	земли 	
страны	страны́	из 	
страны	страны́	из дальней 	
страны	страны́	из этой, 	
страны	страны́	исполнители 	
страны	страны́	исполнители нашей 	
страны	страны́	каждой 	
страны	страны́	как 	 в том
страны	страны́	какой 	
страны	страны́	конкретной 	
страны	страны́	концов 	
страны	страны́	красоту 	
страны	страны́	лиц 	
страны	страны́	лица 	
страны	страны́	людей 	
страны	страны́	моей 	
страны	страны́	на границе 	
страны	страны́	нашей 	
страны	страны́	нет 	 детства
страны	страны́	обзор 	
страны	страны́	областях 	
страны	страны́	обширной 	
страны	страны́	одной 	
страны	страны́	остальной 	
страны	страны́	от 	
страны	страны́	печать 	
страны	страны́	площадях 	
страны	страны́	по приходам 	
страны	страны́	правители 	
страны	страны́	правопреемник 	
страны	страны́	пределами 	
страны	страны́	пределы 	
страны	страны́	процветания 	
страны	страны́	радостной 	
страны	страны́	разоритель 	
страны	страны́	родной 	
страны	страны́	с юга 	
страны	страны́	своей 	
страны	страны́	собственной 	
страны	страны́	солнечной 	
страны	страны́	соответствующей 	
страны	страны́	соседней 	
страны	страны́	столице 	
страны	страны́	судьба 	
страны	страны́	судьбы 	
страны	страны́	сыны 	
страны	страны́	твоей 	
страны	страны́	территории 	
страны	страны́	территории его 	
страны	страны́	тогдашней 	
страны	страны́	той 	
страны	страны́	уголков 	
страны	страны́	хозяйство 	
страны	страны́	центре 	
страны	страны́	часть 	
страны	страны́	частях 	
страны	страны́	человека или 	
страны	страны́	четыре 	
страны	страны́	чужой 	
страны	страны́	экономика 	
страны	страны́	экономике 	
страны	страны́	этой 	
страны	страны́	этой самой 	
страны	страны́	язык 	
страстная	страстна́я		 неделя
страстного	страстно́го		 креста
страстной	страстно́й		 крест
страстной	страстно́й		 неделе
страстной	страстно́й		 площади
страстную	страстну́ю		 неделю
стрекозы	стреко́зы	летают 	
стрекозы	стрекозы́	глазу 	
стрекозы	стрекозы́	крылья 	
стрекозы	стрекозы́	у 	
стрекозы	стрекозы́	четыре 	
стрелка	стре́лка		 в компасе
стрелка	стре́лка		 в крохотном окошке
стрелка	стре́лка		 в окошке
стрелка	стре́лка		 весов
стрелка	стре́лка		 гравиометра
стрелка	стре́лка		 действительно придерживалась
стрелка	стре́лка		 которого
стрелка	стре́лка		 на спидометре
стрелка	стре́лка		 на табличке
стрелка	стре́лка		 на циферблате
стрелка	стре́лка		 секундомера
стрелка	стре́лка		 спидометра
стрелка	стре́лка		 стояла
стрелка	стре́лка		 то знакомая
стрелка	стре́лка		 тоъ знакомая
стрелка	стре́лка		 уже далеко отошла
стрелка	стре́лка	а вот и 	
стрелка	стре́лка	белка 	
стрелка	стре́лка	вертелась 	
стрелка	стре́лка	вздрагивала 	
стрелка	стре́лка	вспыхнула 	
стрелка	стре́лка	часовая 	
стрелка	стре́лка	шкала и 	
стрелка	стрелка́		 из лука
стрелка	стрелка́	автоматического 	
стрелка	стрелка́	брат 	
стрелка	стрелка́	быстротой 	
стрелка	стрелка́	в 	
стрелка	стрелка́	в бою 	
стрелка	стрелка́	в засаде 	
стрелка	стрелка́	в углу 	
стрелка	стрелка́	вдоль 	
стрелка	стрелка́	вижу 	
стрелка	стрелка́	времена 	
стрелка	стрелка́	выражению лица 	
стрелка	стрелка́	вышибив 	
стрелка	стрелка́	голову 	
стрелка	стрелка́	горе 	
стрелка	стрелка́	грудь 	
стрелка	стрелка́	для 	
стрелка	стрелка́	допросил 	
стрелка	стрелка́	закалили 	
стрелка	стрелка́	заметил таки 	
стрелка	стрелка́	изображая 	
стрелка	стрелка́	ищите 	
стрелка	стрелка́	ката 	
стрелка	стрелка́	квалификация 	
стрелка	стрелка́	лица 	
стрелка	стрелка́	местонахождение 	
стрелка	стрелка́	на наличие 	
стрелка	стрелка́	навесом 	
стрелка	стрелка́	ноги 	
стрелка	стрелка́	позицию 	
стрелка	стрелка́	после 	
стрелка	стрелка́	предупреждала 	 о
стрелка	стрелка́	руки 	
стрелка	стрелка́	руки 	 тряслись
стрелка	стрелка́	сквозь 	
стрелка	стрелка́	тело 	
стрелка	стрелка́	три 	
стрелка	стрелка́	у 	
стрелка	стрелка́	убить 	
стрелка	стрелка́	умелого 	
стрелка	стрелка́	фигуру 	
стрелка	стрелка́	хорошего 	
стрелка	стрелка́	четыре 	
стрелкам	стре́лкам	загромыхали по 	
стрелкам	стре́лкам	по 	
стрелкам	стрелка́м		 построиться
стрелкам	стрелка́м		 прицелиться
стрелкам	стрелка́м	вольным 	
стрелкам	стрелка́м	метким 	
стрелками	стре́лками	белыми 	
стрелками	стре́лками	будильник со 	
стрелками	стре́лками	фосфоресцирующими 	
стрелками	стре́лками	цветами 	
стрелками	стре́лками	широкими 	
стрелками	стрелка́ми	меткими 	
стрелками	стрелка́ми	прицел обоими 	
стрелками	стрелка́ми	пятью 	
стрелками	стрелка́ми	со 	 на блокпосту
стрелках	стре́лках	вздрагивая на 	
стрелках	стре́лках	постукивая на 	
стрелке	стре́лке		 базар фильтровать
стрелке	стре́лке	к 	
стрелке	стре́лке	какой та 	
стрелке	стре́лке	на 	 не зашибут
стрелке	стре́лке	на 	 не хватает
стрелке	стре́лке	на 	 пришибут
стрелке	стре́лке	на последней 	
стрелке	стре́лке	на этой 	
стрелке	стре́лке	предстоящей 	
стрелке	стре́лке	сидели на 	
стрелке	стре́лке	фильтровать базар на 	
стрелке	стре́лке	часовой 	
стрелке	стрелке́	каком 	
стрелки	стре́лки		 давно отвалились
стрелки	стре́лки		 его часов
стрелки	стре́лки		 и прочие знаки
стрелки	стре́лки		 иглы
стрелки	стре́лки		 на глазах
стрелки	стре́лки		 на карманных часах
стрелки	стре́лки		 не переводи
стрелки	стре́лки		 не туда перевели
стрелки	стре́лки		 новеньких часов
стрелки	стре́лки		 прыгнули к нулю
стрелки	стре́лки		 с криминалом
стрелки	стре́лки		 стояли на нулях
стрелки	стре́лки		 часов
стрелки	стре́лки	в сторону 	
стрелки	стре́лки	вода у 	
стрелки	стре́лки	зазубренные костяные 	
стрелки	стре́лки	обе верхние 	
стрелки	стре́лки	перевели 	
стрелки	стре́лки	переводить 	
стрелки	стре́лки	по направлению 	
стрелки	стре́лки	прогладить 	
стрелки	стре́лки	пути, 	
стрелки	стре́лки	руки 	
стрелки	стре́лки	толстые 	
стрелки	стре́лки	фосфорические 	
стрелки	стре́лки	часовой 	
стрелки	стре́лки	эти 	 отсчитывают
стрелки	стрелки́		 были опутаны
стрелки	стрелки́		 ворчали
стрелки	стрелки́		 заняли позиции
стрелки	стрелки́		 из лука
стрелки	стрелки́		 к окнам
стрелки	стрелки́		 на стены
стрелки	стрелки́		 палили
стрелки	стрелки́		 по очереди
стрелки	стрелки́		 послушно взвели
стрелки	стрелки́		 уже бежали
стрелки	стрелки́	были 	
стрелки	стрелки́	в 	
стрелки	стрелки́	лучшие 	
стрелки	стрелки́	стрелок или 	
стрелки	стрелки́	эльфийские 	
стрелку	стре́лку		 между ними.
стрелку	стре́лку		 с ребятами
стрелку	стре́лку	вытрите 	
стрелку	стре́лку	перевести 	
стрелку	стре́лку	там 	 забила
стрелку	стре́лку	указующую 	
стрелку	стре́лку	часовую, 	
стрелку	стре́лку	чем покинуть 	
стрелку	стре́лку	эту 	
стрелку	стрелку́	давали 	
стрелку	стрелку́	жизни 	
стрелку	стрелку́	к 	
стрелку	стрелку́	наружу 	
стрелку	стрелку́	предложил 	
стрелок	стре́лок	без 	
стрелок	стре́лок	большая часть 	
стрелок	стре́лок	вместо 	
стрелок	стре́лок	вроде 	
стрелок	стре́лок	много 	
стрелок	стре́лок	филигрань 	
стрелок	стре́лок	часть 	
стрелок	стрело́к		 влепил
стрелок	стрело́к		 всадил
стрелок	стрело́к		 за блоками
стрелок	стрело́к		 засел
стрелок	стрело́к		 изначально
стрелок	стрело́к		 или стрелки
стрелок	стрело́к		 имел
стрелок	стрело́к		 находился
стрелок	стрело́к		 не добился
стрелок	стрело́к		 не решит
стрелок	стрело́к		 попал
стрелок	стрело́к		 попытался
стрелок	стрело́к		 реттиг
стрелок	стрело́к		 тут
стрелок	стрело́к		 тут же
стрелок	стрело́к	- а 	
стрелок	стрело́к	горе 	
стрелок	стрело́к	загадочный 	
стрелок	стрело́к	издалека 	
стрелок	стрело́к	кличке 	
стрелок	стрело́к	клонит 	
стрелок	стрело́к	левый 	
стрелок	стрело́к	лишь 	
стрелок	стрело́к	неведомый 	
стрелок	стрело́к	неопытный 	
стрелок	стрело́к	один 	
стрелок	стрело́к	опытный 	
стрелок	стрело́к	отличный 	
стрелок	стрело́к	первый 	
стрелок	стрело́к	переспросил 	
стрелок	стрело́к	плохой 	
стрелок	стрело́к	потому что 	 чаще всего
стрелок	стрело́к	правда, 	
стрелок	стрело́к	пробормотал 	
стрелок	стрело́к	проговорил 	
стрелок	стрело́к	рядовой 	
стрелок	стрело́к	сказал 	
стрелок	стрело́к	таинственный 	
стрелок	стрело́к	такой 	
стрелок	стрело́к	убрал 	
стрелок	стрело́к	что 	
стрелок	стрело́к	чтобы 	
стрелок	стрело́к	этот 	
стрелок	стрело́к	юный 	
стрелы	стре́лы		 дорог
стрелы	стре́лы		 и копья
стрелы	стре́лы		 и ножи
стрелы	стре́лы	а 	 -
стрелы	стре́лы	всаживаешь 	
стрелы	стре́лы	из колчана 	
стрелы	стре́лы	копья и 	
стрелы	стре́лы	лук и 	
стрелы	стре́лы	сокрушил он 	 лука
стрелы	стре́лы	цвета 	
стрелы	стре́лы	чтобы 	 выдернуть
стрелы	стре́лы	чтобы 	 вытащить
стрелы	стрелы́	без 	
стрелы	стрелы́	без его 	
стрелы	стрелы́	без их 	
стрелы	стрелы́	в виде 	
стрелы	стрелы́	возле 	
стрелы	стрелы́	возле его 	
стрелы	стрелы́	возле их 	
стрелы	стрелы́	выше 	
стрелы	стрелы́	выше его 	
стрелы	стрелы́	выше их 	
стрелы	стрелы́	две 	
стрелы	стрелы́	для 	
стрелы	стрелы́	для его 	
стрелы	стрелы́	для их 	
стрелы	стрелы́	до 	
стрелы	стрелы́	до его 	
стрелы	стрелы́	до их 	
стрелы	стрелы́	из 	
стрелы	стрелы́	из за 	
стрелы	стрелы́	из под 	
стрелы	стрелы́	конец 	
стрелы	стрелы́	коснулись 	
стрелы	стрелы́	кроме 	
стрелы	стрелы́	кроме его 	
стрелы	стрелы́	кроме их 	
стрелы	стрелы́	моей 	
стрелы	стрелы́	на кончике 	
стрелы	стрелы́	на наконечнике 	
стрелы	стрелы́	наконечник 	
стрелы	стрелы́	наконечника 	
стрелы	стрелы́	наконечником 	
стрелы	стрелы́	нет 	
стрелы	стрелы́	ни 	
стрелы	стрелы́	обе 	
стрелы	стрелы́	обе его 	
стрелы	стрелы́	обе их 	
стрелы	стрелы́	обе эти 	
стрелы	стрелы́	обломка 	
стрелы	стрелы́	обломке 	
стрелы	стрелы́	оперение 	
стрелы	стрелы́	оперенье 	
стрелы	стрелы́	от 	
стрелы	стрелы́	от его 	
стрелы	стрелы́	от их 	
стрелы	стрелы́	положение 	
стрелы	стрелы́	последней 	
стрелы	стрелы́	против 	
стрелы	стрелы́	против его 	
стрелы	стрелы́	против их 	
стрелы	стрелы́	с его 	
стрелы	стрелы́	с их 	
стрелы	стрелы́	своей 	
стрелы	стрелы́	со 	
стрелы	стрелы́	стержень 	
стрелы	стрелы́	три 	
стрелы	стрелы́	три его 	
стрелы	стрелы́	три мои 	
стрелы	стрелы́	у 	
стрелы	стрелы́	у его 	
стрелы	стрелы́	у их 	
стрелы	стрелы́	форму 	
стрелы	стрелы́	черенок 	
стрелы	стрелы́	четыре 	
стрелы	стрелы́	шальной 	
стрелы	стрелы́	этой 	
стрелы	стрелы́	яд 	
стрельбы	стре́льбы	передвижения, 	
стрельбы	стре́льбы	у нас 	
стрельбы	стрельбы́		 в
стрельбы	стрельбы́	без 	
стрельбы	стрельбы́	взрывов и 	
стрельбы	стрельбы́	вместо 	
стрельбы	стрельбы́	грохота 	
стрельбы	стрельбы́	для 	
стрельбы	стрельбы́	звуки 	
стрельбы	стрельбы́	звуков 	
стрельбы	стрельбы́	линию 	
стрельбы	стрельбы́	мастерской 	
стрельбы	стрельбы́	начала 	
стрельбы	стрельбы́	новой 	
стрельбы	стрельбы́	ответной 	
стрельбы	стрельбы́	плохой 	
стрельбы	стрельбы́	рикошетной 	
стрельбы	стрельбы́	ружейной 	
стрельбы	стрельбы́	с самого начала 	
стрельбы	стрельбы́	темп 	
стрельбы	стрельбы́	точности 	
стрельбы	стрельбы́	точность 	
стрельбы	стрельбы́	трудов, 	
стрельбы	стрельбы́	условиях 	
стрельбы	стрельбы́	четыре 	
строгая	строга́я		 ножи
строгая	строга́я		 ножом
строках	стро́ках		
строки	стро́ки	вспомнил 	
строки	стро́ки	письма прочитанные 	
строки	стро́ки	целуя 	
строки	стро́ки	эти 	
строки	строки́	бегущей 	
строки	строки́	глубину 	
строки	строки́	две 	
строки	строки́	две короткие 	
строки	строки́	ихней 	
строки	строки́	конец 	
строки	строки́	моей 	
строки	строки́	нашей 	
строки	строки́	от 	
строки	строки́	половина 	
строки	строки́	с той же 	
строки	строки́	своей 	
строки	строки́	твоей 	
строки	строки́	той 	
строки	строки́	три 	
строки	строки́	четыре 	
строки	строки́	чьей та 	
строки	строки́	этой 	
строфы	строфы́	каждой 	
струи	стру́и		 воды
струи	стру́и		 волос
струи	стру́и	били 	
струи	стру́и	водные 	
струи	стру́и	восходящие 	
струи	струи́	воздушной 	
струи	струи́	четыре 	
струны	стру́ны		 души
струны	стру́ны		 его души
струны	стру́ны		 их души
струны	струны́	две боковые 	
струны	струны́	лопнувшей 	
струны	струны́	моей 	
струны	струны́	третьей 	
струны	струны́	четыре 	
стужу	сту́жу	абсолютную 	
стужу	сту́жу	в 	
стужу	сту́жу	космическую 	
судим	суди́м	будет 	
судим	суди́м	был 	
судим	суди́м	он 	
судите	суди́те		 сами
судите	суди́те	его и 	
судите	суди́те	не 	
судьбы	су́дьбы		 людей
судьбы	су́дьбы		 страны
судьбы	су́дьбы	а 	 таких,
судьбы	су́дьбы	мои 	
судьбы	су́дьбы	наши 	
судьбы	су́дьбы	отдал бы 	
судьбы	су́дьбы	свои 	
судьбы	су́дьбы	твои 	
судьбы	су́дьбы	те 	
судьбы	су́дьбы	чьи та 	
судьбы	су́дьбы	чьи-то 	
судьбы	су́дьбы	эти 	
судьбы	судьбы́		 города
судьбы	судьбы́		 и чести
судьбы	судьбы́	баловнем 	
судьбы	судьбы́	баловни 	
судьбы	судьбы́	благословенной 	
судьбы	судьбы́	будущей 	
судьбы	судьбы́	в руках 	
судьбы	судьбы́	вашей 	
судьбы	судьбы́	велением 	
судьбы	судьбы́	велений 	
судьбы	судьбы́	вершителя 	
судьбы	судьбы́	весы 	
судьбы	судьбы́	ветру 	
судьбы	судьбы́	ветры 	
судьбы	судьбы́	водительство 	
судьбы	судьбы́	военной 	
судьбы	судьбы́	воле 	
судьбы	судьбы́	волей 	
судьбы	судьбы́	волею 	
судьбы	судьбы́	воля 	
судьбы	судьбы́	выбор 	
судьбы	судьбы́	глотка 	
судьбы	судьбы́	глоток 	
судьбы	судьбы́	дерева 	
судьбы	судьбы́	дурной 	
судьбы	судьбы́	его 	
судьбы	судьбы́	ирония 	
судьбы	судьбы́	колесо 	
судьбы	судьбы́	копье 	
судьбы	судьбы́	кости 	
судьбы	судьбы́	кругом 	
судьбы	судьбы́	неизвестной 	
судьбы	судьбы́	нитей 	
судьбы	судьбы́	нити 	
судьбы	судьбы́	нить 	
судьбы	судьбы́	нитями 	
судьбы	судьбы́	от 	
судьбы	судьбы́	планет 	
судьбы	судьбы́	планете 	
судьбы	судьбы́	планеты 	
судьбы	судьбы́	повороте 	
судьбы	судьбы́	позднейшей 	
судьбы	судьбы́	посредством 	
судьбы	судьбы́	произвол 	
судьбы	судьбы́	против 	
судьбы	судьбы́	разрешение 	
судьбы	судьбы́	рулевыми 	
судьбы	судьбы́	своей 	
судьбы	судьбы́	сеть 	
судьбы	судьбы́	скверной 	
судьбы	судьбы́	собственной 	
судьбы	судьбы́	становление 	
судьбы	судьбы́	существ 	
судьбы	судьбы́	существа 	
судьбы	судьбы́	такой 	
судьбы	судьбы́	тени 	
судьбы	судьбы́	той 	
судьбы	судьбы́	удар 	
судьбы	судьбы́	ударах 	
судьбы	судьбы́	удары 	
судьбы	судьбы́	ужасной 	
судьбы	судьбы́	узлы 	
судьбы	судьбы́	цепи 	
судьбы	судьбы́	цепь 	
судьбы	судьбы́	часть их 	
судьбы	судьбы́	человеческой 	
судьбы	судьбы́	четыре 	
судьи	су́дьи	а 	 кто?
судьи	су́дьи	не 	 и не палачи
судьи	су́дьи	сидели 	
судьи	судьи́	в зале 	
судьи	судьи́	вдоль 	
судьи	судьи́	главного 	
судьи	судьи́	должность 	
судьи	судьи́	любого 	
судьи	судьи́	мирового 	
судьи	судьи́	отличие 	 от
судьи	судьи́	решение 	
судьи	судьи́	роль 	
судьи	судьи́	справедливого 	
судьи	судьи́	у 	
судьи	судьи́	этого 	
судя	су́дя		 по
судя	су́дя		 по видимым
судя	су́дя		 по всему
судя	су́дя		 по запаху
судя	су́дя		 по моему
судя	су́дя		 по описаниям
судя	су́дя		 по тому
судя	су́дя		 по хлопку
судя	су́дя		 по этому
судя	су́дя	и 	 убит
сует	суе́т		а [homo] сует [/homo]
сует	суе́т		е [homo] сует [/homo]
сует	суё́т		 свой нос
суку	су́ку	его, 	
суку	су́ку	эту 	
суку	суку́		 повешенного
суку	суку́	высоком 	
суку	суку́	длинном 	
суку	суку́	толстом 	
сучка	су́чка	вероломная 	
сучка	су́чка	эта 	
сучка	сучка́	без 	
сучка	сучка́	вдоль 	
сучка	сучка́	как 	 хвостом
сучка	сучка́	ни 	
сучка	сучка́	с 	
сучке	су́чке	показалось 	
сучки	су́чки	этой 	
сучки	сучки́		 вместо рук
сучки	сучки́	ветки и 	
сучки	сучки́	всевозможные 	
сучки	сучки́	срезал все 	
сучки	сучки́	стесал все 	
сучку	су́чку	грязную 	
сучку	су́чку	эту 	
сучку	сучку́	к 	
суши	су́ши		 и воды
суши	су́ши		 и моря
суши	су́ши	в глубине 	
суши	су́ши	вглубь 	
суши	су́ши	воды и 	
суши	су́ши	до самой 	
суши	су́ши	животные 	
суши	су́ши	место 	 заняли
суши	су́ши	остальной 	
суши	су́ши	от 	
суши	су́ши	отрезки 	
суши	су́ши	площади 	
суши	су́ши	с 	
суши	су́ши	участками 	
суши	су́ши	участку 	
суши	суши́		 весла
сушу	су́шу	в 	
сушу	су́шу	на 	
сушу	сушу́		 руки
сушу	сушу́		 феном
схватите	схва́тите	вы его 	
схватите	схва́тите	вы не 	
схватите	схва́тите	если вы его 	
сходите	схо́дите		 с ума
сходите	сходи́те		 в
сходите	сходи́те		 за
сходите	сходи́те		 пожалуйста
сходите	сходи́те		 с
сходите	сходи́те	не 	 с
счастливо	сча́стливо	было 	
счастливо	сча́стливо	долго и 	
счастливо	сча́стливо	жили 	
счастливо	сча́стливо	очень 	
счастливо	сча́стливо	спокойно и 	
счастливо	сча́стливо	улыбнулась 	
счастливо	счастли́во		 оставаться
счастливо	счастли́во		 улыбается
счета	счета́		
счета	счета́	банковские 	
счета	счета́	в 	
счета	счета́	в порядок 	
счета	счета́	вам 	
счета	счета́	ваши 	
счета	счета́	через 	
счета	счета́	эти 	
счета	счё́та	банковского 	
счета	счё́та	без 	
счета	счё́та	в два 	
счета	счё́та	в три 	
счета	счё́та	два 	
счета	счё́та	номера 	
счета	счё́та	обратного 	
счета	счё́та	открытие 	
счета	счё́та	пополнившегося 	
счета	счё́та	с его 	
счета	счё́та	своего 	
счета	счё́та	со 	
счета	счё́та	состоянием 	
счета	счё́та	съем со 	
счета	счё́та	члена и 	
счету	счету́	высоком 	
счету	счету́	моем 	
счету	счету́	хорошем 	
счету	счё́ту		 двери
счету	счё́ту		 звезды
счету	счё́ту	без 	
счету	счё́ту	большому 	
счету	счё́ту	высшему 	
счету	счё́ту	по 	
счету	счё́ту	по большому 	
счету	счё́ту	со 	
счету	счё́ту	чтению и 	
съем	съе́м		 его
съем	съе́м		 свою
съем	съе́м		 что нибудь
съем	съе́м	если 	
съем	съе́м	не 	
съем	съе́м	сам 	
съем	съе́м	такие 	
съем	съе́м	тебя 	
съем	съё́м		 информации
съем	съё́м		 со счета
съем	съё́м	включая 	
сыновья	сыновья́	мои 	
сыра	сы́ра		 и хлеба
сыром	сы́ром	ветчиной и 	
сыром	сы́ром	колбасками, 	
сыром	сы́ром	мясом, 	
сыром	сы́ром	со ртом набитым 	
сыром	сы́ром	хлебом и 	
сыром	сы́ром	яйцами, 	
сыром	сыро́м		 ветру
сыром	сыро́м		 воздухе
сыром	сыро́м		 лесу
сыром	сыро́м		 подвале
сыром	сыро́м	в 	
тащите	та́щите	вы 	
тащите	тащи́те		 сюда
тащите	тащи́те	из вертушки 	
таю	та́ю	медленно 	
таю	таю́	не 	 зла
таю	таю́	не 	 обиды
тая	тая́		 гнев
тая	тая́	не 	 обмана
тверди	тве́рди		 силы
тверди	тве́рди	воды и 	
тверди	тве́рди	на 	
тверди	тве́рди	по 	
тверди	тверди́		, не [homo] тверди [/homo] себе
тела	те́ла		 души
тела	те́ла		 животного
тела	те́ла		 и духа
тела	те́ла		 и души
тела	те́ла		 кума
тела	те́ла		 не касались
тела	те́ла		 не нашли
тела	те́ла		 ядра
тела	те́ла	астрального 	
тела	те́ла	бегущего 	
тела	те́ла	бедного 	
тела	те́ла	без 	
тела	те́ла	безвольного 	
тела	те́ла	безднах 	
тела	те́ла	бездыханного 	
тела	те́ла	безжизненного 	
тела	те́ла	бесплотного 	
тела	те́ла	беспомощного 	
тела	те́ла	бессознательного 	
тела	те́ла	бесчувственного 	
тела	те́ла	бесчувственных 	
тела	те́ла	близость 	
тела	те́ла	болезни 	
тела	те́ла	болезнь 	
тела	те́ла	больного 	
тела	те́ла	большую часть 	
тела	те́ла	бренного 	
тела	те́ла	бьющихся 	
тела	те́ла	в доспехи 	
тела	те́ла	в отождествлении 	
тела	те́ла	важнее 	
тела	те́ла	вашего 	
тела	те́ла	вверенного человеку 	
тела	те́ла	вдоль 	
тела	те́ла	вдоль 	 руки
тела	те́ла	вес 	
тела	те́ла	веса 	
тела	те́ла	вещественного 	
тела	те́ла	вещественность 	
тела	те́ла	вне 	
тела	те́ла	вне 	 сестры
тела	те́ла	внутри 	
тела	те́ла	внутрь 	
тела	те́ла	возле 	
тела	те́ла	возраста 	
тела	те́ла	вокруг 	
тела	те́ла	волосатого 	
тела	те́ла	воскресшего 	
тела	те́ла	всего 	
тела	те́ла	всех тайн 	
тела	те́ла	выбора 	
тела	те́ла	выбором 	
тела	те́ла	вывозом 	
тела	те́ла	гармонии 	
тела	те́ла	гармонии 	 и души
тела	те́ла	гибкого 	
тела	те́ла	гигантского 	
тела	те́ла	головы и 	
тела	те́ла	грубо-вещественного 	
тела	те́ла	данного 	
тела	те́ла	движения 	
тела	те́ла	движениях 	
тела	те́ла	действие 	
тела	те́ла	действия 	
тела	те́ла	деятельность 	
тела	те́ла	длину 	
тела	те́ла	для 	
тела	те́ла	для 	 и души
тела	те́ла	для души и 	
тела	те́ла	другого 	
тела	те́ла	духа и 	
тела	те́ла	душа из 	
тела	те́ла	души и 	
тела	те́ла	его 	
тела	те́ла	женского 	
тела	те́ла	загниванию 	
тела	те́ла	закалка 	
тела	те́ла	закалке 	
тела	те́ла	здорового 	
тела	те́ла	земного 	
тела	те́ла	зрелого 	
тела	те́ла	зрения 	
тела	те́ла	из 	
тела	те́ла	из 	 земли
тела	те́ла	извлечению 	
тела	те́ла	изгибы 	
тела	те́ла	излучений 	
тела	те́ла	излучения 	
тела	те́ла	изменений 	
тела	те́ла	измученного 	
тела	те́ла	инстинктов 	
тела	те́ла	истинного 	
тела	те́ла	касается 	
тела	те́ла	конкретного 	
тела	те́ла	культуре 	
тела	те́ла	маленького 	
тела	те́ла	материнского 	
тела	те́ла	местах 	
тела	те́ла	место 	
тела	те́ла	мирового 	
тела	те́ла	могучего 	
тела	те́ла	моего 	
тела	те́ла	молодого 	
тела	те́ла	муки 	 и души
тела	те́ла	на осмотре 	
тела	те́ла	натирания 	
тела	те́ла	не чувствовал 	
тела	те́ла	небесного 	
тела	те́ла	неподвижных 	
тела	те́ла	нервы 	
тела	те́ла	нет 	
тела	те́ла	нет 	 - нет дела
тела	те́ла	нет 	 нет дела
тела	те́ла	оба 	
тела	те́ла	обезображенного 	
тела	те́ла	образование 	
тела	те́ла	одного 	
тела	те́ла	орган 	
тела	те́ла	органов 	
тела	те́ла	органы 	
тела	те́ла	освобождения 	
тела	те́ла	ослабление 	
тела	те́ла	ослаблению 	
тела	те́ла	ослабленного 	
тела	те́ла	оставленного 	
тела	те́ла	остатки 	
тела	те́ла	от 	
тела	те́ла	относительно 	
тела	те́ла	очищение 	
тела	те́ла	питания 	
тела	те́ла	плюхнувшегося на землю 	
тела	те́ла	повреждения 	
тела	те́ла	поддержанием 	
тела	те́ла	поддержания 	
тела	те́ла	поддерживает бодрость 	
тела	те́ла	поддерживает тонус 	
тела	те́ла	покрытого потом 	
тела	те́ла	покрытого рубцами 	
тела	те́ла	половину 	
тела	те́ла	посредством 	
тела	те́ла	потребностей 	
тела	те́ла	потребности 	
тела	те́ла	потребностью 	
тела	те́ла	потребностям 	
тела	те́ла	прадуховного 	
тела	те́ла	прежнего 	
тела	те́ла	привязанного к земле 	
тела	те́ла	прикрытия 	
тела	те́ла	пронзение 	
тела	те́ла	против 	 или души
тела	те́ла	развивающегося 	
тела	те́ла	развитие 	
тела	те́ла	развитию 	
тела	те́ла	развития 	
тела	те́ла	развитого 	
тела	те́ла	разложение 	
тела	те́ла	размер 	
тела	те́ла	размерами 	
тела	те́ла	размеров 	 и головы
тела	те́ла	размером 	
тела	те́ла	размеры 	
тела	те́ла	распад 	
тела	те́ла	распаде 	
тела	те́ла	расслаблении 	
тела	те́ла	расцвету 	
тела	те́ла	с 	
тела	те́ла	с лица и 	
тела	те́ла	с помощью 	
тела	те́ла	самого 	
тела	те́ла	своего 	
тела	те́ла	силы 	
тела	те́ла	сложению 	
тела	те́ла	собственного 	
тела	те́ла	совершенного 	
тела	те́ла	согбенного 	
тела	те́ла	созревания 	
тела	те́ла	состояние 	
тела	те́ла	состояния 	
тела	те́ла	сохранения 	
тела	те́ла	способности 	
тела	те́ла	средне-грубо-вещественного 	
тела	те́ла	становлению 	
тела	те́ла	стороной 	
тела	те́ла	сторону 	
тела	те́ла	страдание души или 	
тела	те́ла	структуру 	
тела	те́ла	судороги 	
тела	те́ла	такого 	
тела	те́ла	твоего 	
тела	те́ла	температура 	
тела	те́ла	температуре 	
тела	те́ла	теплом собственного 	
тела	те́ла	тонко-вещественного 	
тела	те́ла	точки 	
тела	те́ла	транспортирование 	
тела	те́ла	тяжести 	
тела	те́ла	тяжесть 	
тела	те́ла	у 	
тела	те́ла	укрепления 	
тела	те́ла	умирании 	
тела	те́ла	уплотнения 	
тела	те́ла	физического 	
тела	те́ла	форма 	
тела	те́ла	формами 	
тела	те́ла	форму 	
тела	те́ла	формы 	
тела	те́ла	функции 	
тела	те́ла	холодного 	
тела	те́ла	холодом 	
тела	те́ла	хрупкого 	
тела	те́ла	целителем 	
тела	те́ла	целитель 	
тела	те́ла	целостности 	
тела	те́ла	частей 	
тела	те́ла	части 	
тела	те́ла	части доспехов и 	
тела	те́ла	частице 	
тела	те́ла	частичку 	
тела	те́ла	часть 	
тела	те́ла	частями 	
тела	те́ла	частях 	
тела	те́ла	человеческих 	
тела	те́ла	человеческого 	
тела	те́ла	чем 	
тела	те́ла	четыре 	
тела	те́ла	чистого 	
тела	те́ла	членов 	
тела	те́ла	чувств 	
тела	те́ла	чудовищного 	
тела	те́ла	чужого 	
тела	те́ла	шампанского 	
тела	те́ла	этого 	
тела	те́ла	эфирнее 	
тела	те́ла	эфирно-вещественного 	
тела	те́ла	юного 	
тела	те́ла	языком 	
тела	тела́		 акул
тела	тела́		 бегущих
тела	тела́		 броненосцев опустились
тела	тела́		 в белых одеждах
тела	тела́		 вывозят
тела	тела́		 долговцев
тела	тела́		 живых существ
тела	тела́		 и головы
тела	тела́		 и лица
тела	тела́		 их
тела	тела́		 которых
тела	тела́		 лежат
тела	тела́		 монолитовцев
тела	тела́		 на борту
тела	тела́		 на плащи
тела	тела́		 настолько тонкие
тела	тела́		 наши
тела	тела́		 пассажиров
тела	тела́		 песчаных червей
тела	тела́		 погибших
тела	тела́		 покойных
тела	тела́		 покрыты
тела	тела́		 потом бродят
тела	тела́		 расстрелянных
тела	тела́		 рассыпались в прах
тела	тела́		 родителей
тела	тела́		 с зубастыми ртами
тела	тела́		 своих
тела	тела́		 сектора
тела	тела́		 сжигали
тела	тела́		 сомкнулись
тела	тела́		 сплетались
тела	тела́		 сталкеров
тела	тела́		 стражников
тела	тела́		 то мы нашли
тела	тела́		 тоъ мы нашли
тела	тела́		 убитых
тела	тела́		 чичатуков
тела	тела́		 членов экипажа
тела	тела́		 этих бродяг
тела	тела́	безвольные 	
тела	тела́	бледные 	
тела	тела́	будоражат его 	
тела	тела́	были 	
тела	тела́	в 	
тела	тела́	в лихорадке 	
тела	тела́	валялись 	
тела	тела́	ваши 	
тела	тела́	видел 	
тела	тела́	вовлекая 	
тела	тела́	воспринимаю вас как 	
тела	тела́	все 	
тела	тела́	где 	 могли бы
тела	тела́	другие 	
тела	тела́	дымящиеся 	
тела	тела́	забрали 	
тела	тела́	застыли 	
тела	тела́	и сами 	
тела	тела́	изгибаются 	
тела	тела́	изрешетили 	
тела	тела́	именно что 	
тела	тела́	ими 	
тела	тела́	исцеляет души и 	
тела	тела́	их 	
тела	тела́	их 	 и души
тела	тела́	их души и 	
тела	тела́	кругом 	
тела	тела́	лежали 	
тела	тела́	мелькали 	
тела	тела́	мои 	
тела	тела́	на 	
тела	тела́	на самом деле 	
тела	тела́	населяющих 	
тела	тела́	находили 	
тела	тела́	находились 	
тела	тела́	наши 	
тела	тела́	нашли 	
тела	тела́	не только 	
тела	тела́	не успевшие разложится, 	
тела	тела́	не успевшие разложиться, 	
тела	тела́	обнаружили 	
тела	тела́	обнаружит 	
тела	тела́	обобрали 	
тела	тела́	обследовал 	
тела	тела́	обшарил 	
тела	тела́	обыскать 	
тела	тела́	обыскивать 	
тела	тела́	она расписала 	
тела	тела́	оставляя 	
тела	тела́	отнести 	
тела	тела́	оттуда 	
тела	тела́	отчего 	 так
тела	тела́	перевозить 	
тела	тела́	переворачивая 	
тела	тела́	пожирала 	
тела	тела́	пожирая 	
тела	тела́	разбросаны 	
тела	тела́	раскроил 	
тела	тела́	распяты 	
тела	тела́	расчленить 	
тела	тела́	расчленял 	
тела	тела́	расчленяя 	
тела	тела́	расшвыривая 	
тела	тела́	сбитые у них 	
тела	тела́	свозили 	
тела	тела́	свои 	
тела	тела́	сдавила 	
тела	тела́	серые 	
тела	тела́	сквозь 	
тела	тела́	сконструировать 	
тела	тела́	смуглые 	
тела	тела́	спасаем души, а они 	
тела	тела́	спасаем души, они 	
тела	тела́	старые 	
тела	тела́	таскает 	
тела	тела́	таскать 	
тела	тела́	твои 	
тела	тела́	те 	
тела	тела́	торчали 	
тела	тела́	увидев 	
тела	тела́	унесли 	
тела	тела́	физические 	
тела	тела́	человек и его 	
тела	тела́	человеческие 	
тела	тела́	через 	
тела	тела́	чужие 	
тела	тела́	чьи 	
тела	тела́	чьи та 	
тела	тела́	шаровидные 	
тела	тела́	эти 	
тела	тела́	это 	
тельца	те́льца	беленького 	
тельца	те́льца	хрупкого 	
тельца	тельца́	в 	
тельца	тельца́	ваши 	
тельца	тельца́	золотого 	
тельца	тельца́	начиная от 	
тельца	тельца́	убил 	
тельца	тельца́	через 	
тельца	тельца́	эти 	
тельце	те́льце	его 	
тельце	те́льце	крохотное 	
тельце	те́льце	маленькое 	
тельце	те́льце	нежное 	
тельце	те́льце	повисшее 	
тельце	те́льце	развивающееся 	
тельце	тельце́	в 	
тельце	тельце́	солнце в 	
тельцу	те́льцу	по 	
тени	те́ни		
тени	те́ни		 грусти
тени	те́ни		 ноги
тени	те́ни		 судьбы
тени	те́ни	без 	
тени	те́ни	без 	 раскаяния
тени	те́ни	вгляделся в 	
тени	те́ни	глубокие 	
тени	те́ни	длинные 	
тени	те́ни	извилистые 	
тени	те́ни	крадущиеся 	
тени	те́ни	лежали 	
тени	те́ни	неясные 	
тени	те́ни	падали 	
тени	те́ни	пробегают 	
тени	те́ни	серые 	
тени	те́ни	страшные 	
тени	те́ни	трепещущие 	
тени	тени́		 борта
тени	тени́		 острова
тени	тени́	в 	
тени	тени́	в 	 берега
тени	тени́	в 	 дома
тени	тени́	в 	 леса
тени	тени́	в 	 ноги
тени	тени́	в 	 руки
тени	тени́	в 	 скалы
тени	тени́	в 	 стены
тени	тени́	в его 	
тени	тени́	в скудной 	
тени	тени́	в этой 	
тени	тени́	глубокой 	
тени	тени́	из 	
тени	тени́	стоит в 	
теням	теня́м		 ноги
тенях	теня́х		 ноги
тенях	теня́х	в 	
тенях	теня́х	в густых 	
тенях	теня́х	голубых 	
тенях	теня́х	длинных 	
тенях	теня́х	ночных 	
тенях	теня́х	резких 	
тенях	теня́х	ужасных 	
теплом	тепло́м		 своих тел
теплом	тепло́м		 собственного тела
теплом	тепло́м	вместе с 	
теплом	тепло́м	мешался с 	
теплом	тепло́м	наливаются 	
теплом	тепло́м	наполненная 	
теплом	тепло́м	наполнился 	
теплом	тепло́м	наполняется 	
теплом	тепло́м	обволакивающим его 	
теплом	тепло́м	поделиться 	
теплом	тепло́м	чужим 	
теплом	тё́плом		 душе
теплом	тё́плом		 краю
теплом	тё́плом	в 	
теплом	тё́плом	не то 	
теплом	тё́плом	не тоъ 	
теплом	тё́плом	этом 	
терема	те́рема	бревенчатые стены 	
терема	те́рема	высокого 	
терема	те́рема	до 	
терема	те́рема	добротного 	
терема	те́рема	за угол 	
терема	те́рема	затрещали стены 	
терема	те́рема	из 	
терема	те́рема	из за 	
терема	те́рема	к стене 	
терема	те́рема	крыльце 	
терема	те́рема	крыше 	
терема	те́рема	на крышу 	
терема	те́рема	над крышей 	
терема	те́рема	обежал вокруг 	
терема	те́рема	от 	 осталось
терема	те́рема	подвале 	
терема	те́рема	резного 	
терема	те́рема	стене 	
терема	те́рема	царского 	
терпим	те́рпим		 беды
терпим	те́рпим	долго 	
терпим	те́рпим	и ничего, 	
терпим	те́рпим	мы 	
терпим	терпи́м		 к
терпим	терпи́м	безмерно 	
терпим	терпи́м	был 	
терпим	терпи́м	обхождении 	
терпим	терпи́м	я 	
терпите	те́рпите	вы 	
терпите	те́рпите	вы же 	
терпите	те́рпите	если 	
терпите	те́рпите	не 	 над
терпите	те́рпите	это 	
тире	ти́ре	в 	
тире	тире́		 и точек
тире	тире́		 точка
тире	тире́	восемь 	
тире	тире́	точка 	
тире	тире́	точки 	
тире	тире́	три 	
тиши	тиши́	в 	
тиши	тиши́	в ночной 	
тиши	тиши́	ночной 	
току	току́	на 	
толпы	то́лпы		 людей
толпы	то́лпы		 народа
толпы	то́лпы		 тех
толпы	то́лпы		 трусов
толпы	то́лпы	атаковали 	
толпы	то́лпы	большие 	
толпы	то́лпы	в 	
толпы	то́лпы	ваши 	
толпы	то́лпы	вот 	
толпы	то́лпы	все 	
толпы	то́лпы	вспомнить 	
толпы	то́лпы	вспомнить хотя бы 	
толпы	то́лпы	всюду 	
толпы	то́лпы	да 	
толпы	то́лпы	ей 	
толпы	то́лпы	за 	
толпы	то́лпы	и 	 выстроившиеся
толпы	то́лпы	им 	
толпы	то́лпы	их 	
толпы	то́лпы	как 	
толпы	то́лпы	как 	 тех
толпы	то́лпы	когда 	 на
толпы	то́лпы	мои 	
толпы	то́лпы	на 	
толпы	то́лпы	на берег 	
толпы	то́лпы	нас ждут 	
толпы	то́лпы	наши 	
толпы	то́лпы	не заполонили 	
толпы	то́лпы	не сказать, чтобы 	
толпы	то́лпы	ней 	
толпы	то́лпы	ним 	
толпы	то́лпы	них 	
толпы	то́лпы	про 	
толпы	то́лпы	свои 	
толпы	то́лпы	сквозь 	
толпы	то́лпы	собой 	
толпы	то́лпы	стены и 	
толпы	то́лпы	сюда 	
толпы	то́лпы	там 	
толпы	то́лпы	твои 	
толпы	то́лпы	те 	
толпы	то́лпы	те же 	
толпы	то́лпы	туда 	
толпы	то́лпы	ходили 	
толпы	то́лпы	через 	
толпы	то́лпы	чьи 	
толпы	то́лпы	чьи та 	
толпы	то́лпы	эти 	
толпы	то́лпы	это 	
толпы	толпы́	аплодисменты 	
толпы	толпы́	арьергарде 	
толпы	толпы́	без 	
толпы	толпы́	бездумной 	
толпы	толпы́	безликой 	
толпы	толпы́	беснующейся 	
толпы	толпы́	беспечной 	
толпы	толпы́	бессмысленной 	
толпы	толпы́	бесчинстующей 	
толпы	толпы́	большой 	
толпы	толпы́	боязни 	
толпы	толпы́	буйствующей 	
толпы	толпы́	бурлящей 	
толпы	толпы́	в драку 	
толпы	толпы́	в окружении 	
толпы	толпы́	в середине 	
толпы	толпы́	в сознание 	
толпы	толпы́	вид 	
толпы	толпы́	власть 	
толпы	толпы́	внимание 	
толпы	толпы́	во власти 	
толпы	толпы́	возгласы 	
толпы	толпы́	вокруг 	
толпы	толпы́	вопли 	
толпы	толпы́	воплям 	
толпы	толпы́	восторг 	
толпы	толпы́	враждебность 	
толпы	толпы́	входа 	
толпы	толпы́	дыхание 	
толпы	толпы́	из 	
толпы	толпы́	из глубины 	
толпы	толпы́	колыхание 	
толпы	толпы́	краю 	
толпы	толпы́	крик 	
толпы	толпы́	крики 	
толпы	толпы́	людской 	
толпы	толпы́	на виду 	
толпы	толпы́	на глазах 	
толпы	толпы́	на месте 	
толпы	толпы́	над головами 	
толпы	толпы́	напряжение 	
толпы	толпы́	настроение 	
толпы	толпы́	не увидел 	
толпы	толпы́	нынешней 	
толпы	толпы́	огромной 	
толпы	толпы́	посреди 	
толпы	толпы́	рокот 	
толпы	толпы́	руки 	
толпы	толпы́	среди 	
толпы	толпы́	стоны 	
толпы	толпы́	улюлюканьем 	
толпы	толпы́	целой 	
толпы	толпы́	центре 	
толпы	толпы́	части 	
толпы	толпы́	часть 	
толпы	толпы́	частью 	
толпы	толпы́	человек 	
толпы	толпы́	человеком 	
толпы	толпы́	через головы 	
толпы	толпы́	четыре 	
толпы	толпы́	шум 	
толпы	толпы́	шума 	
толпы	толпы́	шуме 	
толпы	толпы́	шумной 	
толпы	толпы́	шумом 	
толпы	толпы́	этой 	
толстая	толста́я	людмила 	
толстой	то́лстой		 леди
толстой	то́лстой		 трубы
толстой	то́лстой		 цепи
толстой	то́лстой	отлитый из 	
толстой	толсто́й	лев 	
тома	то́ма	3 	
тома	то́ма	второго 	
тома	то́ма	два 	
тома	то́ма	дяди 	
тома	то́ма	первого 	
тома	то́ма	третьего 	
тома	то́ма	три 	
тома	то́ма	четыре 	
тома	тома́		 классиков
тома	тома́		 по медицине
тома	тома́	все 	
тома	тома́	изучал 	
тома	тома́	оберегает 	
тома	тома́	огромнейшие 	
тома	тома́	отведена под 	
тома	тома́	переписываемые 	
тома	тома́	целые 	
тона	то́на		 голоса
тона	то́на	грубого 	
тона	то́на	хорошего 	
тона	то́на	чистого 	
тона	тона́		
тона	тона́		 краски
тона	тона́	басовые 	
тона	тона́	в 	
тона	тона́	ваши 	
тона	тона́	высокие 	
тона	тона́	зеленоватые 	
тона	тона́	землистые 	
тона	тона́	изумрудные 	
тона	тона́	натянутые 	
тона	тона́	повышенные 	
тона	тона́	пурпурно лиловые 	
тона	тона́	светлые 	
тона	тона́	через 	
тона	тона́	эти 	
тона	тона́	яркие 	
тони	то́ни	задумчиво протянул 	
тони	то́ни	спроси 	
тони	то́ни	спроси у 	
тону	то́ну	озабоченному 	
тону	то́ну	по 	
тону	тону́		 в
тону	тону́	я 	
топи	то́пи	край 	
топи	то́пи	посреди 	
топи	то́пи	скалы возле 	
топи	топи́		 дворняг
топи	топи́	не 	
тополя	то́поля	дерева, 	
тополя	тополя́	ля ля 	
тормоза	то́рмоза	вдоль 	
тормоза	то́рмоза	вместо 	
тормоза	то́рмоза	ручку 	
тормоза	то́рмоза	ручного 	
тормоза	то́рмоза	стержень 	
тормоза	то́рмоза	четыре 	
тормоза	тормоза́	включил 	
тормоза	тормоза́	воздушные 	
тормоза	тормоза́	главные 	
тормоза	тормоза́	колеса и 	
тормоза	тормоза́	на 	
торопитесь	торо́питесь	всегда 	
торопитесь	торо́питесь	вы 	
торопитесь	торо́питесь	вы так 	
торопитесь	торо́питесь	что вы 	
торопитесь	торопи́тесь		 верить
торопитесь	торопи́тесь		 отказывать
травите	трави́те		 на
травите	трави́те	не 	 душу
травлю	тра́влю	открытую 	
травлю	травлю́		 анекдоты
травлю	травлю́		 сказки
травлю	травлю́		 я бесплатно
травлю	травлю́	байки я 	
травлю	травлю́	не 	
травы	тра́вы		 - мхам
травы	тра́вы	именно 	 были причиной того
травы	тра́вы	листья, 	
травы	тра́вы	не едите 	
травы	тра́вы	цветы и 	
травы	травы́		 - невысокой
травы	травы́		 вообще не было
травы	травы́		 и земли
травы	травы́		 и моря
травы	травы́		 и старых листьев
травы	травы́	акре 	
травы	травы́	аппетитной 	
травы	травы́	аромат 	
травы	травы́	без 	
травы	травы́	болезненной 	
травы	травы́	болотной 	
травы	травы́	больше 	
травы	травы́	бугорках 	
травы	травы́	верхушки 	
травы	травы́	веток и 	
травы	травы́	видами 	
травы	травы́	вместо 	
травы	травы́	воздействие 	
травы	травы́	волнах 	
травы	травы́	выгоревшей 	
травы	травы́	высокой 	
травы	травы́	две 	
травы	травы́	длинной 	
травы	травы́	до 	
травы	травы́	другой 	
травы	травы́	запаха 	
травы	травы́	заросли 	
травы	травы́	зарослях 	
травы	травы́	земли и 	
травы	травы́	иглы 	
травы	травы́	из 	
травы	травы́	ихней 	
травы	травы́	какой та 	
травы	травы́	клочьев 	
травы	травы́	кроме 	
травы	травы́	кромке 	
травы	травы́	кустик 	
травы	травы́	листьев 	
травы	травы́	метров 	
травы	травы́	много едят 	
травы	травы́	моей 	
травы	травы́	мокрой 	
травы	травы́	молодой 	
травы	травы́	на фоне 	
травы	травы́	нашей 	
травы	травы́	немного 	
травы	травы́	ни костей, ни 	
травы	травы́	ниже 	
травы	травы́	образ 	
травы	травы́	одной 	
травы	травы́	остатки 	
травы	травы́	от 	
травы	травы́	охапку 	
травы	травы́	по пояс, 	
травы	травы́	полоску 	
травы	травы́	поросль 	
травы	травы́	пучками 	
травы	травы́	пучке 	
травы	травы́	пучки 	
травы	травы́	пучков 	
травы	травы́	пучок 	
травы	травы́	пятнами 	
травы	травы́	роста 	
травы	травы́	ростки 	
травы	травы́	с 	
травы	травы́	своей 	
травы	травы́	семена 	
травы	травы́	смесь 	
травы	травы́	сорт 	
травы	травы́	старой 	
травы	травы́	стеблей 	
травы	травы́	стебли 	
травы	травы́	стебля 	
травы	травы́	стеблями 	
травы	травы́	стеблях 	
травы	травы́	стену 	
травы	травы́	стрижка 	
травы	травы́	стрижки 	
травы	травы́	сухой 	
травы	травы́	твоей 	
травы	травы́	тише воды ниже 	
травы	травы́	той 	
травы	травы́	три 	
травы	травы́	у 	
травы	травы́	участке 	
травы	травы́	участок 	
травы	травы́	царстве 	
травы	травы́	чаду 	
травы	травы́	четыре 	
травы	травы́	чьей та 	
травы	травы́	шелеста 	
травы	травы́	шелестом 	
травы	травы́	шуршание 	
травы	травы́	этой 	
травы	травы́	южной 	
трактора	тра́ктора	будка 	
трактора	тра́ктора	будке 	
трактора	тра́ктора	кабина 	
трактора	тра́ктора	кабины 	
трактора	трактора́	в 	
трактора	трактора́	ваши 	
трактора	трактора́	эти 	
треска	тре́ска		 выстрелов
трески	тре́ски	скрип и 	
трески	трески́		 и галет
трески	трески́		 и овцы
трески	трески́	печень 	
трески	трески́	порции 	
трески	трески́	у 	
треску	тре́ску	ворчанию и 	
треску	треску́	лобстеров, 	
трубы	тру́бы		 и барабаны
трубы	тру́бы		 мы нашли
трубы	тру́бы	арфы и 	
трубы	тру́бы	боевые 	
трубы	тру́бы	в 	
трубы	тру́бы	в 	 реки
трубы	тру́бы	вздымавшиеся в небо 	
трубы	тру́бы	воды и медные 	
трубы	тру́бы	дымовые 	
трубы	тру́бы	небо 	
трубы	тру́бы	пластмассовые 	
трубы	тру́бы	чинят 	
трубы	тру́бы	что 	 несутся
трубы	тру́бы	швеллера, или 	
трубы	тру́бы	эти 	
трубы	трубы́		 не будет
трубы	трубы́	бетонной 	
трубы	трубы́	боевой 	
трубы	трубы́	вдоль 	
трубы	трубы́	верхом 	
трубы	трубы́	вершине 	
трубы	трубы́	внутри 	
трубы	трубы́	водосточной 	
трубы	трубы́	возле 	
трубы	трубы́	две 	
трубы	трубы́	две высокие 	
трубы	трубы́	до конца 	
трубы	трубы́	дымовой 	
трубы	трубы́	звук 	
трубы	трубы́	звуках 	
трубы	трубы́	звучность 	
трубы	трубы́	зов 	
трубы	трубы́	зову 	
трубы	трубы́	из 	
трубы	трубы́	из за 	
трубы	трубы́	ихней 	
трубы	трубы́	к концу 	
трубы	трубы́	какой нибудь 	
трубы	трубы́	конец 	
трубы	трубы́	кончик 	
трубы	трубы́	края 	
трубы	трубы́	месте 	
трубы	трубы́	моей 	
трубы	трубы́	на дальнем конце 	
трубы	трубы́	на конце 	
трубы	трубы́	нашей 	
трубы	трубы́	около 	
трубы	трубы́	основание 	
трубы	трубы́	от 	
трубы	трубы́	поверхности 	
трубы	трубы́	подзорной 	
трубы	трубы́	посмотрел вдаль 	
трубы	трубы́	своей 	
трубы	трубы́	седьмой 	
трубы	трубы́	стен 	
трубы	трубы́	стены 	
трубы	трубы́	твоей 	
трубы	трубы́	той 	
трубы	трубы́	той же 	
трубы	трубы́	толстой 	
трубы	трубы́	треть 	
трубы	трубы́	три 	
трубы	трубы́	три вентиляционные 	
трубы	трубы́	форме 	
трубы	трубы́	цилиндрической 	
трубы	трубы́	часть 	
трубы	трубы́	черноту 	
трубы	трубы́	четыре 	
трубы	трубы́	что та вроде 	
трубы	трубы́	чьей та 	
трубы	трубы́	этой 	
трудитесь	труди́тесь	не 	
трудитесь	труди́тесь	не 	 продолжать
трудитесь	труди́тесь	сейчас 	
трусами	тру́сами		 и бесхребетниками
трусами	тру́сами		 и ворами
трусами	тру́сами		 и негодяями
трусами	тру́сами		 и подонками
трусами	тру́сами		 и слабаками
трусами	тру́сами		 их делает
трусами	тру́сами		 их делают
трусами	тру́сами		 нас делает
трусами	тру́сами		 нас делают
трусами	тру́сами		 они не были
трусами	тру́сами		 посмеет назвать
трусами	тру́сами	бесхребетниками и 	
трусами	тру́сами	видеть их 	
трусами	тру́сами	воюет с этими 	
трусами	тру́сами	всегда были 	
трусами	тру́сами	вырастут 	
трусами	тру́сами	грубияны должны быть 	
трусами	тру́сами	делает их 	
трусами	тру́сами	делает нас 	
трусами	тру́сами	делают их 	
трусами	тру́сами	делают нас 	
трусами	тру́сами	жалкими 	
трусами	тру́сами	из них были жалкими 	
трусами	тру́сами	мы стали 	
трусами	тру́сами	окажутся такими 	
трусами	тру́сами	они были 	
трусами	тру́сами	они стали 	
трусами	тру́сами	ославить вас 	
трусами	тру́сами	осторожными 	
трусами	тру́сами	пленных 	
трусами	тру́сами	подонками и 	
трусами	тру́сами	рождаются 	
трусами	тру́сами	слабаками и 	
трусами	тру́сами	становятся 	
трусами	тру́сами	считать 	
трусами	тру́сами	тоже не были 	
трусами	тру́сами	явно не были 	
трусах	труса́х	в 	
трусах	труса́х	в 	 сюда
трусах	труса́х	в одних 	
трусах	труса́х	запасных 	
трусах	труса́х	и в 	
трусах	труса́х	купальных 	
трусах	труса́х	куртке и 	
трусах	труса́х	майке и 	
трусах	труса́х	модных 	
трусах	труса́х	одних 	
трусах	труса́х	останусь в 	
трусах	труса́х	семейных 	
трусах	труса́х	только в 	
трусах	труса́х	цветастых 	
трусил	тру́сил		 перед дракой
трусил	тру́сил	явно 	
трусил	труси́л		 пепел
трусил	труси́л		 по
трусил	труси́л		 позади
трусил	труси́л		 рядом
трусил	труси́л	рядом 	
трусили	труси́ли		
трусили	труси́ли		 бок о
трусили	труси́ли		 следом
трусили	труси́ли	бодро 	
трусов	тру́сов		 здесь не уважают
трусов	тру́сов		 не уважают
трусов	тру́сов		 у нас не было
трусов	тру́сов		 у них не было
трусов	тру́сов	в 	
трусов	тру́сов	выгнал 	
трусов	тру́сов	за спинами 	
трусов	тру́сов	предателей и 	
трусов	тру́сов	слабаков и 	
трусов	тру́сов	толпы 	
трусов	трусо́в		 не обнаружу
трусов	трусо́в	без 	
трусов	трусо́в	до 	
трусов	трусо́в	кальсоны - 	
трусов	трусо́в	пары 	
трусов	трусо́в	поверх 	
трусов	трусо́в	хотя бы 	
трусов	трусо́в	часть 	
трусов	трусо́в	шоколадок и 	
трусы	тру́сы		 вы
трусы	тру́сы		 и лгуны
трусы	тру́сы		 и предатели
трусы	тру́сы		 и рубашку
трусы	тру́сы		 становятся смелыми
трусы	тру́сы	вы 	
трусы	тру́сы	вы будто 	
трусы	тру́сы	жалкие 	
трусы	тру́сы	мы 	
трусы	тру́сы	мы не 	
трусы	тру́сы	они 	
трусы	тру́сы	они не 	
трусы	тру́сы	поступают лишь 	
трусы	тру́сы	правда такие 	
трусы	тру́сы	проклятые 	
трусы	тру́сы	храбрецы и 	
трусы	трусы́		 бы натуральные
трусы	трусы́		 в крови
трусы	трусы́		 и майку
трусы	трусы́		 и носки
трусы	трусы́		 и плавки
трусы	трусы́		 из какого то
трусы	трусы́		 из какого тоъ
трусы	трусы́		 испортил
трусы	трусы́		 поддевать
трусы	трусы́		 с капюшоном
трусы	трусы́		 с пятнами
трусы	трусы́		 у него цвета
трусы	трусы́	а у немцев - 	
трусы	трусы́	баронские 	
трусы	трусы́	белые 	
трусы	трусы́	брошенные 	
трусы	трусы́	брюки и 	
трусы	трусы́	в 	
трусы	трусы́	в них 	
трусы	трусы́	взял 	
трусы	трусы́	выдали 	 из асбеста
трусы	трусы́	выдают им 	
трусы	трусы́	выдают нам 	
трусы	трусы́	выстирал 	
трусы	трусы́	достал почему то 	
трусы	трусы́	достал почему тоъ 	
трусы	трусы́	его 	
трусы	трусы́	если это 	 вашего
трусы	трусы́	забери 	
трусы	трусы́	закрытые 	
трусы	трусы́	запасные 	
трусы	трусы́	кепки, 	
трусы	трусы́	кожаные 	
трусы	трусы́	короткие 	
трусы	трусы́	майка, 	
трусы	трусы́	майку и 	
трусы	трусы́	марлевые 	
трусы	трусы́	на 	 лейблы
трусы	трусы́	на полу 	
трусы	трусы́	надев 	
трусы	трусы́	найти 	
трусы	трусы́	носить 	
трусы	трусы́	носки, 	
трусы	трусы́	о 	
трусы	трусы́	плавки и 	
трусы	трусы́	поддевать 	
трусы	трусы́	расписные 	
трусы	трусы́	розовые 	
трусы	трусы́	с себя 	
трусы	трусы́	самому 	 оставили
трусы	трусы́	свои 	
трусы	трусы́	свои грязные 	
трусы	трусы́	семейные 	
трусы	трусы́	синие 	
трусы	трусы́	солдатские 	
трусы	трусы́	спортивные 	
трусы	трусы́	стальные 	
трусы	трусы́	твои 	 вместе
трусы	трусы́	тенниска и 	
трусы	трусы́	тесные 	
трусы	трусы́	того же колера 	
трусы	трусы́	торчали 	
трусы	трусы́	тряпочки, 	
трусы	трусы́	фривольные 	
трусы	трусы́	халат и 	
трусы	трусы́	халаты и 	
трусы	трусы́	цветочками 	
трусы	трусы́	чтобы 	 не было видно
трусы	трусы́	это 	 какие то
трусы	трусы́	это 	 какие тоъ
трусы	трусы́	юбку, 	
туша	ту́ша		 побольше
туша	ту́ша		 поезда
туша	ту́ша		 свалилась
туша	ту́ша	угловатая 	
туша	туша́		 огонь
туши	ту́ши	бараньи 	
туши	ту́ши	буйволиные 	
туши	ту́ши	громоздкие 	
туши	ту́ши	на 	
туши	ту́ши	разрубили 	
туши	ту́ши	свежевали 	
туши	ту́ши	у 	
тушу	ту́шу	вонючую 	
тушу	ту́шу	освежуем 	
тушу	ту́шу	разодранную 	
тушу	ту́шу	серую 	
тушу	тушу́	я 	
тылу	ты́лу	с 	
тылу	тылу́	ближнем 	
тылу	тылу́	в 	
тюрьмы	тю́рьмы		 и лагеря
тюрьмы	тю́рьмы	мои 	
тюрьмы	тю́рьмы	наши 	
тюрьмы	тю́рьмы	свои 	
тюрьмы	тю́рьмы	твои 	
тюрьмы	тю́рьмы	те 	
тюрьмы	тю́рьмы	чьи та 	
тюрьмы	тю́рьмы	эти 	
тюрьмы	тюрьмы́		 как таковой
тюрьмы	тюрьмы́	брайтфортской 	
тюрьмы	тюрьмы́	в сторону 	
тюрьмы	тюрьмы́	внутри 	
тюрьмы	тюрьмы́	внутрь его 	
тюрьмы	тюрьмы́	ворота 	
тюрьмы	тюрьмы́	воротами 	
тюрьмы	тюрьмы́	директора 	
тюрьмы	тюрьмы́	до самой 	
тюрьмы	тюрьмы́	из 	
тюрьмы	тюрьмы́	мало тебе 	
тюрьмы	тюрьмы́	недра 	
тюрьмы	тюрьмы́	от сумы и от 	
тюрьмы	тюрьмы́	петли или 	
тюрьмы	тюрьмы́	повозле 	
тюрьмы	тюрьмы́	посещении 	
тюрьмы	тюрьмы́	со стороны 	
тюрьмы	тюрьмы́	ссылки, 	
тюрьмы	тюрьмы́	стен 	
тюрьмы	тюрьмы́	уровень 	
тюрьмы	тюрьмы́	федеральной 	
тюрьмы	тюрьмы́	хозяйской 	
тюрьмы	тюрьмы́	церковной 	
тюрьмы	тюрьмы́	четыре 	
тюрьмы	тюрьмы́	шредингеровской 	
тюрьмы	тюрьмы́	штурм 	
тюрьмы	тюрьмы́	штурме 	
тюрьмы	тюрьмы́	этаже 	
угли	у́гли	словно 	
удали	у́дали	боевой 	
удали	у́дали	молодецкой 	
удали	у́дали	признак 	
удали	у́дали	собственной 	
удержите	уде́ржите		
удержите	уде́ржите	не 	
удержу	у́держу		 не знаешь
удержу	у́держу	без 	
удержу	у́держу	не знал 	
удержу	у́держу	не зная 	
удержу	у́держу	ни в чем 	
удержу	у́держу	никакого 	
удержу	удержу́		
удила	удила́	закусив 	
удила	удила́	покусывавшими 	
узнаем	узна́ем	-да, мы 	
узнаем	узна́ем	а вот сейчас и 	
узнаем	узна́ем	вдруг да 	
узнаем	узна́ем	давай 	
узнаем	узна́ем	завалим, и 	
узнаем	узна́ем	как мы 	
узнаем	узна́ем	может тогда 	
узнаем	узна́ем	мы 	 лишь через
узнаем	узна́ем	мы и 	
узнаем	узна́ем	мы об этом 	
узнаем	узна́ем	мы сейчас это 	
узнаем	узна́ем	мы скоро 	
узнаем	узна́ем	не 	
узнаем	узна́ем	никогда не 	
узнаем	узна́ем	обязательно 	
узнаем	узна́ем	оденемся и 	
узнаем	узна́ем	сейчас и 	
узнаем	узна́ем	сейчас это 	
узнаем	узна́ем	скоро 	
узнаем	узна́ем	сразу же 	
узнаем	узна́ем	то 	
узнаем	узна́ем	тоъ 	
узнаем	узна́ем	через несколько секунд мы 	
узнаем	узна́ем	что мы 	
узнаем	узнаё́м	когда их 	
узнаем	узнаё́м	обычно мы 	
узнает	узна́ет		 - хана
узнает	узна́ет		 кого нибудь
узнает	узна́ет		 ответы на свои вопросы
узнает	узна́ет		 последние новости
узнает	узна́ет		 сейчас что то
узнает	узна́ет		 сейчас что тоъ
узнает	узна́ет	вдруг она 	
узнает	узна́ет	вот вот она 	
узнает	узна́ет	не 	 никогда
узнает	узна́ет	не 	 о
узнает	узна́ет	не 	 об
узнает	узна́ет	никто ведь не 	
узнает	узна́ет	никто из людей не 	
узнает	узна́ет	никто ничего не 	
узнает	узна́ет	обслуги тебя 	
узнает	узна́ет	он неожиданно 	
узнает	узна́ет	он так и не 	
узнает	узна́ет	она 	 сама
узнает	узна́ет	родная мать не 	
узнает	узна́ет	это 	
узнает	узна́ет	этого не 	
узнает	узна́ет	этой операции 	
узнает	узнаё́т	вообще 	
узнает	узнаё́т	делает вид, будто не 	
узнает	узнаё́т	он 	 эту
узнаете	узна́ете		 в свое
узнаете	узна́ете	вы 	
узнаете	узна́ете	вы сами 	
узнаете	узна́ете	что нибудь 	
узнаешь	узна́ешь		 горе
узнаешь	узна́ешь		 места, где
узнаешь	узна́ешь	-отведут наверх, 	
узнаешь	узна́ешь	его 	 сразу
узнаешь	узна́ешь	когда 	
узнаешь	узна́ешь	когда ты 	
узнаешь	узна́ешь	может, чего у них 	
узнаешь	узна́ешь	не 	
узнаешь	узна́ешь	не 	 и половины
узнаешь	узна́ешь	ни черта не 	
узнаешь	узна́ешь	никогда не 	
узнаешь	узна́ешь	об этом 	
узнаешь	узна́ешь	однажды ты 	
узнаешь	узна́ешь	погоди, вот 	
узнаешь	узна́ешь	попробуй - 	
узнаешь	узна́ешь	скоро 	
узнаешь	узна́ешь	скоро ты 	
узнаешь	узна́ешь	ты 	 свою мускулатуру
узнаешь	узна́ешь	ты сразу 	
узнаешь	узна́ешь	уже не 	
узнаешь	узна́ешь	это 	
узнаешь	узнаё́шь	даже не 	
узнаешь	узнаё́шь	не 	 меня
узнаю	узна́ю		 больше
узнаю	узна́ю		 его везде
узнаю	узна́ю		 как дела
узнаю	узна́ю		 ли я когда нибудь
узнаю	узна́ю		 об этом лишь когда
узнаю	узна́ю		 побольше
узнаю	узна́ю		 чего
узнаю	узна́ю	вдруг я 	
узнаю	узна́ю	войду и 	
узнаю	узна́ю	догребу - 	
узнаю	узна́ю	доживу - 	
узнаю	узна́ю	если я 	
узнаю	узна́ю	если я не 	
узнаю	узна́ю	как я 	
узнаю	узна́ю	когда нибудь 	
узнаю	узна́ю	когда нибудь не 	
узнаю	узна́ю	когда нибудь я 	
узнаю	узна́ю	на ощупь 	
узнаю	узна́ю	не 	 никогда
узнаю	узна́ю	не 	 ничего?
узнаю	узна́ю	не 	 правду
узнаю	узна́ю	не 	 этого никогда
узнаю	узна́ю	непременно 	
узнаю	узна́ю	никогда не 	
узнаю	узна́ю	об этом не 	
узнаю	узна́ю	побегу 	
узнаю	узна́ю	сейчас больше ничего не 	
узнаю	узна́ю	сразу его 	
узнаю	узна́ю	так никогда и не 	
узнаю	узна́ю	то даже не 	
узнаю	узна́ю	хотя бы 	
узнаю	узна́ю	что 	 об этом
узнаю	узна́ю	что 	 тебя
узнаю	узна́ю	что не 	
узнаю	узна́ю	что я 	
узнаю	узна́ю	этого не 	
узнаю	узна́ю	я 	 немного
узнаю	узна́ю	я 	 о
узнаю	узна́ю	я 	 точно
узнаю	узна́ю	я 	 у
узнаю	узна́ю	я их сразу 	
узнаю	узна́ю	я что нибудь 	
узнаю	узна́ю	я это 	 в
узнаю	узнаю́		 - сынок
узнаю	узнаю́		 внучка
узнаю	узнаю́		 голоса
узнаю	узнаю́		 его стиль
узнаю	узнаю́		 нашего дядюшку
узнаю	узнаю́		 почерк
узнаю	узнаю́		 родное!
узнаю	узнаю́		 чуть ли не последним
узнаю	узнаю́		, [homo] узнаю [/homo] ведь
узнаю	узнаю́	больше 	 вас
узнаю	узнаю́	вас не 	
узнаю	узнаю́	и 	 тебя
узнаю	узнаю́	и я 	
узнаю	узнаю́	и я 	 об этом
узнаю	узнаю́	места 	
узнаю	узнаю́	не 	 вас в
узнаю	узнаю́	ничего и не 	
узнаю	узнаю́	отчего я 	
узнаю	узнаю́	постоянно 	
узнаю	узнаю́	собственной шкуре 	
узнаю	узнаю́	теперь я вас 	
узнаю	узнаю́	теперь я тебя 	
узнаю	узнаю́	только сейчас 	
узнаю	узнаю́	трудом 	
узнаю	узнаю́	тут я 	
узнаю	узнаю́	чем больше я 	
узнаю	узнаю́	я 	 с
узнаю	узнаю́	я 	 тебя
узнаю	узнаю́	я 	 что то
узнаю	узнаю́	я 	 что тоъ
узнаю	узнаю́	я вдруг 	
узнаю	узнаю́	я не 	 тебя
узнаю	узнаю́	я тебя не 	
узнают	узнаю́т	животные не 	
узнают	узнаю́т	не 	 своих
уйму	уйму́		 дрожь
уйму	уйму́	не 	
уколов	уко́лов		 ноги
уколов	уко́лов	курс 	
уколов	уко́лов	много 	
уколов	уко́лов	от 	
уколов	уко́лов	пары тройки 	
уколов	уко́лов	тысячи 	
уколов	уколо́в		 его таким образом
уколов	уколо́в		 метя
уколов	уколо́в		 нас
уколов	уколо́в		 тебя
уколов	уколо́в	порезав или 	
уловим	улови́м	едва 	
уносите	уноси́те		 ноги
упаду	упа́ду	до 	
упустите	упу́стите	вы не 	
упустите	упу́стите	своего не 	
упустите	упусти́те	не 	
устали	у́стали	без 	
устали	у́стали	до 	
устали	у́стали	знают 	
устали	у́стали	и без 	
устали	у́стали	не знал 	
устали	у́стали	не знала 	
устали	у́стали	не зная 	
устали	у́стали	слезы без 	
устали	уста́ли		 и хотят
устали	уста́ли		 от
устали	уста́ли		 так
устали	уста́ли	вы 	
устали	уста́ли	здорово 	
устали	уста́ли	изнервничались и 	
устали	уста́ли	как они 	
устали	уста́ли	люди 	
устали	уста́ли	мужчины 	
устали	уста́ли	мы 	
устали	уста́ли	настолько 	
устали	уста́ли	не 	
устали	уста́ли	немного 	
устали	уста́ли	они 	
устали	уста́ли	очень 	
устали	уста́ли	слишком 	
устали	уста́ли	так 	
установите	устано́вите	если вы 	
установите	устано́вите	пока не 	
устою	устою́	не 	
уступите	усту́пите	ведь 	 даме,
утопал	уто́пал		 в глубь
утопал	уто́пал		 в недра
утопал	уто́пал		 вниз
утопал	уто́пал		 грузить
утопал	уто́пал		 к
утопал	уто́пал		 по
утопал	уто́пал	тяжело 	
утопал	утопа́л		 в
утопала	утопа́ла		 в
утопала	утопа́ла		 во мгле
утопала	утопа́ла		 во тьме
утопали	утопа́ли		 в
утопали	утопа́ли		 ноги
утопали	утопа́ли	ноги 	
утру	у́тру	этому 	
утру	утру́	завтрашнему 	
утру	утру́	к 	
утру	утру́	по 	
уха	у́ха	возле 	
уха	у́ха	возле его 	
уха	у́ха	у самого 	
уха	уха́	будет 	
уха	уха́	стерляжья 	
ухе	у́хе	в 	
ухе	у́хе	левом 	
ухе	у́хе	медвежьем 	
ухе	у́хе	него в 	
ухе	у́хе	правом 	
ухе	у́хе	серьгой в 	
ухе	ухе́		 вкус
ухе	ухе́	к 	
уходите	ухо́дите	вы 	
уходите	ухо́дите	вы не 	
уходите	ухо́дите	вы уже 	
уходите	ухо́дите	и 	 не
уходите	ухо́дите	почему же вы 	
уходите	уходи́те	а вы 	
уху	у́ху	враждебному 	
уху	у́ху	к 	
уху	у́ху	к 	 сестры
уху	у́ху	к самому 	
уху	у́ху	моему 	
уху	у́ху	неслышная 	
уху	уху́	в 	
уху	уху́	на 	
учите	у́чите	вы 	
учите	у́чите	чему 	
учите	у́чите	чему вы 	
учите	у́чите	что 	 меня
учитесь	у́читесь	быстро 	
учитесь	учи́тесь		 и созревайте
учитесь	учи́тесь	смотрите и 	
ушко	ушко́	угольное 	
флюгера	флюгера́		 ваши
флюгера	флюгера́		 наши
флюгера	флюгера́		 сами
флюгера	флюгера́	в 	
флюгера	флюгера́	ваши 	
флюгера	флюгера́	наши 	
флюгера	флюгера́	о 	
флюгера	флюгера́	об 	
флюгера	флюгера́	под 	
флюгера	флюгера́	покажи 	
флюгера	флюгера́	сами 	
флюгера	флюгера́	сквозь 	
флюгера	флюгера́	те 	
флюгера	флюгера́	убери 	
флюгера	флюгера́	эти 	
хана	ха́на	великого 	
хана	хана́		 вам
хана	хана́		 всем
хана	хана́		 всему
хана	хана́		 ей
хана	хана́		 ему
хана	хана́		 жучкам
хана	хана́		 им
хана	хана́		 красоте
хана	хана́		 мне
хана	хана́		 мне теперь
хана	хана́		 нам
хана	хана́		 настанет
хана	хана́		 пришла
хана	хана́		 тебе,
хана	хана́	будет 	
хана	хана́	вам 	
хана	хана́	всем 	
хана	хана́	всем и 	
хана	хана́	всему 	
хана	хана́	ей 	
хана	хана́	иначе - 	
хана	хана́	машине 	
хана	хана́	мне 	
хана	хана́	совсем 	
хана	хана́	тебе 	
хана	хана́	теперь 	
хана	хана́	узнает - 	
хана	хана́	что нам 	
характерные	хара́ктерные		 роли
характерные	характе́рные		 вибрации
характерные	характе́рные		 влияния
характерные	характе́рные		 для
характерные	характе́рные		 звуки
характерные	характе́рные		 контуры
характерные	характе́рные	эти 	
хвалите	хвали́те		 господа
хлеба	хле́ба		 и лука
хлеба	хле́ба		 пироги
хлеба	хле́ба		 соли
хлеба	хле́ба	ароматного 	
хлеба	хле́ба	без 	
хлеба	хле́ба	буханку 	
хлеба	хле́ба	вместо 	
хлеба	хле́ба	достойны 	
хлеба	хле́ба	жаждет 	
хлеба	хле́ба	из 	
хлеба	хле́ба	крошка 	
хлеба	хле́ба	кусками 	
хлеба	хле́ба	куски 	
хлеба	хле́ба	куском 	
хлеба	хле́ба	кусок 	
хлеба	хле́ба	кусочек 	
хлеба	хле́ба	немного 	
хлеба	хле́ба	ни воды, ни 	
хлеба	хле́ба	никакого 	
хлеба	хле́ба	от 	
хлеба	хле́ба	пайку 	
хлеба	хле́ба	раздаче 	
хлеба	хле́ба	рыбы, 	
хлеба	хле́ба	свежего 	
хлеба	хле́ба	сухого 	
хлеба	хле́ба	сыра и 	
хлеба	хлеба́		 ваши
хлеба	хлеба́		 наши
хлеба	хлеба́		 росли
хлеба	хлеба́		 сами
хлеба	хлеба́	в 	
хлеба	хлеба́	ваши 	
хлеба	хлеба́	вольные 	
хлеба	хлеба́	золотились 	
хлеба	хлеба́	косят 	
хлеба	хлеба́	через 	
хлеба	хлеба́	эти 	
хлева	хле́ва	запах 	
хлева	хлева́		
хлева	хлева́		 ваши
хлева	хлева́		 наши
хлева	хлева́		 сами
хлева	хлева́	в 	
хлева	хлева́	ваши 	
хлева	хлева́	наши 	
хлева	хлева́	о 	
хлева	хлева́	об 	
хлева	хлева́	окружали 	
хлева	хлева́	под 	
хлева	хлева́	сами 	
хлева	хлева́	сквозь 	
хлева	хлева́	те 	
хлева	хлева́	через 	
хлева	хлева́	эти 	
хлопка	хло́пка		 и шелка
хлопка	хло́пка	волокна 	
хлопка	хло́пка	выбеленного 	
хлопка	хло́пка	из 	
хлопка	хло́пка	льна, ни 	
хлопка	хло́пка	мастера 	
хлопка	хло́пка	чистого 	
хлопка	хлопка́		 по плечу
хлопка	хлопка́		 по спине
хлопка	хлопка́	дружеского 	
хлопка	хлопка́	очередного 	
хлопка	хлопка́	сильного 	
хлопка	хлопка́	слышал 	
хлопке	хло́пке	на 	
хлопке	хлопке́	при каждом 	
хлопком	хло́пком	ситуации с 	
хлопком	хло́пком	ситуация с 	
хлопком	хло́пком	торговец 	
хлопком	хло́пком	торговли 	
хлопком	хло́пком	торговля 	
хлопком	хлопко́м	громким 	
хлопком	хлопко́м	гулким 	
хлопком	хлопко́м	негромким 	
хлопку	хлопку́		 духовушки
хлопку	хлопку́	судя по 	
хлопок	хло́пок		 и виноград
хлопок	хло́пок		 коснулся кожи
хлопок	хло́пок		 собирать
хлопок	хло́пок	возделывать 	
хлопок	хло́пок	выращивать 	
хлопок	хло́пок	серый, 	
хлопок	хло́пок	чистый 	
хлопок	хлопо́к		 выстрела
хлопок	хлопо́к		 двери
хлопок	хлопо́к	громкий 	
хлопок	хлопо́к	гулкий 	
хлопок	хлопо́к	негромкий 	
хлопок	хлопо́к	непонятный 	
хлопок	хлопо́к	оглушительный 	
хлопок	хлопо́к	отрывистый 	
хлопок	хлопо́к	прозвучал 	
хлопок	хлопо́к	раздался 	
хлопок	хлопо́к	разорвал 	
хлопок	хлопо́к	удар, 	
ходите	хо́дите		 в
ходите	хо́дите		 вокруг
ходите	хо́дите		 вокруг да около
ходите	хо́дите	везде 	
ходите	хо́дите	вы 	
ходите	хо́дите	где вы 	
ходите	хо́дите	часто 	
ходите	хо́дите	что же вы не 	
ходите	ходи́те	на рейд не 	
ходите	ходи́те	не 	
ходу	ходу́	большом 	
ходу	ходу́	в 	
ходу	ходу́	на 	
ходу	ходу́	холостом 	
холода	хо́лода		 и боли
холода	хо́лода		 и ветра
холода	хо́лода		 и голода
холода	хо́лода		 и жары
холода	хо́лода		 и прочих
холода	хо́лода		 и скал
холода	хо́лода		 надышишься
холода	хо́лода		 не боюсь
холода	хо́лода		 нет
холода	хо́лода		 спала
холода	хо́лода		 точно не чувствовала
холода	хо́лода		 я не ощутил
холода	хо́лода	антарктического 	
холода	хо́лода	без 	
холода	хо́лода	боятся 	
холода	хо́лода	вечного 	
холода	хо́лода	волна 	
холода	хо́лода	волной 	
холода	хо́лода	волну 	
холода	хо́лода	волны 	
холода	хо́лода	голода, 	
холода	хо́лода	из за 	
холода	хо́лода	не знаем мы 	
холода	хо́лода	от 	
холода	хо́лода	от 	 слезы
холода	хо́лода	побольше 	 в
холода	хо́лода	страха, 	
холода	хо́лода	чувство 	
холода	хо́лода	чувствую 	
холода	хо́лода	этого 	
холода	холода́		 бывают
холода	холода́		 ваши
холода	холода́		 наши
холода	холода́		 не ударили
холода	холода́		 сами
холода	холода́	в 	
холода	холода́	ваши 	
холода	холода́	дожди и 	
холода	холода́	зимние 	
холода	холода́	могучие 	
холода	холода́	настанут 	
холода	холода́	наступили 	
холода	холода́	наступят 	
холода	холода́	стояли 	
холода	холода́	через 	
холода	холода́	эти 	
хороните	хоро́ните	как вы 	
хороните	хоро́ните	меня 	
хромом	хро́мом	и 	
хромом	хро́мом	лечение 	
хромом	хро́мом	покраска 	
хромом	хро́мом	с 	
хромом	хро́мом	сверкающий 	
хромом	хро́мом	сияющие 	
хромом	хромо́м		 человеке
худа	ху́да		 без добра
худа	ху́да		 не было
худа	ху́да	нет 	 без добра
худа	худа́	высока и 	
худа	худа́	до невозможности 	
хутора	ху́тора		 дорога
хутора	ху́тора	от деревни и 	
хутора	ху́тора	с 	
хутора	хутора́		 ваши
хутора	хутора́		 и деревни
хутора	хутора́		 и села
хутора	хутора́		 наши
хутора	хутора́		 сами
хутора	хутора́	в 	
хутора	хутора́	ваши 	
хутора	хутора́	села и 	
хутора	хутора́	фермы и 	
хутора	хутора́	через 	
хутора	хутора́	эти 	
цвета	цве́та		 антрацита
цвета	цве́та		 артериальной
цвета	цве́та		 берет
цвета	цве́та		 болотной
цвета	цве́та		 виски
цвета	цве́та		 волос
цвета	цве́та		 воронова
цвета	цве́та		 голубиной
цвета	цве́та		 голубого
цвета	цве́та		 грязного асфальта
цвета	цве́та		 дождливых
цвета	цве́та		 дубовой
цвета	цве́та		 железа
цвета	цве́та		 закатного
цвета	цве́та		 земли
цвета	цве́та		 и размеров
цвета	цве́та		 индиго
цвета	цве́та		 кардинальской
цвета	цве́та		 кожи
цвета	цве́та		 кофе
цвета	цве́та		 лазури
цвета	цве́та		 листвы
цвета	цве́та		 лица
цвета	цве́та		 меди
цвета	цве́та		 мокрого асфальта
цвета	цве́та		 молодой
цвета	цве́та		 морской
цвета	цве́та		 неба
цвета	цве́та		 огня
цвета	цве́та		 океанской
цвета	цве́та		 опавшей
цвета	цве́та		 песка
цвета	цве́та		 плавленного свинца
цвета	цве́та		 пожухшей
цвета	цве́та		 потолок
цвета	цве́та		 пурпурного
цвета	цве́та		 раздавленной
цвета	цве́та		 ранних
цвета	цве́та		 расплавленного
цвета	цве́та		 речного
цвета	цве́та		 светлого
цвета	цве́та		 серой
цвета	цве́та		 слоновой
цвета	цве́та		 солнца
цвета	цве́та		 спелой
цвета	цве́та		 стали
цвета	цве́та		 старого стекла
цвета	цве́та		 стены
цвета	цве́та		 стрелы
цвета	цве́та		 только
цвета	цве́та		 фиалок
цвета	цве́та		 хаки
цвета	цве́та		 шерсти
цвета	цве́та	багряно-лилового 	
цвета	цве́та	белого 	
цвета	цве́та	бирюзового 	
цвета	цве́та	бледно-розового 	
цвета	цве́та	брови 	
цвета	цве́та	бронзового 	
цвета	цве́та	был 	
цвета	цве́та	была 	
цвета	цве́та	были 	
цвета	цве́та	было 	
цвета	цве́та	вкуса и 	
цвета	цве́та	воздействие 	
цвета	цве́та	волос 	 воронова
цвета	цве́та	волосами 	
цвета	цве́та	волосы 	
цвета	цве́та	глаза 	
цвета	цве́та	глазами 	
цвета	цве́та	голубого 	
цвета	цве́та	два 	
цвета	цве́та	другого 	
цвета	цве́та	желтовато-коричневого 	
цвета	цве́та	земляного 	
цвета	цве́та	значение 	
цвета	цве́та	золотого 	
цвета	цве́та	из 	
цвета	цве́та	изменение 	
цвета	цве́та	каймой 	
цвета	цве́та	какого 	
цвета	цве́та	княжеского 	
цвета	цве́та	красно-коричневого 	
цвета	цве́та	красного 	
цвета	цве́та	кричащего 	
цвета	цве́та	лилового 	
цвета	цве́та	медного 	
цвета	цве́та	одежда 	
цвета	цве́та	одного 	
цвета	цве́та	она 	
цвета	цве́та	они 	
цвета	цве́та	от 	
цвета	цве́та	постоянного 	
цвета	цве́та	пряжкой 	
цвета	цве́та	различного 	
цвета	цве́та	разного 	
цвета	цве́та	розового 	
цвета	цве́та	свежего 	
цвета	цве́та	светло-бирюзового 	
цвета	цве́та	светло-голубого 	
цвета	цве́та	светло-коричневого 	
цвета	цве́та	свинцового 	
цвета	цве́та	связь 	
цвета	цве́та	сероватого 	
цвета	цве́та	синеватого 	
цвета	цве́та	синего 	
цвета	цве́та	стало уже 	
цвета	цве́та	стального 	
цвета	цве́та	такого же 	
цвета	цве́та	телесного 	
цвета	цве́та	того 	
цвета	цве́та	того же 	
цвета	цве́та	угольного 	
цвета	цве́та	фасона и 	
цвета	цве́та	фиолетового 	
цвета	цве́та	халате 	
цвета	цве́та	четыре 	
цвета	цве́та	чувство 	
цвета	цвета́		 - это
цвета	цвета́		 ауры
цвета	цвета́		 более
цвета	цвета́		 были
цвета	цвета́		 в порядке
цвета	цвета́		 ваши
цвета	цвета́		 дома
цвета	цвета́		 и оттенки
цвета	цвета́		 и формы
цвета	цвета́		 лучистые
цвета	цвета́		 наши
цвета	цвета́		 не [homo] цвета [/homo]
цвета	цвета́		 не смешались
цвета	цвета́		 отсутствовали
цвета	цвета́		 панталон
цвета	цвета́		 потускнели
цвета	цвета́		 различных мест
цвета	цвета́		 сами
цвета	цвета́		 сильнее
цвета	цвета́		 слишком кричащие
цвета	цвета́		 стали насыщеннее
цвета	цвета́		 энергии
цвета	цвета́		 это
цвета	цвета́	в 	
цвета	цвета́	ваши 	
цвета	цвета́	видеть 	
цвета	цвета́	возможные 	
цвета	цвета́	золотые 	
цвета	цвета́	искажал 	
цвета	цвета́	искажала 	
цвета	цвета́	искажало 	
цвета	цвета́	менял 	
цвета	цвета́	меняли 	
цвета	цвета́	мои 	
цвета	цвета́	наши 	
цвета	цвета́	не различаешь 	
цвета	цвета́	носите 	
цвета	цвета́	оранжевые 	
цвета	цвета́	показывает 	
цвета	цвета́	предметы и 	
цвета	цвета́	приобретает 	
цвета	цвета́	про человечьи 	
цвета	цвета́	различать 	
цвета	цвета́	свои 	
цвета	цвета́	твои 	
цвета	цвета́	те 	
цвета	цвета́	тебе 	
цвета	цвета́	увидеть 	
цвета	цвета́	через 	
цвета	цвета́	чьи та 	
цвета	цвета́	эти 	
цвета	цвета́	яркие 	
цвету	цвету́	в 	
цвету	цвету́	полном 	
целей	це́лей		 ордена
целей	це́лей		 экспедиции
целей	це́лей	меньше, чем 	
целей	целе́й		 будет
целей	целе́й		 будут
целей	целе́й	будет 	
целей	целе́й	был 	
целей	целе́й	были 	
целей	целе́й	было 	
целую	це́лую		 армию
целую	це́лую		 банду
целую	це́лую		 бурю
целую	це́лую		 вереницу
целую	це́лую		 вечность
целую	це́лую		 вселенную
целую	це́лую		 галерею
целую	це́лую		 гору
целую	це́лую		 группировку
целую	це́лую		 группу
целую	це́лую		 жизнь
целую	це́лую		 и невредимую
целую	це́лую		 книгу
целую	це́лую		 композицию
целую	це́лую		 кучу
целую	це́лую		 милю
целую	це́лую		 минуту
целую	це́лую		 неделю
целую	це́лую		 октаву
целую	це́лую		 охапку
целую	це́лую		 очередь
целую	це́лую		 палитру
целую	це́лую		 планету
целую	це́лую		 пригоршню
целую	це́лую		 программу
целую	це́лую		 секунду
целую	це́лую		 систему
целую	це́лую		 составляющую
целую	це́лую		 страницу
целую	це́лую		 тонну
целую	це́лую		 тысячу
целую	це́лую		 часть
целую	це́лую		 эпоху
целую	це́лую		 эскадрилью
целую	це́лую	абсолютно 	
целую	це́лую	взять 	
целую	це́лую	куда это я дела 	
целую	це́лую	на 	
целую	це́лую	одну 	 три десятых
целую	це́лую	одну 	 шестьдесят три
целую	це́лую	одну 	 шестьсот
целую	це́лую	победила 	
целую	це́лую	руки 	 кучу
целую	це́лую	руки 	 неделю
целую	це́лую	сожрали 	
целую	целу́ю		 в
целую	целу́ю		 в носик
целую	целу́ю		 вас
целую	целу́ю		 девочек
целую	целу́ю		 его
целую	целу́ю		 именно тебя
целую	целу́ю		 морскую
целую	целу́ю		 нежно
целую	целу́ю		 пыль
целую	целу́ю		 руки
целую	целу́ю		 ручку
целую	целу́ю		 тебя
целую	целу́ю	быстро 	
целую	целу́ю	вожделением 	
целую	целу́ю	нежно 	
целую	целу́ю	руки 	
цените	це́ните		 по
цените	це́ните	вы 	
цены	це́ны		 в
цены	це́ны		 вполне
цены	це́ны		 высокие
цены	це́ны		 за
цены	це́ны		 запредельные
цены	це́ны		 знал
цены	це́ны		 на
цены	це́ны		 на такие
цены	це́ны		 на услуги
цены	це́ны		 немилосердно
цены	це́ны		 постоянно
цены	це́ны		 страшно кусаются
цены	це́ны	ассортимент и 	
цены	це́ны	ваши 	
цены	це́ны	взвентить 	
цены	це́ны	видно 	
цены	це́ны	вот это 	
цены	це́ны	мои 	
цены	це́ны	наши 	
цены	це́ны	отчего 	
цены	це́ны	свои 	
цены	це́ны	твои 	
цены	це́ны	те 	
цены	це́ны	удержать 	
цены	це́ны	чьи та 	
цены	це́ны	эти 	
цены	цены́		 б ему
цены	цены́		 бы ей
цены	цены́		 бы заклинанию
цены	цены́		 бы им не было
цены	цены́		 бы нам не было
цены	цены́		 бы не было
цены	цены́		 бы таким
цены	цены́		 бы этим
цены	цены́		 ей не будет
цены	цены́		 ей нет
цены	цены́		 ему не было
цены	цены́		 железа
цены	цены́		 им нет
цены	цены́		 мне не будет
цены	цены́		 не будет
цены	цены́		 не было
цены	цены́		 нет
цены	цены́		 стоит
цены	цены́		 твоему
цены	цены́		 тебе не будет
цены	цены́	были ниже 	
цены	цены́	вместо 	
цены	цены́	вопрос 	
цены	цены́	всей 	
цены	цены́	выше 	 хозяев
цены	цены́	красоты и 	
цены	цены́	минимальной 	
цены	цены́	от продажной 	
цены	цены́	хорошей 	
цены	цены́	четверть 	
цены	цены́	четыре 	
цепи	це́пи		 делать
цепи	це́пи		 и чаши
цепи	це́пи		 слишком сильны
цепи	це́пи		 судьбы
цепи	це́пи	винты и 	
цепи	це́пи	включать одни 	
цепи	це́пи	внутренние 	
цепи	це́пи	вспомогательные 	
цепи	це́пи	замки и 	
цепи	це́пи	разворачиваемся в 	
цепи	це́пи	разные 	
цепи	це́пи	разорвать 	
цепи	це́пи	раскидывая 	
цепи	це́пи	свисали 	
цепи	це́пи	скобы и 	
цепи	цепи́	в 	
цепи	цепи́	в 	 провокаций
цепи	цепи́	в 	 развития
цепи	цепи́	в 	 страшных
цепи	цепи́	вдоль 	
цепи	цепи́	вес 	
цепи	цепи́	виде 	
цепи	цепи́	горной 	
цепи	цепи́	две 	
цепи	цепи́	две 	 с замками
цепи	цепи́	держаться в 	
цепи	цепи́	звеном в 	
цепи	цепи́	звеньям 	
цепи	цепи́	золотой 	
цепи	цепи́	ихней 	
цепи	цепи́	к 	
цепи	цепи́	крепость 	
цепи	цепи́	маленькой 	
цепи	цепи́	моей 	
цепи	цепи́	на 	
цепи	цепи́	нашей 	
цепи	цепи́	он на 	
цепи	цепи́	по 	
цепи	цепи́	пробел в 	
цепи	цепи́	с 	
цепи	цепи́	своей 	
цепи	цепи́	твоей 	
цепи	цепи́	той 	
цепи	цепи́	толстой 	
цепи	цепи́	три 	
цепи	цепи́	финал 	
цепи	цепи́	центре 	
цепи	цепи́	четыре 	
цепи	цепи́	чьей та 	
цепи	цепи́	этой 	
цеха	це́ха	ближнего 	
цеха	це́ха	воротам 	
цеха	це́ха	двери 	
цеха	це́ха	мастера 	
цеха	це́ха	начала 	
цеха	це́ха	окна 	
цеха	це́ха	стены 	
цеха	це́ха	что то вроде 	
цеха	це́ха	что тоъ вроде 	
цеха	цеха́		 ваши
цеха	цеха́		 и лаборатории
цеха	цеха́		 наши
цеха	цеха́		 сами
цеха	цеха́	в 	
цеха	цеха́	ваши 	
цеха	цеха́	корпуса и 	
цеха	цеха́	леса и 	
цеха	цеха́	на 	
цеха	цеха́	стены и 	
цеха	цеха́	фабричные 	
цеха	цеха́	через 	
цеха	цеха́	эти 	
цеху	це́ху	досками 	
цеху	цеху́	в 	
цеху	цеху́	каком 	
цеху	цеху́	одном 	
цеху	цеху́	самом 	
чаек	ча́ек		 и ворон
чаек	ча́ек	видел же 	
чаек	ча́ек	вопли 	
чаек	ча́ек	вроде 	
чаек	ча́ек	гигантских 	
чаек	ча́ек	крабов, 	
чаек	ча́ек	крики 	
чаек	ча́ек	криков 	
чаек	ча́ек	отряд 	
чаек	чаё́к		 был
чаек	чаё́к		 готов
чаек	чаё́к		 любите
чаек	чаё́к		 попьем
чаек	чаё́к		 себе заваривал
чаек	чаё́к	бутерброды и тии 	
чаек	чаё́к	готов 	
чаек	чаё́к	заварился 	
чаек	чаё́к	попьем 	
чаек	чаё́к	тот 	
чайку	чайку́		 -
чайку	чайку́		 врежем
чайку	чайку́		 попьем
чайку	чайку́		 предложить
чайку	чайку́		 приготовил
чайку	чайку́		 принесут
чайку	чайку́		 сделаете
чайку	чайку́	вдоль 	
чайку	чайку́	горячего 	
чайку	чайку́	завари 	
чайку	чайку́	заварит 	
чайку	чайку́	заварю 	
чайку	чайку́	ка 	
чайку	чайку́	налью 	
чайку	чайку́	не 	 с
чайку	чайку́	попьем 	
чайку	чайку́	попью 	
чайку	чайку́	хлебну 	
часа	ча́са		 девятого
часа	ча́са		 икс
часа	ча́са		 не проходит
часа	ча́са		 пик
часа	ча́са	ближайшего 	
часа	ча́са	более 	
часа	ча́са	больше 	
часа	ча́са	в течение 	
часа	ча́са	в течении 	
часа	ча́са	выдержала бы и 	
часа	ча́са	даже 	
часа	ча́са	девятого 	
часа	ча́са	до 	
часа	ча́са	до какого 	
часа	ча́са	дождаться 	
часа	ча́са	дожидаться 	
часа	ча́са	дожидаются 	
часа	ча́са	дожидаясь 	
часа	ча́са	дольше 	
часа	ча́са	ждут 	
часа	ча́са	же 	
часа	ча́са	заняло и 	
часа	ча́са	и 	
часа	ча́са	менее 	
часа	ча́са	меньше 	
часа	ча́са	не минет и 	
часа	ча́са	не прошло и 	
часа	ча́са	ни 	
часа	ча́са	одиннадцатого 	
часа	ча́са	одного 	
часа	ча́са	ожидании 	
часа	ча́са	ожидают 	
часа	ча́са	около 	
часа	ча́са	около десятого 	
часа	ча́са	около третьего 	
часа	ча́са	около шестого 	
часа	ча́са	остаток 	
часа	ча́са	от 	 сего
часа	ча́са	первого 	
часа	ча́са	порядка 	
часа	ча́са	после 	
часа	ча́са	почти 	
часа	ча́са	пределах 	
часа	ча́са	предутреннего 	
часа	ча́са	раннего 	
часа	ча́са	своего 	
часа	ча́са	стоит четверть 	
часа	ча́са	такого 	
часа	ча́са	твоего 	
часа	ча́са	течение 	
часа	ча́са	течении 	
часа	ча́са	того 	
часа	ча́са	хватало 	
часа	ча́са	целого 	
часа	ча́са	час от 	
часа	ча́са	четверти 	
часа	ча́са	четверть 	
часа	ча́са	этого 	
часа	часа́		 в два утра
часа	часа́		 в сутки
часа	часа́		 в три утра
часа	часа́		 в четыре
часа	часа́		 в четыре утра
часа	часа́		 два
часа	часа́		 за
часа	часа́		 лету
часа	часа́		 полтора
часа	часа́		 стоим
часа	часа́		 три
часа	часа́		 утра
часа	часа́		 через
часа	часа́		 через два
часа	часа́		 через три
часа	часа́		 четыре
часа	часа́	в 	
часа	часа́	всего 	
часа	часа́	два 	
часа	часа́	его 	
часа	часа́	полтора 	 лету
часа	часа́	пришлось 	 два
часа	часа́	прошло 	 четыре
часа	часа́	три 	
часа	часа́	через 	
часа	часа́	через два 	
часа	часа́	через три 	
часа	часа́	четыре 	
частоты	часто́ты		 ваши
частоты	часто́ты		 и шифры
частоты	часто́ты		 наши
частоты	часто́ты		 сами
частоты	часто́ты		 связи дал
частоты	часто́ты		 согласовали
частоты	часто́ты		 экстренной
частоты	часто́ты		 ядра
частоты	часто́ты	а как же 	
частоты	часто́ты	в 	
частоты	часто́ты	ваши 	
частоты	часто́ты	звуки в 	
частоты	часто́ты	использовать 	
частоты	часто́ты	менял 	
частоты	часто́ты	некоторые 	
частоты	часто́ты	сверхзвуковые 	
частоты	часто́ты	свободные 	
частоты	часто́ты	такие 	
частоты	часто́ты	через 	
частоты	часто́ты	энергии и 	
частоты	часто́ты	эти 	
частоты	частоты́	выбора 	
частоты	частоты́	ультравысокой 	
часу	ча́су	более 	
часу	ча́су	от 	
часу	ча́су	стоят по 	
часу	ча́су	час от 	
часу	ча́су	этому 	
часу	часу́		 вечера
часу	часу́		 утра
часу	часу́	в 	
часу	часу́	в котором 	
часу	часу́	в первом 	
часу	часу́	двенадцатом 	
часу	часу́	третьем 	
часу	часу́	этом 	
чека	че́ка	безотзывных 	
чека	че́ка	товарного 	
чека	чека́	со словом 	
чеки	чеки́	без 	
чеки	чеки́	боевые 	
чеки	чеки́	кольцо 	
чеки	чеки́	предохранительные 	
чеку	че́ку	написанному 	
чеку	че́ку	по 	
чеку	чеку́		 взрывателя
чеку	чеку́		 выдернул
чеку	чеку́		 выдернуть
чеку	чеку́		 гранат
чеку	чеку́		 гранаты
чеку	чеку́	в руке 	
чеку	чеку́	выдернув 	
чеку	чеку́	выдернув напоследок 	
чеку	чеку́	выдернул 	
чеку	чеку́	выдернуть 	
чеку	чеку́	вырвал 	
чеку	чеку́	вырвать 	
чеку	чеку́	вырви 	
чеку	чеку́	вытащил 	
чеку	чеку́	давай 	
чеку	чеку́	до упора 	
чеку	чеку́	на 	
чеку	чеку́	на место 	
чеку	чеку́	показываю 	
чеку	чеку́	сорвал 	
чеку	чеку́	сорвать 	
чеку	чеку́	упора 	
чем	че́м		
чем	че́м		 большим
чем	че́м		 больших
чем	че́м		 в
чем	че́м		 то и
чем	че́м		 тоъ и
чем	че́м		-либо
чем	че́м		-нибудь
чем	че́м		-то
чем	че́м	большая 	
чем	че́м	большая, 	
чем	че́м	большие, 	
чем	че́м	большим 	
чем	че́м	большим, 	
чем	че́м	больших, 	
чем	че́м	и 	 большими
чем	че́м	или 	 то
чем	че́м	или 	 тоъ
чем	че́м	лучше, 	 то
чем	че́м	лучше, 	 тоъ
чем	че́м	не в 	
чем	че́м	не на 	
чем	че́м	не о 	
чем	че́м	не об 	
чем	че́м	он 	 то
чем	че́м	он 	 тоъ
чем	че́м	с 	 пироги
чем	че́м	с 	 то
чем	че́м	с 	 тоъ
чем	че́м	удивительнее, 	 то
чем	че́м	удивительнее, 	 тоъ
чем	че́м	является 	-то большим
чем	чё́м		 нибудь другом
чем	чё́м		 то другом
чем	чё́м		 тоъ другом
чем	чё́м		-нибудь другом
чем	чё́м	в 	
чем	чё́м	в 	 был
чем	чё́м	в 	 в [homo] чем [/homo]
чем	чё́м	в 	 вы имеете
чем	чё́м	в 	 дело
чем	чё́м	в 	 дело мастер
чем	чё́м	в 	 другом
чем	чё́м	в 	 заключалась
чем	чё́м	в 	 недостаток
чем	чё́м	в 	 нибудь
чем	чё́м	в 	 они
чем	чё́м	в 	 тут дело
чем	чё́м	в 	-нибудь
чем	чё́м	в 	-то
чем	чё́м	как ни в 	 не бывало
чем	чё́м	кое в 	
чем	чё́м	мало в 	
чем	чё́м	на 	
чем	чё́м	на 	 та
чем	чё́м	на 	 то
чем	чё́м	на 	 тоъ
чем	чё́м	на 	-нибудь
чем	чё́м	на 	-то
чем	чё́м	не о 	 другом
чем	чё́м	ни в 	
чем	чё́м	ни в 	 удержу
чем	чё́м	ни при 	
чем	чё́м	о 	
чем	чё́м	о 	 здесь звезды
чем	чё́м	о 	 нибудь другом
чем	чё́м	о 	 поешь
чем	чё́м	о 	 позднее
чем	чё́м	о 	 стоит
чем	чё́м	о 	 то другом
чем	чё́м	о 	 тоъ другом
чем	чё́м	о 	-нибудь
чем	чё́м	о 	-нибудь другом
чем	чё́м	о 	-то
чем	чё́м	о кое 	 другом
чем	чё́м	об 	
чем	чё́м	об 	-нибудь
чем	чё́м	об 	-то
чем	чё́м	по 	
чем	чё́м	по 	 тут
чем	чё́м	по 	-нибудь
чем	чё́м	по 	-то
чем	чё́м	при 	
чем	чё́м	при 	 здесь звезды
чем	чё́м	при 	 здесь это
чем	чё́м	при 	 здесь я
чем	чё́м	при 	 села
чем	чё́м	сообразил в 	 дело
чем	чё́м	уж в 	 в [homo] чем [/homo]
чем	чё́м	что по 	
черепа	че́репа		 великана
черепа	че́репа		 и многих
черепа	че́репа		 и позвоночника
черепа	че́репа		 у них не было
черепа	че́репа	банда 	
черепа	че́репа	банду 	
черепа	че́репа	банды 	
черепа	че́репа	без 	
черепа	че́репа	беспредела 	
черепа	че́репа	бизоньего 	
черепа	че́репа	братом 	
черепа	че́репа	бритого 	
черепа	че́репа	вдоль 	
черепа	че́репа	виде 	
черепа	че́репа	владелец 	
черепа	че́репа	вовнутрь 	
черепа	че́репа	вокруг 	
черепа	че́репа	глаза 	
черепа	че́репа	глазницы 	
черепа	че́репа	головорезами 	
черепа	че́репа	головорезы 	
черепа	че́репа	группировка 	
черепа	че́репа	группу 	
черепа	че́репа	два 	
черепа	че́репа	до самого 	
черепа	че́репа	долговца ренегата 	
черепа	че́репа	доля 	
черепа	че́репа	из 	
черепа	че́репа	изображение 	
черепа	че́репа	костей 	
черепа	че́репа	кости 	
черепа	че́репа	костям 	
черепа	че́репа	макушку 	
черепа	че́репа	милость 	
черепа	че́репа	нападок 	
черепа	че́репа	осколками пластика и 	
черепа	че́репа	основание 	
черепа	че́репа	от 	
черепа	че́репа	отвратительного 	
черепа	че́репа	погибель 	
черепа	че́репа	половина 	
черепа	че́репа	половину 	
черепа	че́репа	половины 	
черепа	че́репа	полуразбитого 	
черепа	че́репа	почерневшего 	
черепа	че́репа	ребят 	
черепа	че́репа	самой верхушке 	
черепа	че́репа	смерти 	
черепа	че́репа	со стороны 	
черепа	че́репа	стенки 	
черепа	че́репа	строение 	
черепа	че́репа	строении 	
черепа	че́репа	терпение 	
черепа	че́репа	травму 	
черепа	че́репа	устранения 	
черепа	че́репа	форма 	
черепа	че́репа	форму 	
черепа	че́репа	части 	
черепа	че́репа	часть 	
черепа	че́репа	человеческих 	
черепа	че́репа	человеческого 	
черепа	че́репа	четыре 	
черепа	че́репа	чудовищного 	
черепа	черепа́		 же!
черепа	черепа́		 заполнены
черепа	черепа́		 и кости
черепа	черепа́		 каких то
черепа	черепа́		 каких тоъ
черепа	черепа́		 мутантов
черепа	черепа́		 у них
черепа	черепа́	бы 	
черепа	черепа́	были 	
черепа	черепа́	возьму 	
черепа	черепа́	вскрывать 	
черепа	черепа́	кости и 	
черепа	черепа́	откатывала в сторону 	
черепа	черепа́	те 	
черепа	черепа́	через 	
черепа	черепа́	шлемы и 	
черта	черта́		 лица
черта	черта́		 то
черта	черта́		 тоъ
черта	черта́		 характера
черта	черта́	важная 	
черта	черта́	каждая 	 его
черта	черта́	не 	 не
черта	черта́	ни 	 не узнаешь
черта	черта́	характерная 	
черта	черта́	эта 	
черта	чё́рта		 им лысого
черта	чё́рта		 лысого
черта	чё́рта		 мы так быстро
черта	чё́рта		 с два
черта	чё́рта	в 	
черта	чё́рта	воспринимать 	
черта	чё́рта	вспоминал 	
черта	чё́рта	вспоминала 	
черта	чё́рта	вспомни 	
черта	чё́рта	вспомнил 	
черта	чё́рта	вспомнила 	
черта	чё́рта	вспомнили 	
черта	чё́рта	вспугнул 	
черта	чё́рта	вспугнула 	
черта	чё́рта	вспугнули 	
черта	чё́рта	вызвал 	
черта	чё́рта	до 	
черта	чё́рта	за 	
черта	чё́рта	как 	
черта	чё́рта	какого 	
черта	чё́рта	какого же 	
черта	чё́рта	ни бога, ни 	
черта	чё́рта	ни в бога, ни в 	
черта	чё́рта	от 	
черта	чё́рта	с 	
черта	чё́рта	самого 	
черта	чё́рта	старого 	
черта	чё́рта	у 	
черта	чё́рта	у 	 на куличках
черта	чё́рта	хуже 	
черте	черте́		 города
черте	черте́	в 	 города
черте	черте́	в 	 не
черте	чё́рте		 кем
черте	чё́рте		 чем
черте	чё́рте		 что
черте	чё́рте	в 	 кого
черте	чё́рте	о 	
черти	че́рти		 бы их драли
черти	че́рти		 в аду
черти	че́рти		 выходили
черти	че́рти		 косолапые
черти	че́рти		 несли
черти	че́рти		 носят
черти	че́рти		 плясали
черти	че́рти	вот 	
черти	че́рти	где тебя 	 носят
черти	че́рти	маленькие 	
черти	че́рти	огненные 	
черти	че́рти	те 	
черти	че́рти	эти 	
черти	черти́		 давай
черти	черти́		 ножом
черту	черту́		 города
черту	черту́	за 	 города
черту	черту́	через 	
черту	черту́	эту 	
черту	чё́рту		 душу
черту	чё́рту		 на рога
черту	чё́рту	вернула 	 сапоги
черту	чё́рту	глядя вслед 	
черту	чё́рту	к 	
черту	чё́рту	какая к 	
черту	чё́рту	поведала задумчиво 	
черту	чё́рту	протянула 	
черту	чё́рту	самому 	
черту	чё́рту	сопевшему над моим плечом 	
черту	чё́рту	хоть 	
честной	че́стной		 игре
честной	че́стной		 перед самой собой
честной	че́стной	быть 	
честной	честно́й		 компании
честном	честно́м		 народе
числа	чи́сла		 и слова
числа	чи́сла		 из
числа	чи́сла		 поразительные
числа	чи́сла		 убывают
числа	чи́сла		 эти
числа	чи́сла	были не просто 	
числа	чи́сла	были просто 	
числа	чи́сла	в 	
числа	чи́сла	его 	
числа	чи́сла	исходят 	
числа	чи́сла	мои 	
числа	чи́сла	наши 	
числа	чи́сла	свои 	
числа	чи́сла	слова и 	
числа	чи́сла	твои 	
числа	чи́сла	те 	
числа	чи́сла	чьи та 	
числа	чи́сла	эти 	
числа	числа́		 клиентов
числа	числа́		 месяца
числа	числа́		 позывного
числа	числа́		 тех
числа	числа́	без 	
числа	числа́	большего 	
числа	числа́	большого 	
числа	числа́	вдоль 	
числа	числа́	восемнадцатого 	
числа	числа́	восьмого 	
числа	числа́	второго 	
числа	числа́	вычисление 	
числа	числа́	вычисления 	
числа	числа́	два 	
числа	числа́	двадцатого 	
числа	числа́	двенадцатого 	
числа	числа́	девятнадцатого 	
числа	числа́	девятого 	
числа	числа́	десятого 	
числа	числа́	значительного 	
числа	числа́	из 	
числа	числа́	из их 	
числа	числа́	малого 	
числа	числа́	не было 	
числа	числа́	небольшого 	
числа	числа́	нет 	
числа	числа́	огромного 	
числа	числа́	одиннадцатого 	
числа	числа́	первого 	
числа	числа́	против 	 приказанного
числа	числа́	пятнадцатого 	
числа	числа́	пятого 	
числа	числа́	растущего 	
числа	числа́	рода и 	
числа	числа́	рост 	
числа	числа́	роста 	
числа	числа́	седьмого 	
числа	числа́	семнадцатого 	
числа	числа́	сечение 	
числа	числа́	третьего 	
числа	числа́	три 	
числа	числа́	тридцатого 	
числа	числа́	тринадцатого 	
числа	числа́	увеличение 	
числа	числа́	четыре 	
числа	числа́	четырнадцатого 	
числа	числа́	шестнадцатого 	
числа	числа́	шестого 	
чудно	чудно́	выглядит как нибудь 	
чудно	чудно́	как та 	
чудной	чу́дной		 милости
чудной	чудно́й		 господин
чудной	чудно́й		 у тебя
чудной	чудно́й		 шрам
чудной	чудно́й	вид у него был 	
чуток	чу́ток	более 	
чуток	чу́ток	был 	
чуток	чу́ток	войне 	
чуток	чу́ток	тревожен и 	
чуток	чуто́к		 больше
чуток	чуто́к		 бы
чуток	чуто́к		 меньше
чуток	чуто́к		 отстали
чуток	чуто́к		 переборщили
чуток	чуто́к		 поломался
чуток	чуто́к		 получше
чуток	чуто́к		 поэксперементировав
чуток	чуто́к		 снарядить
чуток	чуто́к	ей 	
чуток	чуто́к	обожди 	
чуток	чуто́к	перебрали 	
чуток	чуто́к	передохнем 	
чуток	чуто́к	передохну 	
чуток	чуто́к	погоди 	
чуток	чуто́к	погодит 	
чуток	чуто́к	погодить 	
чуток	чуто́к	подожди 	
чуток	чуто́к	посидеть 	
чуток	чуто́к	прихватил 	
чуток	чуто́к	согрею его 	
чуток	чуто́к	хоть 	
шагу	ша́гу	ни 	
шагу	ша́гу	прибавил 	
шагу	шагу́	в 	
шагу	шагу́	каждом 	
шагу	шагу́	на каждом 	
шали	ша́ли	мятые 	
шали	шали́	не 	
шевелит	шеве́лит		
шевелится	шеве́лится		
шерсти	ше́рсти	блеск 	
шерсти	ше́рсти	великолепной 	
шерсти	ше́рсти	вылинявшей 	
шерсти	ше́рсти	именно 	
шерсти	ше́рсти	качеством 	
шерсти	ше́рсти	колючей 	
шерсти	ше́рсти	комочками 	
шерсти	ше́рсти	рыжей 	
шерсти	ше́рсти	старой 	
шерсти	ше́рсти	цвета 	
широты	широты́		 и долготы
широты	широты́	всей 	
широты	широты́	градусов 	
широты	широты́	от 	
широты	широты́	параллели 	
широты	широты́	северной 	
шкафу	шка́фу	всему 	
шкафу	шка́фу	встроенному 	
шкафу	шка́фу	высокому 	
шкафу	шка́фу	к 	
шкафу	шка́фу	к стенному 	
шкафу	шка́фу	книжному 	
шкафу	шка́фу	платяному 	
шкафу	шка́фу	подошла к 	
шкафу	шкафу́		 стоят
шкафу	шкафу́	в 	
шкафу	шкафу́	в его 	
шкафу	шкафу́	в ее 	
шкафу	шкафу́	в стене 	
шкафу	шкафу́	к своему 	
шлепки	шлепки́		 по
шлепки	шлепки́	удары и 	
шторма	што́рма		 не было
шторма	што́рма	бури или 	
шторма	што́рма	время 	
шторма	што́рма	духа 	
шторма	што́рма	против 	
шторма	што́рма	страшного 	
шторма	шторма́		 ваши
шторма	шторма́		 начинаются
шторма	шторма́		 наши
шторма	шторма́		 сами
шторма	шторма́	в 	
шторма	шторма́	ваши 	
шторма	шторма́	грозные 	
шторма	шторма́	через 	
шторма	шторма́	эти 	
шутите	шу́тите	вы 	
шутите	шу́тите	вы не 	
щеки	щеки́		 хлынула
щеки	щеки́	возле 	
щеки	щеки́	горячей 	
щеки	щеки́	до его 	
щеки	щеки́	моей 	
щеки	щеки́	морщинистой 	
щеки	щеки́	оснулась 	
щеки	щеки́	со 	
щеки	щеки́	четыре 	
щеки	щё́ки		 белые
щеки	щё́ки		 ввалились
щеки	щё́ки		 горят
щеки	щё́ки		 директора покрылись
щеки	щё́ки		 заливает
щеки	щё́ки		 залил
щеки	щё́ки		 запали
щеки	щё́ки		 и брови
щеки	щё́ки		 и верхнюю губу
щеки	щё́ки		 и глаза
щеки	щё́ки		 и горло
щеки	щё́ки		 и губы
щеки	щё́ки		 и лоб
щеки	щё́ки		 и нос
щеки	щё́ки		 и подбородок
щеки	щё́ки		 и уши
щеки	щё́ки		 и челюсти
щеки	щё́ки		 и шею
щеки	щё́ки		 и шея
щеки	щё́ки		 на плечах
щеки	щё́ки		 надувать
щеки	щё́ки		 окрасил
щеки	щё́ки		 пекло
щеки	щё́ки		 пеплом
щеки	щё́ки		 полыхали
щеки	щё́ки		 приобрели
щеки	щё́ки		 пучишь
щеки	щё́ки		 пылали
щеки	щё́ки		 розы
щеки	щё́ки		 сплющивало
щеки	щё́ки		 то
щеки	щё́ки		 тоъ
щеки	щё́ки	в 	
щеки	щё́ки	все 	
щеки	щё́ки	вытерев 	
щеки	щё́ки	губы и 	
щеки	щё́ки	защищали губы и 	
щеки	щё́ки	мясистые 	
щеки	щё́ки	на его 	
щеки	щё́ки	надув 	
щеки	щё́ки	от которой 	
щеки	щё́ки	от слез 	
щеки	щё́ки	отчего его 	
щеки	щё́ки	поглаживал 	
щеки	щё́ки	порозовели 	
щеки	щё́ки	приподнимала 	
щеки	щё́ки	пухлые 	
щеки	щё́ки	раздувать 	
щеки	щё́ки	руки и 	
щеки	щё́ки	смуглые 	
щеки	щё́ки	чем краснее 	
щеки	щё́ки	что 	
щели	ще́ли	через 	 между досками на небо
юга	ю́га		 и севера
юга	ю́га	бойцы 	
юга	ю́га	и 	
юга	ю́га	с 	
юга	ю́га	с 	 страны
юга	ю́га	солнцем 	
юга	юга́	всякие 	
юга	юга́	на 	
юга	юга́	не 	
юнкера	юнкера́		 артиллеристы
яви	я́ви	мир 	
яви	я́ви	миров 	
яви	я́ви	сна и 	
яви	яви́		 милосердие
яви	яви́		 нам величие
яви	яви́		 нам милость
яви	яви́		 святую силу
яви	яви́		 слугам твоим
явитесь	я́витесь	вы 	
явитесь	я́витесь	не 	
ядра	я́дра		 и рой
ядра	я́дра		 которых
ядра	я́дра	болты и 	
ядра	ядра́		 планеты
ядра	ядра́	в небе 	
ядра	ядра́	вдоль 	
ядра	ядра́	внутреннего 	
ядра	ядра́	вокруг 	
ядра	ядра́	глубинного 	
ядра	ядра́	духовно-сущностного 	
ядра	ядра́	духовного 	
ядра	ядра́	живого 	
ядра	ядра́	из 	
ядра	ядра́	качестве 	
ядра	ядра́	лучистого 	
ядра	ядра́	объем 	
ядра	ядра́	основного 	
ядра	ядра́	охраняемого 	
ядра	ядра́	расщепление 	
ядра	ядра́	самодвижущегося 	
ядра	ядра́	составе 	
ядра	ядра́	сущностного 	
ядра	ядра́	тела 	
ядра	ядра́	того 	
ядра	ядра́	частоты 	
ядра	ядра́	четыре 	
ядра	ядра́	эфирного 	
яйца	я́йца		 готовить
яйца	я́йца		 и
яйца	я́йца		 курицу
яйца	я́йца		 массировать
яйца	я́йца		 отрезать
яйца	я́йца		 пропадают
яйца	я́йца		 птиц
яйца	я́йца		 чесать
яйца	я́йца	бекон и 	
яйца	я́йца	взбивая 	
яйца	я́йца	все 	
яйца	я́йца	молоко, 	
яйца	я́йца	не стоит все 	
яйца	я́йца	отрезать 	
яйца	яйца́		 вскрылась
яйца	яйца́		 выеденного
яйца	яйца́		 вылупилась
яйца	яйца́		 вылупился
яйца	яйца́		 давленого
яйца	яйца́		 нет
яйца	яйца́	без 	
яйца	яйца́	в виде 	
яйца	яйца́	вдоль 	
яйца	яйца́	внутри 	
яйца	яйца́	выеденного 	
яйца	яйца́	два 	
яйца	яйца́	два раздавленных 	
яйца	яйца́	из 	
яйца	яйца́	из каждого 	
яйца	яйца́	ихнего 	
яйца	яйца́	моего 	
яйца	яйца́	нашего 	
яйца	яйца́	остатки 	
яйца	яйца́	своего 	
яйца	яйца́	скорлупе 	
яйца	яйца́	скорлупу 	
яйца	яйца́	стоит выеденного 	
яйца	яйца́	твоего 	
яйца	яйца́	три 	
яйца	яйца́	у 	
яйца	яйца́	четыре 	
яйца	яйца́	чьего та 	
яйца	яйца́	этого 	
якоря	я́коря	на манер 	
якоря	я́коря	оба носовых 	
якоря	я́коря	с 	
якоря	якоря́		 ваши
якоря	якоря́		 наши
якоря	якоря́	бросил 	
якоря	якоря́	ледовые 	
полка	полка́	из 	
полка	полка́	для 	
полка	полка́	до 	
полка	полка́	у 	
полка	полка́	от 	
полка	полка́	без 	
полка	полка́	около 	
полка	полка́	возле 	
полка	полка́	командир 	
полка	полка́	командира 	
полка	полка́	штаб 	
полка	полка́	знамя 	
полка	полка́	офицер 	
полка	полка́	офицеры 	
полка	полка́	солдаты 	
полка	полка́	солдат 	
